capteur,index_lot,valeur,moyenne_capteur,UCL,LCL,regle1_hors_limite,regle2_derive_9points
Sensor_060,2,23.8245,2.9512491703892785,19.107794678663517,-13.20529633788496,True,False
Sensor_060,3,24.3791,2.9512491703892785,19.107794678663517,-13.20529633788496,True,False
Sensor_060,5,28.2955,2.9512491703892785,19.107794678663517,-13.20529633788496,True,False
Sensor_060,7,29.1309,2.9512491703892785,19.107794678663517,-13.20529633788496,True,False
Sensor_060,8,26.9791,2.9512491703892785,19.107794678663517,-13.20529633788496,True,False
Sensor_060,9,28.3118,2.9512491703892785,19.107794678663517,-13.20529633788496,True,False
Sensor_060,10,27.8373,2.9512491703892785,19.107794678663517,-13.20529633788496,True,False
Sensor_060,11,25.0836,2.9512491703892785,19.107794678663517,-13.20529633788496,True,False
Sensor_060,12,22.6227,2.9512491703892785,19.107794678663517,-13.20529633788496,True,False
Sensor_060,15,20.4209,2.9512491703892785,19.107794678663517,-13.20529633788496,True,False
Sensor_060,19,22.4736,2.9512491703892785,19.107794678663517,-13.20529633788496,True,False
Sensor_060,30,29.5109,2.9512491703892785,19.107794678663517,-13.20529633788496,True,False
Sensor_060,38,24.9027,2.9512491703892785,19.107794678663517,-13.20529633788496,True,False
Sensor_060,39,23.4736,2.9512491703892785,19.107794678663517,-13.20529633788496,True,False
Sensor_060,43,19.3136,2.9512491703892785,19.107794678663517,-13.20529633788496,True,False
Sensor_060,47,23.1373,2.9512491703892785,19.107794678663517,-13.20529633788496,True,False
Sensor_060,48,25.0382,2.9512491703892785,19.107794678663517,-13.20529633788496,True,False
Sensor_060,49,23.3109,2.9512491703892785,19.107794678663517,-13.20529633788496,True,False
Sensor_060,50,23.9555,2.9512491703892785,19.107794678663517,-13.20529633788496,True,False
Sensor_060,51,21.39,2.9512491703892785,19.107794678663517,-13.20529633788496,True,True
Sensor_060,54,20.0455,2.9512491703892785,19.107794678663517,-13.20529633788496,True,False
Sensor_060,55,21.8964,2.9512491703892785,19.107794678663517,-13.20529633788496,True,False
Sensor_060,56,22.8809,2.9512491703892785,19.107794678663517,-13.20529633788496,True,False
Sensor_060,67,19.8,2.9512491703892785,19.107794678663517,-13.20529633788496,True,False
Sensor_060,68,11.6818,2.9512491703892785,19.107794678663517,-13.20529633788496,False,True
Sensor_060,69,22.4345,2.9512491703892785,19.107794678663517,-13.20529633788496,True,True
Sensor_060,70,17.1627,2.9512491703892785,19.107794678663517,-13.20529633788496,False,True
Sensor_060,71,25.4573,2.9512491703892785,19.107794678663517,-13.20529633788496,True,True
Sensor_060,72,20.5509,2.9512491703892785,19.107794678663517,-13.20529633788496,True,True
Sensor_060,73,18.6827,2.9512491703892785,19.107794678663517,-13.20529633788496,False,True
Sensor_060,74,25.4427,2.9512491703892785,19.107794678663517,-13.20529633788496,True,True
Sensor_060,75,17.6373,2.9512491703892785,19.107794678663517,-13.20529633788496,False,True
Sensor_060,76,24.3509,2.9512491703892785,19.107794678663517,-13.20529633788496,True,True
Sensor_060,77,12.0627,2.9512491703892785,19.107794678663517,-13.20529633788496,False,True
Sensor_060,78,9.5227,2.9512491703892785,19.107794678663517,-13.20529633788496,False,True
Sensor_060,79,22.9245,2.9512491703892785,19.107794678663517,-13.20529633788496,True,True
Sensor_060,80,9.3336,2.9512491703892785,19.107794678663517,-13.20529633788496,False,True
Sensor_060,81,12.5391,2.9512491703892785,19.107794678663517,-13.20529633788496,False,True
Sensor_060,82,12.4309,2.9512491703892785,19.107794678663517,-13.20529633788496,False,True
Sensor_060,83,28.6355,2.9512491703892785,19.107794678663517,-13.20529633788496,True,True
Sensor_060,84,8.6927,2.9512491703892785,19.107794678663517,-13.20529633788496,False,True
Sensor_060,87,26.6582,2.9512491703892785,19.107794678663517,-13.20529633788496,True,False
Sensor_060,88,28.7064,2.9512491703892785,19.107794678663517,-13.20529633788496,True,False
Sensor_060,90,28.1191,2.9512491703892785,19.107794678663517,-13.20529633788496,True,False
Sensor_060,93,-15.1964,2.9512491703892785,19.107794678663517,-13.20529633788496,True,False
Sensor_060,97,28.4227,2.9512491703892785,19.107794678663517,-13.20529633788496,True,False
Sensor_060,98,24.4727,2.9512491703892785,19.107794678663517,-13.20529633788496,True,False
Sensor_060,100,24.8064,2.9512491703892785,19.107794678663517,-13.20529633788496,True,False
Sensor_060,101,27.6182,2.9512491703892785,19.107794678663517,-13.20529633788496,True,False
Sensor_060,102,20.5864,2.9512491703892785,19.107794678663517,-13.20529633788496,True,False
Sensor_060,103,27.6655,2.9512491703892785,19.107794678663517,-13.20529633788496,True,False
Sensor_060,104,29.0264,2.9512491703892785,19.107794678663517,-13.20529633788496,True,True
Sensor_060,105,27.7364,2.9512491703892785,19.107794678663517,-13.20529633788496,True,True
Sensor_060,106,24.8282,2.9512491703892785,19.107794678663517,-13.20529633788496,True,True
Sensor_060,107,24.6118,2.9512491703892785,19.107794678663517,-13.20529633788496,True,True
Sensor_060,108,27.7155,2.9512491703892785,19.107794678663517,-13.20529633788496,True,True
Sensor_060,109,23.7864,2.9512491703892785,19.107794678663517,-13.20529633788496,True,True
Sensor_060,110,20.6,2.9512491703892785,19.107794678663517,-13.20529633788496,True,True
Sensor_060,111,29.7509,2.9512491703892785,19.107794678663517,-13.20529633788496,True,True
Sensor_060,112,23.9945,2.9512491703892785,19.107794678663517,-13.20529633788496,True,True
Sensor_060,113,16.7909,2.9512491703892785,19.107794678663517,-13.20529633788496,False,True
Sensor_060,114,23.7136,2.9512491703892785,19.107794678663517,-13.20529633788496,True,True
Sensor_060,115,18.5764,2.9512491703892785,19.107794678663517,-13.20529633788496,False,True
Sensor_060,116,24.2918,2.9512491703892785,19.107794678663517,-13.20529633788496,True,True
Sensor_060,117,25.5127,2.9512491703892785,19.107794678663517,-13.20529633788496,True,True
Sensor_060,118,26.7064,2.9512491703892785,19.107794678663517,-13.20529633788496,True,True
Sensor_060,119,8.9136,2.9512491703892785,19.107794678663517,-13.20529633788496,False,True
Sensor_060,120,8.9418,2.9512491703892785,19.107794678663517,-13.20529633788496,False,True
Sensor_060,121,6.9918,2.9512491703892785,19.107794678663517,-13.20529633788496,False,True
Sensor_060,122,16.6036,2.9512491703892785,19.107794678663517,-13.20529633788496,False,True
Sensor_060,123,16.5255,2.9512491703892785,19.107794678663517,-13.20529633788496,False,True
Sensor_060,124,29.1918,2.9512491703892785,19.107794678663517,-13.20529633788496,True,True
Sensor_060,125,10.08,2.9512491703892785,19.107794678663517,-13.20529633788496,False,True
Sensor_060,126,3.9055,2.9512491703892785,19.107794678663517,-13.20529633788496,False,True
Sensor_060,127,26.6527,2.9512491703892785,19.107794678663517,-13.20529633788496,True,True
Sensor_060,128,17.6864,2.9512491703892785,19.107794678663517,-13.20529633788496,False,True
Sensor_060,129,15.0182,2.9512491703892785,19.107794678663517,-13.20529633788496,False,True
Sensor_060,130,15.7936,2.9512491703892785,19.107794678663517,-13.20529633788496,False,True
Sensor_060,131,6.6636,2.9512491703892785,19.107794678663517,-13.20529633788496,False,True
Sensor_060,132,10.2109,2.9512491703892785,19.107794678663517,-13.20529633788496,False,True
Sensor_060,133,-19.1518,2.9512491703892785,19.107794678663517,-13.20529633788496,True,False
Sensor_060,134,22.2164,2.9512491703892785,19.107794678663517,-13.20529633788496,True,False
Sensor_060,135,25.8364,2.9512491703892785,19.107794678663517,-13.20529633788496,True,False
Sensor_060,136,25.9591,2.9512491703892785,19.107794678663517,-13.20529633788496,True,False
Sensor_060,137,23.8864,2.9512491703892785,19.107794678663517,-13.20529633788496,True,False
Sensor_060,138,23.0364,2.9512491703892785,19.107794678663517,-13.20529633788496,True,False
Sensor_060,139,22.7418,2.9512491703892785,19.107794678663517,-13.20529633788496,True,False
Sensor_060,141,-17.9336,2.9512491703892785,19.107794678663517,-13.20529633788496,True,False
Sensor_060,142,23.5609,2.9512491703892785,19.107794678663517,-13.20529633788496,True,False
Sensor_060,145,23.8745,2.9512491703892785,19.107794678663517,-13.20529633788496,True,False
Sensor_060,146,27.3427,2.9512491703892785,19.107794678663517,-13.20529633788496,True,False
Sensor_060,148,26.2655,2.9512491703892785,19.107794678663517,-13.20529633788496,True,False
Sensor_060,149,-21.2055,2.9512491703892785,19.107794678663517,-13.20529633788496,True,False
Sensor_060,152,29.1164,2.9512491703892785,19.107794678663517,-13.20529633788496,True,False
Sensor_060,154,26.7745,2.9512491703892785,19.107794678663517,-13.20529633788496,True,False
Sensor_060,157,26.4509,2.9512491703892785,19.107794678663517,-13.20529633788496,True,False
Sensor_060,171,22.7927,2.9512491703892785,19.107794678663517,-13.20529633788496,True,False
Sensor_060,173,26.0509,2.9512491703892785,19.107794678663517,-13.20529633788496,True,False
Sensor_060,175,27.7282,2.9512491703892785,19.107794678663517,-13.20529633788496,True,False
Sensor_060,178,-13.3573,2.9512491703892785,19.107794678663517,-13.20529633788496,True,False
Sensor_060,182,27.4136,2.9512491703892785,19.107794678663517,-13.20529633788496,True,False
Sensor_060,189,21.7573,2.9512491703892785,19.107794678663517,-13.20529633788496,True,False
Sensor_060,196,-17.3591,2.9512491703892785,19.107794678663517,-13.20529633788496,True,False
Sensor_060,201,-15.5318,2.9512491703892785,19.107794678663517,-13.20529633788496,True,False
Sensor_060,207,23.9018,2.9512491703892785,19.107794678663517,-13.20529633788496,True,False
Sensor_060,209,20.7782,2.9512491703892785,19.107794678663517,-13.20529633788496,True,False
Sensor_060,210,24.26,2.9512491703892785,19.107794678663517,-13.20529633788496,True,False
Sensor_060,212,29.7264,2.9512491703892785,19.107794678663517,-13.20529633788496,True,False
Sensor_060,214,28.3127,2.9512491703892785,19.107794678663517,-13.20529633788496,True,False
Sensor_060,217,5.5782,2.9512491703892785,19.107794678663517,-13.20529633788496,False,True
Sensor_060,218,25.5282,2.9512491703892785,19.107794678663517,-13.20529633788496,True,True
Sensor_060,219,5.9945,2.9512491703892785,19.107794678663517,-13.20529633788496,False,True
Sensor_060,222,20.8336,2.9512491703892785,19.107794678663517,-13.20529633788496,True,False
Sensor_060,223,27.3,2.9512491703892785,19.107794678663517,-13.20529633788496,True,False
Sensor_060,229,25.43,2.9512491703892785,19.107794678663517,-13.20529633788496,True,False
Sensor_060,249,20.7055,2.9512491703892785,19.107794678663517,-13.20529633788496,True,True
Sensor_060,253,26.8609,2.9512491703892785,19.107794678663517,-13.20529633788496,True,False
Sensor_060,254,23.7709,2.9512491703892785,19.107794678663517,-13.20529633788496,True,False
Sensor_060,256,25.4264,2.9512491703892785,19.107794678663517,-13.20529633788496,True,False
Sensor_060,257,26.6136,2.9512491703892785,19.107794678663517,-13.20529633788496,True,False
Sensor_060,262,19.5609,2.9512491703892785,19.107794678663517,-13.20529633788496,True,False
Sensor_060,265,20.7118,2.9512491703892785,19.107794678663517,-13.20529633788496,True,False
Sensor_060,269,28.4009,2.9512491703892785,19.107794678663517,-13.20529633788496,True,False
Sensor_060,270,22.1827,2.9512491703892785,19.107794678663517,-13.20529633788496,True,False
Sensor_060,275,87.0391,2.9512491703892785,19.107794678663517,-13.20529633788496,True,False
Sensor_060,282,24.14,2.9512491703892785,19.107794678663517,-13.20529633788496,True,False
Sensor_060,283,23.7109,2.9512491703892785,19.107794678663517,-13.20529633788496,True,False
Sensor_060,287,22.7173,2.9512491703892785,19.107794678663517,-13.20529633788496,True,False
Sensor_060,288,20.0236,2.9512491703892785,19.107794678663517,-13.20529633788496,True,False
Sensor_060,294,22.4382,2.9512491703892785,19.107794678663517,-13.20529633788496,True,False
Sensor_060,297,-15.31,2.9512491703892785,19.107794678663517,-13.20529633788496,True,False
Sensor_060,298,27.3227,2.9512491703892785,19.107794678663517,-13.20529633788496,True,False
Sensor_060,301,22.3736,2.9512491703892785,19.107794678663517,-13.20529633788496,True,False
Sensor_060,302,24.4791,2.9512491703892785,19.107794678663517,-13.20529633788496,True,False
Sensor_060,303,20.7209,2.9512491703892785,19.107794678663517,-13.20529633788496,True,False
Sensor_060,306,23.2655,2.9512491703892785,19.107794678663517,-13.20529633788496,True,False
Sensor_060,310,25.1891,2.9512491703892785,19.107794678663517,-13.20529633788496,True,False
Sensor_060,315,27.4627,2.9512491703892785,19.107794678663517,-13.20529633788496,True,False
Sensor_060,320,22.6936,2.9512491703892785,19.107794678663517,-13.20529633788496,True,False
Sensor_060,324,26.9136,2.9512491703892785,19.107794678663517,-13.20529633788496,True,False
Sensor_060,330,21.1082,2.9512491703892785,19.107794678663517,-13.20529633788496,True,False
Sensor_060,347,20.81,2.9512491703892785,19.107794678663517,-13.20529633788496,True,False
Sensor_060,354,22.1027,2.9512491703892785,19.107794678663517,-13.20529633788496,True,False
Sensor_060,368,28.5145,2.9512491703892785,19.107794678663517,-13.20529633788496,True,False
Sensor_060,393,26.1536,2.9512491703892785,19.107794678663517,-13.20529633788496,True,False
Sensor_060,410,22.7636,2.9512491703892785,19.107794678663517,-13.20529633788496,True,False
Sensor_060,412,20.2627,2.9512491703892785,19.107794678663517,-13.20529633788496,True,False
Sensor_060,421,-28.9882,2.9512491703892785,19.107794678663517,-13.20529633788496,True,False
Sensor_060,423,25.2736,2.9512491703892785,19.107794678663517,-13.20529633788496,True,False
Sensor_060,444,2.5964,2.9512491703892785,19.107794678663517,-13.20529633788496,False,True
Sensor_060,445,-0.4091,2.9512491703892785,19.107794678663517,-13.20529633788496,False,True
Sensor_060,446,-5.0245,2.9512491703892785,19.107794678663517,-13.20529633788496,False,True
Sensor_060,447,-0.7236,2.9512491703892785,19.107794678663517,-13.20529633788496,False,True
Sensor_060,448,1.9482,2.9512491703892785,19.107794678663517,-13.20529633788496,False,True
Sensor_060,449,1.3255,2.9512491703892785,19.107794678663517,-13.20529633788496,False,True
Sensor_060,450,-6.8627,2.9512491703892785,19.107794678663517,-13.20529633788496,False,True
Sensor_060,457,168.1455,2.9512491703892785,19.107794678663517,-13.20529633788496,True,False
Sensor_060,466,36.3682,2.9512491703892785,19.107794678663517,-13.20529633788496,True,False
Sensor_060,611,-0.9127,2.9512491703892785,19.107794678663517,-13.20529633788496,False,True
Sensor_060,612,0.9409,2.9512491703892785,19.107794678663517,-13.20529633788496,False,True
Sensor_060,613,-2.0555,2.9512491703892785,19.107794678663517,-13.20529633788496,False,True
Sensor_060,614,-3.1455,2.9512491703892785,19.107794678663517,-13.20529633788496,False,True
Sensor_060,615,1.5445,2.9512491703892785,19.107794678663517,-13.20529633788496,False,True
Sensor_060,616,1.4373,2.9512491703892785,19.107794678663517,-13.20529633788496,False,True
Sensor_060,617,-6.0445,2.9512491703892785,19.107794678663517,-13.20529633788496,False,True
Sensor_060,618,1.3791,2.9512491703892785,19.107794678663517,-13.20529633788496,False,True
Sensor_060,619,-0.9618,2.9512491703892785,19.107794678663517,-13.20529633788496,False,True
Sensor_060,620,1.6073,2.9512491703892785,19.107794678663517,-13.20529633788496,False,True
Sensor_060,621,-2.5727,2.9512491703892785,19.107794678663517,-13.20529633788496,False,True
Sensor_060,631,2.0591,2.9512491703892785,19.107794678663517,-13.20529633788496,False,True
Sensor_060,632,-0.17,2.9512491703892785,19.107794678663517,-13.20529633788496,False,True
Sensor_060,633,-1.8791,2.9512491703892785,19.107794678663517,-13.20529633788496,False,True
Sensor_060,634,53.6818,2.9512491703892785,19.107794678663517,-13.20529633788496,True,False
Sensor_060,643,-19.9927,2.9512491703892785,19.107794678663517,-13.20529633788496,True,True
Sensor_060,644,0.0855,2.9512491703892785,19.107794678663517,-13.20529633788496,False,True
Sensor_060,658,-1.71,2.9512491703892785,19.107794678663517,-13.20529633788496,False,True
Sensor_060,659,2.1918,2.9512491703892785,19.107794678663517,-13.20529633788496,False,True
Sensor_060,660,-0.2282,2.9512491703892785,19.107794678663517,-13.20529633788496,False,True
Sensor_060,661,-2.7427,2.9512491703892785,19.107794678663517,-13.20529633788496,False,True
Sensor_060,662,1.0336,2.9512491703892785,19.107794678663517,-13.20529633788496,False,True
Sensor_060,663,-1.2336,2.9512491703892785,19.107794678663517,-13.20529633788496,False,True
Sensor_060,727,0.2527,2.9512491703892785,19.107794678663517,-13.20529633788496,False,True
Sensor_060,728,1.5927,2.9512491703892785,19.107794678663517,-13.20529633788496,False,True
Sensor_060,729,1.1845,2.9512491703892785,19.107794678663517,-13.20529633788496,False,True
Sensor_060,730,-1.5764,2.9512491703892785,19.107794678663517,-13.20529633788496,False,True
Sensor_060,731,-0.2718,2.9512491703892785,19.107794678663517,-13.20529633788496,False,True
Sensor_060,732,-2.0291,2.9512491703892785,19.107794678663517,-13.20529633788496,False,True
Sensor_060,761,0.8536,2.9512491703892785,19.107794678663517,-13.20529633788496,False,True
Sensor_060,762,-0.1391,2.9512491703892785,19.107794678663517,-13.20529633788496,False,True
Sensor_060,763,-1.9982,2.9512491703892785,19.107794678663517,-13.20529633788496,False,True
Sensor_060,764,0.5564,2.9512491703892785,19.107794678663517,-13.20529633788496,False,True
Sensor_060,765,-0.2418,2.9512491703892785,19.107794678663517,-13.20529633788496,False,True
Sensor_060,766,-1.7136,2.9512491703892785,19.107794678663517,-13.20529633788496,False,True
Sensor_060,767,-1.3073,2.9512491703892785,19.107794678663517,-13.20529633788496,False,True
Sensor_060,768,0.8827,2.9512491703892785,19.107794678663517,-13.20529633788496,False,True
Sensor_060,815,0.1809,2.9512491703892785,19.107794678663517,-13.20529633788496,False,True
Sensor_060,816,0.7482,2.9512491703892785,19.107794678663517,-13.20529633788496,False,True
Sensor_060,817,2.5491,2.9512491703892785,19.107794678663517,-13.20529633788496,False,True
Sensor_060,818,-0.6645,2.9512491703892785,19.107794678663517,-13.20529633788496,False,True
Sensor_060,883,-2.6273,2.9512491703892785,19.107794678663517,-13.20529633788496,False,True
Sensor_060,895,2.1136,2.9512491703892785,19.107794678663517,-13.20529633788496,False,True
Sensor_060,908,1.0309,2.9512491703892785,19.107794678663517,-13.20529633788496,False,True
Sensor_060,909,-4.0109,2.9512491703892785,19.107794678663517,-13.20529633788496,False,True
Sensor_060,910,1.4727,2.9512491703892785,19.107794678663517,-13.20529633788496,False,True
Sensor_060,911,-1.2427,2.9512491703892785,19.107794678663517,-13.20529633788496,False,True
Sensor_060,912,2.4845,2.9512491703892785,19.107794678663517,-13.20529633788496,False,True
Sensor_060,913,0.79,2.9512491703892785,19.107794678663517,-13.20529633788496,False,True
Sensor_060,923,22.4673,2.9512491703892785,19.107794678663517,-13.20529633788496,True,False
Sensor_060,947,-2.2818,2.9512491703892785,19.107794678663517,-13.20529633788496,False,True
Sensor_060,948,-5.9336,2.9512491703892785,19.107794678663517,-13.20529633788496,False,True
Sensor_060,958,-1.0464,2.9512491703892785,19.107794678663517,-13.20529633788496,False,True
Sensor_060,968,-4.89,2.9512491703892785,19.107794678663517,-13.20529633788496,False,True
Sensor_060,969,-6.5282,2.9512491703892785,19.107794678663517,-13.20529633788496,False,True
Sensor_060,994,-2.9182,2.9512491703892785,19.107794678663517,-13.20529633788496,False,True
Sensor_060,995,0.94725,2.9512491703892785,19.107794678663517,-13.20529633788496,False,True
Sensor_060,996,-3.0882,2.9512491703892785,19.107794678663517,-13.20529633788496,False,True
Sensor_060,997,-0.0045,2.9512491703892785,19.107794678663517,-13.20529633788496,False,True
Sensor_060,998,-5.8564,2.9512491703892785,19.107794678663517,-13.20529633788496,False,True
Sensor_060,1016,2.6227,2.9512491703892785,19.107794678663517,-13.20529633788496,False,True
Sensor_060,1017,-6.3391,2.9512491703892785,19.107794678663517,-13.20529633788496,False,True
Sensor_060,1018,-2.67,2.9512491703892785,19.107794678663517,-13.20529633788496,False,True
Sensor_060,1019,-2.3891,2.9512491703892785,19.107794678663517,-13.20529633788496,False,True
Sensor_060,1020,-3.9218,2.9512491703892785,19.107794678663517,-13.20529633788496,False,True
Sensor_060,1021,-5.52,2.9512491703892785,19.107794678663517,-13.20529633788496,False,True
Sensor_060,1022,-0.0636,2.9512491703892785,19.107794678663517,-13.20529633788496,False,True
Sensor_060,1023,-1.5991,2.9512491703892785,19.107794678663517,-13.20529633788496,False,True
Sensor_060,1024,-2.2191,2.9512491703892785,19.107794678663517,-13.20529633788496,False,True
Sensor_060,1034,-2.1,2.9512491703892785,19.107794678663517,-13.20529633788496,False,True
Sensor_060,1035,-1.9827,2.9512491703892785,19.107794678663517,-13.20529633788496,False,True
Sensor_060,1036,-1.0545,2.9512491703892785,19.107794678663517,-13.20529633788496,False,True
Sensor_060,1037,-3.2055,2.9512491703892785,19.107794678663517,-13.20529633788496,False,True
Sensor_060,1038,1.4609,2.9512491703892785,19.107794678663517,-13.20529633788496,False,True
Sensor_060,1039,-3.1227,2.9512491703892785,19.107794678663517,-13.20529633788496,False,True
Sensor_060,1040,-3.7509,2.9512491703892785,19.107794678663517,-13.20529633788496,False,True
Sensor_060,1041,-3.2945,2.9512491703892785,19.107794678663517,-13.20529633788496,False,True
Sensor_060,1042,-1.56,2.9512491703892785,19.107794678663517,-13.20529633788496,False,True
Sensor_060,1043,-1.0409,2.9512491703892785,19.107794678663517,-13.20529633788496,False,True
Sensor_060,1044,-1.24,2.9512491703892785,19.107794678663517,-13.20529633788496,False,True
Sensor_060,1045,-4.4882,2.9512491703892785,19.107794678663517,-13.20529633788496,False,True
Sensor_060,1046,1.4409,2.9512491703892785,19.107794678663517,-13.20529633788496,False,True
Sensor_060,1047,-0.0509,2.9512491703892785,19.107794678663517,-13.20529633788496,False,True
Sensor_060,1048,1.7318,2.9512491703892785,19.107794678663517,-13.20529633788496,False,True
Sensor_060,1049,-0.2436,2.9512491703892785,19.107794678663517,-13.20529633788496,False,True
Sensor_060,1050,0.38,2.9512491703892785,19.107794678663517,-13.20529633788496,False,True
Sensor_060,1051,-2.1409,2.9512491703892785,19.107794678663517,-13.20529633788496,False,True
Sensor_060,1052,-2.0655,2.9512491703892785,19.107794678663517,-13.20529633788496,False,True
Sensor_060,1053,-4.3955,2.9512491703892785,19.107794678663517,-13.20529633788496,False,True
Sensor_060,1054,-1.9291,2.9512491703892785,19.107794678663517,-13.20529633788496,False,True
Sensor_060,1055,-4.6591,2.9512491703892785,19.107794678663517,-13.20529633788496,False,True
Sensor_060,1056,-0.5327,2.9512491703892785,19.107794678663517,-13.20529633788496,False,True
Sensor_060,1057,-1.0827,2.9512491703892785,19.107794678663517,-13.20529633788496,False,True
Sensor_060,1058,-0.3727,2.9512491703892785,19.107794678663517,-13.20529633788496,False,True
Sensor_060,1059,-1.0473,2.9512491703892785,19.107794678663517,-13.20529633788496,False,True
Sensor_060,1060,0.9736,2.9512491703892785,19.107794678663517,-13.20529633788496,False,True
Sensor_060,1061,-3.9509,2.9512491703892785,19.107794678663517,-13.20529633788496,False,True
Sensor_060,1062,1.0027,2.9512491703892785,19.107794678663517,-13.20529633788496,False,True
Sensor_060,1063,2.8109,2.9512491703892785,19.107794678663517,-13.20529633788496,False,True
Sensor_060,1064,-3.6145,2.9512491703892785,19.107794678663517,-13.20529633788496,False,True
Sensor_060,1065,-5.76,2.9512491703892785,19.107794678663517,-13.20529633788496,False,True
Sensor_060,1066,-1.6109,2.9512491703892785,19.107794678663517,-13.20529633788496,False,True
Sensor_060,1067,2.32,2.9512491703892785,19.107794678663517,-13.20529633788496,False,True
Sensor_060,1068,-1.2491,2.9512491703892785,19.107794678663517,-13.20529633788496,False,True
Sensor_060,1069,0.1873,2.9512491703892785,19.107794678663517,-13.20529633788496,False,True
Sensor_060,1079,1.1673,2.9512491703892785,19.107794678663517,-13.20529633788496,False,True
Sensor_060,1080,0.6009,2.9512491703892785,19.107794678663517,-13.20529633788496,False,True
Sensor_060,1081,2.6473,2.9512491703892785,19.107794678663517,-13.20529633788496,False,True
Sensor_060,1082,0.5364,2.9512491703892785,19.107794678663517,-13.20529633788496,False,True
Sensor_060,1083,-2.5036,2.9512491703892785,19.107794678663517,-13.20529633788496,False,True
Sensor_060,1084,-0.6327,2.9512491703892785,19.107794678663517,-13.20529633788496,False,True
Sensor_060,1085,0.77,2.9512491703892785,19.107794678663517,-13.20529633788496,False,True
Sensor_060,1086,-3.1818,2.9512491703892785,19.107794678663517,-13.20529633788496,False,True
Sensor_060,1087,-0.8436,2.9512491703892785,19.107794678663517,-13.20529633788496,False,True
Sensor_060,1088,-2.2409,2.9512491703892785,19.107794678663517,-13.20529633788496,False,True
Sensor_060,1089,2.2982,2.9512491703892785,19.107794678663517,-13.20529633788496,False,True
Sensor_060,1090,-3.1255,2.9512491703892785,19.107794678663517,-13.20529633788496,False,True
Sensor_060,1091,-1.1727,2.9512491703892785,19.107794678663517,-13.20529633788496,False,True
Sensor_060,1092,1.2955,2.9512491703892785,19.107794678663517,-13.20529633788496,False,True
Sensor_060,1093,-2.9727,2.9512491703892785,19.107794678663517,-13.20529633788496,False,True
Sensor_060,1103,-2.6709,2.9512491703892785,19.107794678663517,-13.20529633788496,False,True
Sensor_060,1104,0.0327,2.9512491703892785,19.107794678663517,-13.20529633788496,False,True
Sensor_060,1105,1.7018,2.9512491703892785,19.107794678663517,-13.20529633788496,False,True
Sensor_060,1106,-3.3455,2.9512491703892785,19.107794678663517,-13.20529633788496,False,True
Sensor_060,1107,-2.4373,2.9512491703892785,19.107794678663517,-13.20529633788496,False,True
Sensor_060,1108,-6.0455,2.9512491703892785,19.107794678663517,-13.20529633788496,False,True
Sensor_060,1109,-3.2255,2.9512491703892785,19.107794678663517,-13.20529633788496,False,True
Sensor_060,1110,-9.1,2.9512491703892785,19.107794678663517,-13.20529633788496,False,True
Sensor_060,1111,2.2727,2.9512491703892785,19.107794678663517,-13.20529633788496,False,True
Sensor_060,1112,-0.9536,2.9512491703892785,19.107794678663517,-13.20529633788496,False,True
Sensor_060,1113,-2.5027,2.9512491703892785,19.107794678663517,-13.20529633788496,False,True
Sensor_060,1114,-3.8791,2.9512491703892785,19.107794678663517,-13.20529633788496,False,True
Sensor_060,1115,-6.6409,2.9512491703892785,19.107794678663517,-13.20529633788496,False,True
Sensor_060,1116,-5.6945,2.9512491703892785,19.107794678663517,-13.20529633788496,False,True
Sensor_060,1117,1.5927,2.9512491703892785,19.107794678663517,-13.20529633788496,False,True
Sensor_060,1118,-2.5345,2.9512491703892785,19.107794678663517,-13.20529633788496,False,True
Sensor_060,1119,-0.5955,2.9512491703892785,19.107794678663517,-13.20529633788496,False,True
Sensor_060,1120,-4.7818,2.9512491703892785,19.107794678663517,-13.20529633788496,False,True
Sensor_060,1121,1.63,2.9512491703892785,19.107794678663517,-13.20529633788496,False,True
Sensor_060,1122,-0.4109,2.9512491703892785,19.107794678663517,-13.20529633788496,False,True
Sensor_060,1123,-2.9573,2.9512491703892785,19.107794678663517,-13.20529633788496,False,True
Sensor_060,1124,-0.2136,2.9512491703892785,19.107794678663517,-13.20529633788496,False,True
Sensor_060,1125,-1.6045,2.9512491703892785,19.107794678663517,-13.20529633788496,False,True
Sensor_060,1126,-0.0236,2.9512491703892785,19.107794678663517,-13.20529633788496,False,True
Sensor_060,1127,-0.0882,2.9512491703892785,19.107794678663517,-13.20529633788496,False,True
Sensor_060,1128,-0.5973,2.9512491703892785,19.107794678663517,-13.20529633788496,False,True
Sensor_060,1129,-0.4682,2.9512491703892785,19.107794678663517,-13.20529633788496,False,True
Sensor_060,1130,-4.7991,2.9512491703892785,19.107794678663517,-13.20529633788496,False,True
Sensor_060,1131,-0.0073,2.9512491703892785,19.107794678663517,-13.20529633788496,False,True
Sensor_060,1132,-2.5436,2.9512491703892785,19.107794678663517,-13.20529633788496,False,True
Sensor_060,1150,-1.6864,2.9512491703892785,19.107794678663517,-13.20529633788496,False,True
Sensor_060,1151,-0.8218,2.9512491703892785,19.107794678663517,-13.20529633788496,False,True
Sensor_060,1152,1.6336,2.9512491703892785,19.107794678663517,-13.20529633788496,False,True
Sensor_060,1153,-1.4973,2.9512491703892785,19.107794678663517,-13.20529633788496,False,True
Sensor_060,1165,1.1473,2.9512491703892785,19.107794678663517,-13.20529633788496,False,True
Sensor_060,1166,-1.9382,2.9512491703892785,19.107794678663517,-13.20529633788496,False,True
Sensor_060,1209,1.28,2.9512491703892785,19.107794678663517,-13.20529633788496,False,True
Sensor_060,1210,2.2009,2.9512491703892785,19.107794678663517,-13.20529633788496,False,True
Sensor_060,1211,-3.0055,2.9512491703892785,19.107794678663517,-13.20529633788496,False,True
Sensor_060,1212,-1.0982,2.9512491703892785,19.107794678663517,-13.20529633788496,False,True
Sensor_060,1213,-2.0309,2.9512491703892785,19.107794678663517,-13.20529633788496,False,True
Sensor_060,1214,-6.6464,2.9512491703892785,19.107794678663517,-13.20529633788496,False,True
Sensor_060,1215,-0.5455,2.9512491703892785,19.107794678663517,-13.20529633788496,False,True
Sensor_060,1216,-7.1518,2.9512491703892785,19.107794678663517,-13.20529633788496,False,True
Sensor_060,1217,-6.3845,2.9512491703892785,19.107794678663517,-13.20529633788496,False,True
Sensor_060,1218,-0.1545,2.9512491703892785,19.107794678663517,-13.20529633788496,False,True
Sensor_060,1219,-1.4327,2.9512491703892785,19.107794678663517,-13.20529633788496,False,True
Sensor_060,1220,-5.65,2.9512491703892785,19.107794678663517,-13.20529633788496,False,True
Sensor_060,1221,0.6573,2.9512491703892785,19.107794678663517,-13.20529633788496,False,True
Sensor_060,1222,-1.9727,2.9512491703892785,19.107794678663517,-13.20529633788496,False,True
Sensor_060,1263,1.9764,2.9512491703892785,19.107794678663517,-13.20529633788496,False,True
Sensor_060,1278,1.8782,2.9512491703892785,19.107794678663517,-13.20529633788496,False,True
Sensor_060,1279,-3.3427,2.9512491703892785,19.107794678663517,-13.20529633788496,False,True
Sensor_060,1280,0.6855,2.9512491703892785,19.107794678663517,-13.20529633788496,False,True
Sensor_060,1281,-3.6036,2.9512491703892785,19.107794678663517,-13.20529633788496,False,True
Sensor_060,1282,1.1991,2.9512491703892785,19.107794678663517,-13.20529633788496,False,True
Sensor_060,1283,1.5882,2.9512491703892785,19.107794678663517,-13.20529633788496,False,True
Sensor_060,1284,-6.0636,2.9512491703892785,19.107794678663517,-13.20529633788496,False,True
Sensor_060,1285,2.5855,2.9512491703892785,19.107794678663517,-13.20529633788496,False,True
Sensor_060,1286,-1.8809,2.9512491703892785,19.107794678663517,-13.20529633788496,False,True
Sensor_060,1287,-3.7773,2.9512491703892785,19.107794678663517,-13.20529633788496,False,True
Sensor_060,1288,-2.1464,2.9512491703892785,19.107794678663517,-13.20529633788496,False,True
Sensor_060,1289,0.8045,2.9512491703892785,19.107794678663517,-13.20529633788496,False,True
Sensor_060,1290,-1.3618,2.9512491703892785,19.107794678663517,-13.20529633788496,False,True
Sensor_060,1291,-3.1382,2.9512491703892785,19.107794678663517,-13.20529633788496,False,True
Sensor_060,1292,0.3245,2.9512491703892785,19.107794678663517,-13.20529633788496,False,True
Sensor_060,1293,-9.7682,2.9512491703892785,19.107794678663517,-13.20529633788496,False,True
Sensor_060,1294,2.6991,2.9512491703892785,19.107794678663517,-13.20529633788496,False,True
Sensor_060,1295,-3.7073,2.9512491703892785,19.107794678663517,-13.20529633788496,False,True
Sensor_060,1296,-2.6564,2.9512491703892785,19.107794678663517,-13.20529633788496,False,True
Sensor_060,1297,-7.87,2.9512491703892785,19.107794678663517,-13.20529633788496,False,True
Sensor_060,1298,-1.99,2.9512491703892785,19.107794678663517,-13.20529633788496,False,True
Sensor_060,1299,-5.8855,2.9512491703892785,19.107794678663517,-13.20529633788496,False,True
Sensor_060,1316,1.3255,2.9512491703892785,19.107794678663517,-13.20529633788496,False,True
Sensor_060,1317,-3.4191,2.9512491703892785,19.107794678663517,-13.20529633788496,False,True
Sensor_060,1318,0.1773,2.9512491703892785,19.107794678663517,-13.20529633788496,False,True
Sensor_060,1319,-1.7336,2.9512491703892785,19.107794678663517,-13.20529633788496,False,True
Sensor_060,1320,-6.74,2.9512491703892785,19.107794678663517,-13.20529633788496,False,True
Sensor_060,1321,-3.1927,2.9512491703892785,19.107794678663517,-13.20529633788496,False,True
Sensor_060,1322,2.7927,2.9512491703892785,19.107794678663517,-13.20529633788496,False,True
Sensor_060,1342,-1.1455,2.9512491703892785,19.107794678663517,-13.20529633788496,False,True
Sensor_060,1365,-1.2164,2.9512491703892785,19.107794678663517,-13.20529633788496,False,True
Sensor_060,1366,1.8109,2.9512491703892785,19.107794678663517,-13.20529633788496,False,True
Sensor_060,1367,1.2109,2.9512491703892785,19.107794678663517,-13.20529633788496,False,True
Sensor_060,1368,-2.5945,2.9512491703892785,19.107794678663517,-13.20529633788496,False,True
Sensor_060,1369,-2.91,2.9512491703892785,19.107794678663517,-13.20529633788496,False,True
Sensor_060,1370,-3.2436,2.9512491703892785,19.107794678663517,-13.20529633788496,False,True
Sensor_060,1371,-3.6345,2.9512491703892785,19.107794678663517,-13.20529633788496,False,True
Sensor_060,1372,-3.9927,2.9512491703892785,19.107794678663517,-13.20529633788496,False,True
Sensor_060,1373,-2.3618,2.9512491703892785,19.107794678663517,-13.20529633788496,False,True
Sensor_060,1406,-3.4391,2.9512491703892785,19.107794678663517,-13.20529633788496,False,True
Sensor_060,1407,-3.5573,2.9512491703892785,19.107794678663517,-13.20529633788496,False,True
Sensor_060,1408,2.6827,2.9512491703892785,19.107794678663517,-13.20529633788496,False,True
Sensor_060,1409,1.7791,2.9512491703892785,19.107794678663517,-13.20529633788496,False,True
Sensor_060,1410,-1.4627,2.9512491703892785,19.107794678663517,-13.20529633788496,False,True
Sensor_060,1411,-5.4282,2.9512491703892785,19.107794678663517,-13.20529633788496,False,True
Sensor_060,1412,-1.4609,2.9512491703892785,19.107794678663517,-13.20529633788496,False,True
Sensor_060,1413,-4.8009,2.9512491703892785,19.107794678663517,-13.20529633788496,False,True
Sensor_060,1414,-2.6682,2.9512491703892785,19.107794678663517,-13.20529633788496,False,True
Sensor_060,1415,-2.2582,2.9512491703892785,19.107794678663517,-13.20529633788496,False,True
Sensor_060,1416,-1.8509,2.9512491703892785,19.107794678663517,-13.20529633788496,False,True
Sensor_060,1417,-1.97,2.9512491703892785,19.107794678663517,-13.20529633788496,False,True
Sensor_060,1418,-4.5718,2.9512491703892785,19.107794678663517,-13.20529633788496,False,True
Sensor_060,1419,-0.5655,2.9512491703892785,19.107794678663517,-13.20529633788496,False,True
Sensor_060,1420,-2.0991,2.9512491703892785,19.107794678663517,-13.20529633788496,False,True
Sensor_060,1421,-5.1618,2.9512491703892785,19.107794678663517,-13.20529633788496,False,True
Sensor_060,1422,1.7736,2.9512491703892785,19.107794678663517,-13.20529633788496,False,True
Sensor_060,1423,-0.3409,2.9512491703892785,19.107794678663517,-13.20529633788496,False,True
Sensor_060,1424,2.8236,2.9512491703892785,19.107794678663517,-13.20529633788496,False,True
Sensor_060,1434,-4.9336,2.9512491703892785,19.107794678663517,-13.20529633788496,False,True
Sensor_060,1464,-10.68,2.9512491703892785,19.107794678663517,-13.20529633788496,False,True
Sensor_060,1465,-0.5591,2.9512491703892785,19.107794678663517,-13.20529633788496,False,True
Sensor_060,1466,-2.9609,2.9512491703892785,19.107794678663517,-13.20529633788496,False,True
Sensor_060,1467,1.4791,2.9512491703892785,19.107794678663517,-13.20529633788496,False,True
Sensor_060,1468,1.2518,2.9512491703892785,19.107794678663517,-13.20529633788496,False,True
Sensor_060,1469,0.0064,2.9512491703892785,19.107794678663517,-13.20529633788496,False,True
Sensor_060,1470,2.1927,2.9512491703892785,19.107794678663517,-13.20529633788496,False,True
Sensor_060,1480,-1.1236,2.9512491703892785,19.107794678663517,-13.20529633788496,False,True
Sensor_060,1481,-0.9091,2.9512491703892785,19.107794678663517,-13.20529633788496,False,True
Sensor_060,1482,-1.7382,2.9512491703892785,19.107794678663517,-13.20529633788496,False,True
Sensor_060,1483,0.2327,2.9512491703892785,19.107794678663517,-13.20529633788496,False,True
Sensor_060,1484,-1.3018,2.9512491703892785,19.107794678663517,-13.20529633788496,False,True
Sensor_060,1485,-2.8845,2.9512491703892785,19.107794678663517,-13.20529633788496,False,True
Sensor_060,1486,-4.7682,2.9512491703892785,19.107794678663517,-13.20529633788496,False,True
Sensor_060,1489,26.9709,2.9512491703892785,19.107794678663517,-13.20529633788496,True,False
Sensor_060,1512,-3.88,2.9512491703892785,19.107794678663517,-13.20529633788496,False,True
Sensor_060,1522,1.3464,2.9512491703892785,19.107794678663517,-13.20529633788496,False,True
Sensor_060,1523,-1.8045,2.9512491703892785,19.107794678663517,-13.20529633788496,False,True
Sensor_060,1524,-4.4309,2.9512491703892785,19.107794678663517,-13.20529633788496,False,True
Sensor_060,1525,-2.1155,2.9512491703892785,19.107794678663517,-13.20529633788496,False,True
Sensor_060,1526,-3.6509,2.9512491703892785,19.107794678663517,-13.20529633788496,False,True
Sensor_060,1527,-2.5382,2.9512491703892785,19.107794678663517,-13.20529633788496,False,True
Sensor_060,1537,0.6482,2.9512491703892785,19.107794678663517,-13.20529633788496,False,True
Sensor_060,1538,-4.3518,2.9512491703892785,19.107794678663517,-13.20529633788496,False,True
Sensor_104,2,-0.0026,-0.009789470325462667,-0.0037522702493777774,-0.015826670401547557,True,False
Sensor_104,8,-0.0048,-0.009789470325462667,-0.0037522702493777774,-0.015826670401547557,False,True
Sensor_104,9,-0.0073,-0.009789470325462667,-0.0037522702493777774,-0.015826670401547557,False,True
Sensor_104,10,-0.0056,-0.009789470325462667,-0.0037522702493777774,-0.015826670401547557,False,True
Sensor_104,11,-0.0059,-0.009789470325462667,-0.0037522702493777774,-0.015826670401547557,False,True
Sensor_104,12,-0.0075,-0.009789470325462667,-0.0037522702493777774,-0.015826670401547557,False,True
Sensor_104,13,-0.0047,-0.009789470325462667,-0.0037522702493777774,-0.015826670401547557,False,True
Sensor_104,14,-0.0041,-0.009789470325462667,-0.0037522702493777774,-0.015826670401547557,False,True
Sensor_104,15,-0.0031,-0.009789470325462667,-0.0037522702493777774,-0.015826670401547557,True,True
Sensor_104,16,-0.0071,-0.009789470325462667,-0.0037522702493777774,-0.015826670401547557,False,True
Sensor_104,17,-0.0066,-0.009789470325462667,-0.0037522702493777774,-0.015826670401547557,False,True
Sensor_104,18,-0.0052,-0.009789470325462667,-0.0037522702493777774,-0.015826670401547557,False,True
Sensor_104,19,-0.0016,-0.009789470325462667,-0.0037522702493777774,-0.015826670401547557,True,True
Sensor_104,20,-0.0051,-0.009789470325462667,-0.0037522702493777774,-0.015826670401547557,False,True
Sensor_104,21,-0.0092,-0.009789470325462667,-0.0037522702493777774,-0.015826670401547557,False,True
Sensor_104,22,-0.0072,-0.009789470325462667,-0.0037522702493777774,-0.015826670401547557,False,True
Sensor_104,38,-0.0033,-0.009789470325462667,-0.0037522702493777774,-0.015826670401547557,True,False
Sensor_104,39,-0.0093,-0.009789470325462667,-0.0037522702493777774,-0.015826670401547557,False,True
Sensor_104,40,-0.0085,-0.009789470325462667,-0.0037522702493777774,-0.015826670401547557,False,True
Sensor_104,41,-0.0077,-0.009789470325462667,-0.0037522702493777774,-0.015826670401547557,False,True
Sensor_104,42,-0.0082,-0.009789470325462667,-0.0037522702493777774,-0.015826670401547557,False,True
Sensor_104,43,-0.0088,-0.009789470325462667,-0.0037522702493777774,-0.015826670401547557,False,True
Sensor_104,44,-0.0068,-0.009789470325462667,-0.0037522702493777774,-0.015826670401547557,False,True
Sensor_104,45,-0.0056,-0.009789470325462667,-0.0037522702493777774,-0.015826670401547557,False,True
Sensor_104,46,-0.0071,-0.009789470325462667,-0.0037522702493777774,-0.015826670401547557,False,True
Sensor_104,47,-0.008,-0.009789470325462667,-0.0037522702493777774,-0.015826670401547557,False,True
Sensor_104,48,-0.0091,-0.009789470325462667,-0.0037522702493777774,-0.015826670401547557,False,True
Sensor_104,49,-0.0078,-0.009789470325462667,-0.0037522702493777774,-0.015826670401547557,False,True
Sensor_104,50,-0.0094,-0.009789470325462667,-0.0037522702493777774,-0.015826670401547557,False,True
Sensor_104,51,-0.007,-0.009789470325462667,-0.0037522702493777774,-0.015826670401547557,False,True
Sensor_104,52,-0.0075,-0.009789470325462667,-0.0037522702493777774,-0.015826670401547557,False,True
Sensor_104,53,-0.0078,-0.009789470325462667,-0.0037522702493777774,-0.015826670401547557,False,True
Sensor_104,54,-0.007,-0.009789470325462667,-0.0037522702493777774,-0.015826670401547557,False,True
Sensor_104,55,-0.0087,-0.009789470325462667,-0.0037522702493777774,-0.015826670401547557,False,True
Sensor_104,56,-0.0037,-0.009789470325462667,-0.0037522702493777774,-0.015826670401547557,True,True
Sensor_104,57,-0.0055,-0.009789470325462667,-0.0037522702493777774,-0.015826670401547557,False,True
Sensor_104,61,-0.0033,-0.009789470325462667,-0.0037522702493777774,-0.015826670401547557,True,False
Sensor_104,67,-0.0074,-0.009789470325462667,-0.0037522702493777774,-0.015826670401547557,False,True
Sensor_104,68,-0.007,-0.009789470325462667,-0.0037522702493777774,-0.015826670401547557,False,True
Sensor_104,69,-0.0054,-0.009789470325462667,-0.0037522702493777774,-0.015826670401547557,False,True
Sensor_104,70,-0.007,-0.009789470325462667,-0.0037522702493777774,-0.015826670401547557,False,True
Sensor_104,71,-0.0046,-0.009789470325462667,-0.0037522702493777774,-0.015826670401547557,False,True
Sensor_104,72,-0.0031,-0.009789470325462667,-0.0037522702493777774,-0.015826670401547557,True,True
Sensor_104,73,-0.0078,-0.009789470325462667,-0.0037522702493777774,-0.015826670401547557,False,True
Sensor_104,74,-0.0055,-0.009789470325462667,-0.0037522702493777774,-0.015826670401547557,False,True
Sensor_104,75,-0.0063,-0.009789470325462667,-0.0037522702493777774,-0.015826670401547557,False,True
Sensor_104,76,-0.005,-0.009789470325462667,-0.0037522702493777774,-0.015826670401547557,False,True
Sensor_104,77,-0.0071,-0.009789470325462667,-0.0037522702493777774,-0.015826670401547557,False,True
Sensor_104,78,-0.0053,-0.009789470325462667,-0.0037522702493777774,-0.015826670401547557,False,True
Sensor_104,79,-0.0061,-0.009789470325462667,-0.0037522702493777774,-0.015826670401547557,False,True
Sensor_104,80,-0.0092,-0.009789470325462667,-0.0037522702493777774,-0.015826670401547557,False,True
Sensor_104,81,-0.0071,-0.009789470325462667,-0.0037522702493777774,-0.015826670401547557,False,True
Sensor_104,82,-0.0063,-0.009789470325462667,-0.0037522702493777774,-0.015826670401547557,False,True
Sensor_104,83,-0.0053,-0.009789470325462667,-0.0037522702493777774,-0.015826670401547557,False,True
Sensor_104,84,-0.006,-0.009789470325462667,-0.0037522702493777774,-0.015826670401547557,False,True
Sensor_104,85,-0.0054,-0.009789470325462667,-0.0037522702493777774,-0.015826670401547557,False,True
Sensor_104,86,-0.0066,-0.009789470325462667,-0.0037522702493777774,-0.015826670401547557,False,True
Sensor_104,87,-0.004,-0.009789470325462667,-0.0037522702493777774,-0.015826670401547557,False,True
Sensor_104,88,-0.0047,-0.009789470325462667,-0.0037522702493777774,-0.015826670401547557,False,True
Sensor_104,89,-0.0053,-0.009789470325462667,-0.0037522702493777774,-0.015826670401547557,False,True
Sensor_104,90,-0.0049,-0.009789470325462667,-0.0037522702493777774,-0.015826670401547557,False,True
Sensor_104,91,-0.0071,-0.009789470325462667,-0.0037522702493777774,-0.015826670401547557,False,True
Sensor_104,92,-0.0061,-0.009789470325462667,-0.0037522702493777774,-0.015826670401547557,False,True
Sensor_104,93,-0.0063,-0.009789470325462667,-0.0037522702493777774,-0.015826670401547557,False,True
Sensor_104,94,-0.0054,-0.009789470325462667,-0.0037522702493777774,-0.015826670401547557,False,True
Sensor_104,95,-0.0058,-0.009789470325462667,-0.0037522702493777774,-0.015826670401547557,False,True
Sensor_104,96,-0.0052,-0.009789470325462667,-0.0037522702493777774,-0.015826670401547557,False,True
Sensor_104,97,-0.005,-0.009789470325462667,-0.0037522702493777774,-0.015826670401547557,False,True
Sensor_104,98,-0.005,-0.009789470325462667,-0.0037522702493777774,-0.015826670401547557,False,True
Sensor_104,99,-0.006,-0.009789470325462667,-0.0037522702493777774,-0.015826670401547557,False,True
Sensor_104,100,-0.0062,-0.009789470325462667,-0.0037522702493777774,-0.015826670401547557,False,True
Sensor_104,101,-0.0037,-0.009789470325462667,-0.0037522702493777774,-0.015826670401547557,True,True
Sensor_104,102,-0.0069,-0.009789470325462667,-0.0037522702493777774,-0.015826670401547557,False,True
Sensor_104,103,-0.0051,-0.009789470325462667,-0.0037522702493777774,-0.015826670401547557,False,True
Sensor_104,104,-0.0056,-0.009789470325462667,-0.0037522702493777774,-0.015826670401547557,False,True
Sensor_104,105,-0.0066,-0.009789470325462667,-0.0037522702493777774,-0.015826670401547557,False,True
Sensor_104,106,-0.0059,-0.009789470325462667,-0.0037522702493777774,-0.015826670401547557,False,True
Sensor_104,107,-0.0064,-0.009789470325462667,-0.0037522702493777774,-0.015826670401547557,False,True
Sensor_104,108,-0.0075,-0.009789470325462667,-0.0037522702493777774,-0.015826670401547557,False,True
Sensor_104,109,-0.0068,-0.009789470325462667,-0.0037522702493777774,-0.015826670401547557,False,True
Sensor_104,110,-0.0054,-0.009789470325462667,-0.0037522702493777774,-0.015826670401547557,False,True
Sensor_104,111,-0.005,-0.009789470325462667,-0.0037522702493777774,-0.015826670401547557,False,True
Sensor_104,112,-0.0066,-0.009789470325462667,-0.0037522702493777774,-0.015826670401547557,False,True
Sensor_104,113,-0.0055,-0.009789470325462667,-0.0037522702493777774,-0.015826670401547557,False,True
Sensor_104,114,-0.0057,-0.009789470325462667,-0.0037522702493777774,-0.015826670401547557,False,True
Sensor_104,115,-0.004,-0.009789470325462667,-0.0037522702493777774,-0.015826670401547557,False,True
Sensor_104,116,-0.0051,-0.009789470325462667,-0.0037522702493777774,-0.015826670401547557,False,True
Sensor_104,117,-0.0044,-0.009789470325462667,-0.0037522702493777774,-0.015826670401547557,False,True
Sensor_104,118,-0.0062,-0.009789470325462667,-0.0037522702493777774,-0.015826670401547557,False,True
Sensor_104,119,-0.0039,-0.009789470325462667,-0.0037522702493777774,-0.015826670401547557,False,True
Sensor_104,120,-0.0017,-0.009789470325462667,-0.0037522702493777774,-0.015826670401547557,True,True
Sensor_104,121,-0.0057,-0.009789470325462667,-0.0037522702493777774,-0.015826670401547557,False,True
Sensor_104,122,-0.0062,-0.009789470325462667,-0.0037522702493777774,-0.015826670401547557,False,True
Sensor_104,123,-0.0017,-0.009789470325462667,-0.0037522702493777774,-0.015826670401547557,True,True
Sensor_104,124,-0.005,-0.009789470325462667,-0.0037522702493777774,-0.015826670401547557,False,True
Sensor_104,125,-0.004,-0.009789470325462667,-0.0037522702493777774,-0.015826670401547557,False,True
Sensor_104,126,-0.0068,-0.009789470325462667,-0.0037522702493777774,-0.015826670401547557,False,True
Sensor_104,127,-0.0059,-0.009789470325462667,-0.0037522702493777774,-0.015826670401547557,False,True
Sensor_104,128,-0.0047,-0.009789470325462667,-0.0037522702493777774,-0.015826670401547557,False,True
Sensor_104,129,-0.0059,-0.009789470325462667,-0.0037522702493777774,-0.015826670401547557,False,True
Sensor_104,130,-0.0056,-0.009789470325462667,-0.0037522702493777774,-0.015826670401547557,False,True
Sensor_104,131,-0.0067,-0.009789470325462667,-0.0037522702493777774,-0.015826670401547557,False,True
Sensor_104,132,-0.0045,-0.009789470325462667,-0.0037522702493777774,-0.015826670401547557,False,True
Sensor_104,133,-0.0056,-0.009789470325462667,-0.0037522702493777774,-0.015826670401547557,False,True
Sensor_104,134,-0.0041,-0.009789470325462667,-0.0037522702493777774,-0.015826670401547557,False,True
Sensor_104,135,-0.007,-0.009789470325462667,-0.0037522702493777774,-0.015826670401547557,False,True
Sensor_104,136,-0.0093,-0.009789470325462667,-0.0037522702493777774,-0.015826670401547557,False,True
Sensor_104,137,-0.005,-0.009789470325462667,-0.0037522702493777774,-0.015826670401547557,False,True
Sensor_104,138,-0.0068,-0.009789470325462667,-0.0037522702493777774,-0.015826670401547557,False,True
Sensor_104,139,-0.0062,-0.009789470325462667,-0.0037522702493777774,-0.015826670401547557,False,True
Sensor_104,140,-0.0034,-0.009789470325462667,-0.0037522702493777774,-0.015826670401547557,True,True
Sensor_104,141,-0.0045,-0.009789470325462667,-0.0037522702493777774,-0.015826670401547557,False,True
Sensor_104,142,-0.0053,-0.009789470325462667,-0.0037522702493777774,-0.015826670401547557,False,True
Sensor_104,143,-0.0049,-0.009789470325462667,-0.0037522702493777774,-0.015826670401547557,False,True
Sensor_104,144,-0.0042,-0.009789470325462667,-0.0037522702493777774,-0.015826670401547557,False,True
Sensor_104,145,-0.0046,-0.009789470325462667,-0.0037522702493777774,-0.015826670401547557,False,True
Sensor_104,146,-0.0071,-0.009789470325462667,-0.0037522702493777774,-0.015826670401547557,False,True
Sensor_104,147,-0.0057,-0.009789470325462667,-0.0037522702493777774,-0.015826670401547557,False,True
Sensor_104,148,-0.007,-0.009789470325462667,-0.0037522702493777774,-0.015826670401547557,False,True
Sensor_104,149,-0.0073,-0.009789470325462667,-0.0037522702493777774,-0.015826670401547557,False,True
Sensor_104,150,-0.0071,-0.009789470325462667,-0.0037522702493777774,-0.015826670401547557,False,True
Sensor_104,151,-0.0037,-0.009789470325462667,-0.0037522702493777774,-0.015826670401547557,True,True
Sensor_104,152,-0.0056,-0.009789470325462667,-0.0037522702493777774,-0.015826670401547557,False,True
Sensor_104,153,-0.0043,-0.009789470325462667,-0.0037522702493777774,-0.015826670401547557,False,True
Sensor_104,154,-0.006,-0.009789470325462667,-0.0037522702493777774,-0.015826670401547557,False,True
Sensor_104,155,-0.0043,-0.009789470325462667,-0.0037522702493777774,-0.015826670401547557,False,True
Sensor_104,156,-0.0054,-0.009789470325462667,-0.0037522702493777774,-0.015826670401547557,False,True
Sensor_104,157,-0.0057,-0.009789470325462667,-0.0037522702493777774,-0.015826670401547557,False,True
Sensor_104,158,-0.0043,-0.009789470325462667,-0.0037522702493777774,-0.015826670401547557,False,True
Sensor_104,159,-0.0049,-0.009789470325462667,-0.0037522702493777774,-0.015826670401547557,False,True
Sensor_104,160,-0.0056,-0.009789470325462667,-0.0037522702493777774,-0.015826670401547557,False,True
Sensor_104,161,-0.0014,-0.009789470325462667,-0.0037522702493777774,-0.015826670401547557,True,True
Sensor_104,162,-0.0054,-0.009789470325462667,-0.0037522702493777774,-0.015826670401547557,False,True
Sensor_104,163,-0.0065,-0.009789470325462667,-0.0037522702493777774,-0.015826670401547557,False,True
Sensor_104,164,-0.0061,-0.009789470325462667,-0.0037522702493777774,-0.015826670401547557,False,True
Sensor_104,165,-0.0054,-0.009789470325462667,-0.0037522702493777774,-0.015826670401547557,False,True
Sensor_104,166,-0.0045,-0.009789470325462667,-0.0037522702493777774,-0.015826670401547557,False,True
Sensor_104,167,-0.0061,-0.009789470325462667,-0.0037522702493777774,-0.015826670401547557,False,True
Sensor_104,168,-0.0065,-0.009789470325462667,-0.0037522702493777774,-0.015826670401547557,False,True
Sensor_104,169,-0.0066,-0.009789470325462667,-0.0037522702493777774,-0.015826670401547557,False,True
Sensor_104,170,-0.0022,-0.009789470325462667,-0.0037522702493777774,-0.015826670401547557,True,True
Sensor_104,171,-0.0051,-0.009789470325462667,-0.0037522702493777774,-0.015826670401547557,False,True
Sensor_104,172,-0.0043,-0.009789470325462667,-0.0037522702493777774,-0.015826670401547557,False,True
Sensor_104,173,-0.0029,-0.009789470325462667,-0.0037522702493777774,-0.015826670401547557,True,True
Sensor_104,174,-0.0022,-0.009789470325462667,-0.0037522702493777774,-0.015826670401547557,True,True
Sensor_104,175,-0.0019,-0.009789470325462667,-0.0037522702493777774,-0.015826670401547557,True,True
Sensor_104,176,-0.0052,-0.009789470325462667,-0.0037522702493777774,-0.015826670401547557,False,True
Sensor_104,177,-0.0043,-0.009789470325462667,-0.0037522702493777774,-0.015826670401547557,False,True
Sensor_104,178,-0.0059,-0.009789470325462667,-0.0037522702493777774,-0.015826670401547557,False,True
Sensor_104,179,-0.0052,-0.009789470325462667,-0.0037522702493777774,-0.015826670401547557,False,True
Sensor_104,180,-0.0062,-0.009789470325462667,-0.0037522702493777774,-0.015826670401547557,False,True
Sensor_104,181,-0.0052,-0.009789470325462667,-0.0037522702493777774,-0.015826670401547557,False,True
Sensor_104,182,-0.0048,-0.009789470325462667,-0.0037522702493777774,-0.015826670401547557,False,True
Sensor_104,183,-0.0047,-0.009789470325462667,-0.0037522702493777774,-0.015826670401547557,False,True
Sensor_104,184,-0.0037,-0.009789470325462667,-0.0037522702493777774,-0.015826670401547557,True,True
Sensor_104,185,-0.0054,-0.009789470325462667,-0.0037522702493777774,-0.015826670401547557,False,True
Sensor_104,186,-0.0047,-0.009789470325462667,-0.0037522702493777774,-0.015826670401547557,False,True
Sensor_104,187,-0.0018,-0.009789470325462667,-0.0037522702493777774,-0.015826670401547557,True,True
Sensor_104,188,-0.0049,-0.009789470325462667,-0.0037522702493777774,-0.015826670401547557,False,True
Sensor_104,189,-0.0054,-0.009789470325462667,-0.0037522702493777774,-0.015826670401547557,False,True
Sensor_104,190,-0.0062,-0.009789470325462667,-0.0037522702493777774,-0.015826670401547557,False,True
Sensor_104,191,-0.0067,-0.009789470325462667,-0.0037522702493777774,-0.015826670401547557,False,True
Sensor_104,192,-0.0055,-0.009789470325462667,-0.0037522702493777774,-0.015826670401547557,False,True
Sensor_104,193,-0.0046,-0.009789470325462667,-0.0037522702493777774,-0.015826670401547557,False,True
Sensor_104,194,-0.004,-0.009789470325462667,-0.0037522702493777774,-0.015826670401547557,False,True
Sensor_104,195,-0.006,-0.009789470325462667,-0.0037522702493777774,-0.015826670401547557,False,True
Sensor_104,196,-0.0084,-0.009789470325462667,-0.0037522702493777774,-0.015826670401547557,False,True
Sensor_104,197,-0.0032,-0.009789470325462667,-0.0037522702493777774,-0.015826670401547557,True,True
Sensor_104,198,-0.0057,-0.009789470325462667,-0.0037522702493777774,-0.015826670401547557,False,True
Sensor_104,199,-0.0054,-0.009789470325462667,-0.0037522702493777774,-0.015826670401547557,False,True
Sensor_104,200,-0.0058,-0.009789470325462667,-0.0037522702493777774,-0.015826670401547557,False,True
Sensor_104,201,-0.0039,-0.009789470325462667,-0.0037522702493777774,-0.015826670401547557,False,True
Sensor_104,202,-0.0072,-0.009789470325462667,-0.0037522702493777774,-0.015826670401547557,False,True
Sensor_104,203,-0.0065,-0.009789470325462667,-0.0037522702493777774,-0.015826670401547557,False,True
Sensor_104,204,-0.0055,-0.009789470325462667,-0.0037522702493777774,-0.015826670401547557,False,True
Sensor_104,205,-0.0051,-0.009789470325462667,-0.0037522702493777774,-0.015826670401547557,False,True
Sensor_104,206,-0.0047,-0.009789470325462667,-0.0037522702493777774,-0.015826670401547557,False,True
Sensor_104,207,-0.0075,-0.009789470325462667,-0.0037522702493777774,-0.015826670401547557,False,True
Sensor_104,208,-0.0035,-0.009789470325462667,-0.0037522702493777774,-0.015826670401547557,True,True
Sensor_104,209,-0.0067,-0.009789470325462667,-0.0037522702493777774,-0.015826670401547557,False,True
Sensor_104,210,-0.0039,-0.009789470325462667,-0.0037522702493777774,-0.015826670401547557,False,True
Sensor_104,211,-0.0053,-0.009789470325462667,-0.0037522702493777774,-0.015826670401547557,False,True
Sensor_104,212,-0.0052,-0.009789470325462667,-0.0037522702493777774,-0.015826670401547557,False,True
Sensor_104,213,-0.0067,-0.009789470325462667,-0.0037522702493777774,-0.015826670401547557,False,True
Sensor_104,214,-0.0037,-0.009789470325462667,-0.0037522702493777774,-0.015826670401547557,True,True
Sensor_104,215,-0.0056,-0.009789470325462667,-0.0037522702493777774,-0.015826670401547557,False,True
Sensor_104,216,-0.0066,-0.009789470325462667,-0.0037522702493777774,-0.015826670401547557,False,True
Sensor_104,217,-0.0048,-0.009789470325462667,-0.0037522702493777774,-0.015826670401547557,False,True
Sensor_104,218,-0.0067,-0.009789470325462667,-0.0037522702493777774,-0.015826670401547557,False,True
Sensor_104,219,-0.0002,-0.009789470325462667,-0.0037522702493777774,-0.015826670401547557,True,True
Sensor_104,220,-0.0007,-0.009789470325462667,-0.0037522702493777774,-0.015826670401547557,True,True
Sensor_104,221,-0.0054,-0.009789470325462667,-0.0037522702493777774,-0.015826670401547557,False,True
Sensor_104,222,-0.0048,-0.009789470325462667,-0.0037522702493777774,-0.015826670401547557,False,True
Sensor_104,223,-0.0059,-0.009789470325462667,-0.0037522702493777774,-0.015826670401547557,False,True
Sensor_104,224,-0.0092,-0.009789470325462667,-0.0037522702493777774,-0.015826670401547557,False,True
Sensor_104,225,-0.0087,-0.009789470325462667,-0.0037522702493777774,-0.015826670401547557,False,True
Sensor_104,226,-0.0095,-0.009789470325462667,-0.0037522702493777774,-0.015826670401547557,False,True
Sensor_104,227,-0.0086,-0.009789470325462667,-0.0037522702493777774,-0.015826670401547557,False,True
Sensor_104,228,-0.0049,-0.009789470325462667,-0.0037522702493777774,-0.015826670401547557,False,True
Sensor_104,229,-0.0067,-0.009789470325462667,-0.0037522702493777774,-0.015826670401547557,False,True
Sensor_104,230,-0.0067,-0.009789470325462667,-0.0037522702493777774,-0.015826670401547557,False,True
Sensor_104,231,-0.0091,-0.009789470325462667,-0.0037522702493777774,-0.015826670401547557,False,True
Sensor_104,232,-0.0055,-0.009789470325462667,-0.0037522702493777774,-0.015826670401547557,False,True
Sensor_104,233,-0.0052,-0.009789470325462667,-0.0037522702493777774,-0.015826670401547557,False,True
Sensor_104,238,-0.0035,-0.009789470325462667,-0.0037522702493777774,-0.015826670401547557,True,False
Sensor_104,240,-0.0013,-0.009789470325462667,-0.0037522702493777774,-0.015826670401547557,True,False
Sensor_104,247,-0.0034,-0.009789470325462667,-0.0037522702493777774,-0.015826670401547557,True,False
Sensor_104,248,-0.0013,-0.009789470325462667,-0.0037522702493777774,-0.015826670401547557,True,True
Sensor_104,249,-0.0097,-0.009789470325462667,-0.0037522702493777774,-0.015826670401547557,False,True
Sensor_104,250,-0.0088,-0.009789470325462667,-0.0037522702493777774,-0.015826670401547557,False,True
Sensor_104,251,-0.0041,-0.009789470325462667,-0.0037522702493777774,-0.015826670401547557,False,True
Sensor_104,295,-0.0075,-0.009789470325462667,-0.0037522702493777774,-0.015826670401547557,False,True
Sensor_104,304,-0.003,-0.009789470325462667,-0.0037522702493777774,-0.015826670401547557,True,False
Sensor_104,309,-0.0094,-0.009789470325462667,-0.0037522702493777774,-0.015826670401547557,False,True
Sensor_104,317,-0.0029,-0.009789470325462667,-0.0037522702493777774,-0.015826670401547557,True,False
Sensor_104,324,-0.0089,-0.009789470325462667,-0.0037522702493777774,-0.015826670401547557,False,True
Sensor_104,325,-0.0062,-0.009789470325462667,-0.0037522702493777774,-0.015826670401547557,False,True
Sensor_104,326,-0.0081,-0.009789470325462667,-0.0037522702493777774,-0.015826670401547557,False,True
Sensor_104,345,-0.0026,-0.009789470325462667,-0.0037522702493777774,-0.015826670401547557,True,False
Sensor_104,350,-0.0036,-0.009789470325462667,-0.0037522702493777774,-0.015826670401547557,True,False
Sensor_104,446,-0.003,-0.009789470325462667,-0.0037522702493777774,-0.015826670401547557,True,False
Sensor_104,464,-0.0031,-0.009789470325462667,-0.0037522702493777774,-0.015826670401547557,True,False
Sensor_104,483,-0.0113,-0.009789470325462667,-0.0037522702493777774,-0.015826670401547557,False,True
Sensor_104,484,0.0018,-0.009789470325462667,-0.0037522702493777774,-0.015826670401547557,True,False
Sensor_104,537,-0.0123,-0.009789470325462667,-0.0037522702493777774,-0.015826670401547557,False,True
Sensor_104,550,-0.0174,-0.009789470325462667,-0.0037522702493777774,-0.015826670401547557,True,False
Sensor_104,580,0.0013,-0.009789470325462667,-0.0037522702493777774,-0.015826670401547557,True,False
Sensor_104,603,-0.0022,-0.009789470325462667,-0.0037522702493777774,-0.015826670401547557,True,False
Sensor_104,605,-0.016,-0.009789470325462667,-0.0037522702493777774,-0.015826670401547557,True,False
Sensor_104,634,-0.0018,-0.009789470325462667,-0.0037522702493777774,-0.015826670401547557,True,False
Sensor_104,689,0.0203,-0.009789470325462667,-0.0037522702493777774,-0.015826670401547557,True,False
Sensor_104,760,-0.0163,-0.009789470325462667,-0.0037522702493777774,-0.015826670401547557,True,False
Sensor_104,769,-0.0028,-0.009789470325462667,-0.0037522702493777774,-0.015826670401547557,True,False
Sensor_104,840,-0.0106,-0.009789470325462667,-0.0037522702493777774,-0.015826670401547557,False,True
Sensor_104,841,-0.0101,-0.009789470325462667,-0.0037522702493777774,-0.015826670401547557,False,True
Sensor_104,842,-0.0101,-0.009789470325462667,-0.0037522702493777774,-0.015826670401547557,False,True
Sensor_104,843,-0.0115,-0.009789470325462667,-0.0037522702493777774,-0.015826670401547557,False,True
Sensor_104,856,-0.0329,-0.009789470325462667,-0.0037522702493777774,-0.015826670401547557,True,False
Sensor_104,874,-0.0136,-0.009789470325462667,-0.0037522702493777774,-0.015826670401547557,False,True
Sensor_104,875,-0.0142,-0.009789470325462667,-0.0037522702493777774,-0.015826670401547557,False,True
Sensor_104,876,-0.0131,-0.009789470325462667,-0.0037522702493777774,-0.015826670401547557,False,True
Sensor_104,877,-0.0107,-0.009789470325462667,-0.0037522702493777774,-0.015826670401547557,False,True
Sensor_104,878,-0.0117,-0.009789470325462667,-0.0037522702493777774,-0.015826670401547557,False,True
Sensor_104,879,-0.0134,-0.009789470325462667,-0.0037522702493777774,-0.015826670401547557,False,True
Sensor_104,880,-0.0132,-0.009789470325462667,-0.0037522702493777774,-0.015826670401547557,False,True
Sensor_104,881,-0.0121,-0.009789470325462667,-0.0037522702493777774,-0.015826670401547557,False,True
Sensor_104,882,-0.0123,-0.009789470325462667,-0.0037522702493777774,-0.015826670401547557,False,True
Sensor_104,883,-0.013,-0.009789470325462667,-0.0037522702493777774,-0.015826670401547557,False,True
Sensor_104,884,-0.0123,-0.009789470325462667,-0.0037522702493777774,-0.015826670401547557,False,True
Sensor_104,894,-0.0136,-0.009789470325462667,-0.0037522702493777774,-0.015826670401547557,False,True
Sensor_104,895,-0.012,-0.009789470325462667,-0.0037522702493777774,-0.015826670401547557,False,True
Sensor_104,896,-0.0118,-0.009789470325462667,-0.0037522702493777774,-0.015826670401547557,False,True
Sensor_104,897,-0.014,-0.009789470325462667,-0.0037522702493777774,-0.015826670401547557,False,True
Sensor_104,898,-0.0122,-0.009789470325462667,-0.0037522702493777774,-0.015826670401547557,False,True
Sensor_104,899,-0.0125,-0.009789470325462667,-0.0037522702493777774,-0.015826670401547557,False,True
Sensor_104,900,-0.0117,-0.009789470325462667,-0.0037522702493777774,-0.015826670401547557,False,True
Sensor_104,901,-0.0117,-0.009789470325462667,-0.0037522702493777774,-0.015826670401547557,False,True
Sensor_104,902,-0.0122,-0.009789470325462667,-0.0037522702493777774,-0.015826670401547557,False,True
Sensor_104,903,-0.0119,-0.009789470325462667,-0.0037522702493777774,-0.015826670401547557,False,True
Sensor_104,904,-0.0128,-0.009789470325462667,-0.0037522702493777774,-0.015826670401547557,False,True
Sensor_104,905,-0.0128,-0.009789470325462667,-0.0037522702493777774,-0.015826670401547557,False,True
Sensor_104,906,-0.0124,-0.009789470325462667,-0.0037522702493777774,-0.015826670401547557,False,True
Sensor_104,907,-0.0136,-0.009789470325462667,-0.0037522702493777774,-0.015826670401547557,False,True
Sensor_104,908,-0.0127,-0.009789470325462667,-0.0037522702493777774,-0.015826670401547557,False,True
Sensor_104,909,-0.0124,-0.009789470325462667,-0.0037522702493777774,-0.015826670401547557,False,True
Sensor_104,910,-0.013,-0.009789470325462667,-0.0037522702493777774,-0.015826670401547557,False,True
Sensor_104,911,-0.0133,-0.009789470325462667,-0.0037522702493777774,-0.015826670401547557,False,True
Sensor_104,912,-0.0139,-0.009789470325462667,-0.0037522702493777774,-0.015826670401547557,False,True
Sensor_104,913,-0.0117,-0.009789470325462667,-0.0037522702493777774,-0.015826670401547557,False,True
Sensor_104,914,-0.0136,-0.009789470325462667,-0.0037522702493777774,-0.015826670401547557,False,True
Sensor_104,915,-0.0101,-0.009789470325462667,-0.0037522702493777774,-0.015826670401547557,False,True
Sensor_104,916,-0.0113,-0.009789470325462667,-0.0037522702493777774,-0.015826670401547557,False,True
Sensor_104,917,-0.0115,-0.009789470325462667,-0.0037522702493777774,-0.015826670401547557,False,True
Sensor_104,918,-0.0118,-0.009789470325462667,-0.0037522702493777774,-0.015826670401547557,False,True
Sensor_104,919,-0.0107,-0.009789470325462667,-0.0037522702493777774,-0.015826670401547557,False,True
Sensor_104,920,-0.0127,-0.009789470325462667,-0.0037522702493777774,-0.015826670401547557,False,True
Sensor_104,921,-0.0126,-0.009789470325462667,-0.0037522702493777774,-0.015826670401547557,False,True
Sensor_104,922,-0.0141,-0.009789470325462667,-0.0037522702493777774,-0.015826670401547557,False,True
Sensor_104,941,-0.0116,-0.009789470325462667,-0.0037522702493777774,-0.015826670401547557,False,True
Sensor_104,942,-0.0119,-0.009789470325462667,-0.0037522702493777774,-0.015826670401547557,False,True
Sensor_104,943,-0.0132,-0.009789470325462667,-0.0037522702493777774,-0.015826670401547557,False,True
Sensor_104,944,-0.0112,-0.009789470325462667,-0.0037522702493777774,-0.015826670401547557,False,True
Sensor_104,945,-0.0109,-0.009789470325462667,-0.0037522702493777774,-0.015826670401547557,False,True
Sensor_104,946,-0.0139,-0.009789470325462667,-0.0037522702493777774,-0.015826670401547557,False,True
Sensor_104,947,-0.0115,-0.009789470325462667,-0.0037522702493777774,-0.015826670401547557,False,True
Sensor_104,948,-0.0104,-0.009789470325462667,-0.0037522702493777774,-0.015826670401547557,False,True
Sensor_104,949,-0.0107,-0.009789470325462667,-0.0037522702493777774,-0.015826670401547557,False,True
Sensor_104,950,-0.0132,-0.009789470325462667,-0.0037522702493777774,-0.015826670401547557,False,True
Sensor_104,951,-0.0103,-0.009789470325462667,-0.0037522702493777774,-0.015826670401547557,False,True
Sensor_104,961,-0.0114,-0.009789470325462667,-0.0037522702493777774,-0.015826670401547557,False,True
Sensor_104,962,-0.0113,-0.009789470325462667,-0.0037522702493777774,-0.015826670401547557,False,True
Sensor_104,963,-0.013,-0.009789470325462667,-0.0037522702493777774,-0.015826670401547557,False,True
Sensor_104,964,-0.0109,-0.009789470325462667,-0.0037522702493777774,-0.015826670401547557,False,True
Sensor_104,965,-0.0101,-0.009789470325462667,-0.0037522702493777774,-0.015826670401547557,False,True
Sensor_104,966,-0.0114,-0.009789470325462667,-0.0037522702493777774,-0.015826670401547557,False,True
Sensor_104,967,-0.0104,-0.009789470325462667,-0.0037522702493777774,-0.015826670401547557,False,True
Sensor_104,968,-0.0122,-0.009789470325462667,-0.0037522702493777774,-0.015826670401547557,False,True
Sensor_104,969,-0.011,-0.009789470325462667,-0.0037522702493777774,-0.015826670401547557,False,True
Sensor_104,970,-0.0125,-0.009789470325462667,-0.0037522702493777774,-0.015826670401547557,False,True
Sensor_104,971,-0.0103,-0.009789470325462667,-0.0037522702493777774,-0.015826670401547557,False,True
Sensor_104,972,-0.0111,-0.009789470325462667,-0.0037522702493777774,-0.015826670401547557,False,True
Sensor_104,973,-0.0128,-0.009789470325462667,-0.0037522702493777774,-0.015826670401547557,False,True
Sensor_104,974,-0.0107,-0.009789470325462667,-0.0037522702493777774,-0.015826670401547557,False,True
Sensor_104,975,-0.0124,-0.009789470325462667,-0.0037522702493777774,-0.015826670401547557,False,True
Sensor_104,976,-0.0098,-0.009789470325462667,-0.0037522702493777774,-0.015826670401547557,False,True
Sensor_104,977,-0.0116,-0.009789470325462667,-0.0037522702493777774,-0.015826670401547557,False,True
Sensor_104,1013,-0.0037,-0.009789470325462667,-0.0037522702493777774,-0.015826670401547557,True,False
Sensor_104,1022,-0.0106,-0.009789470325462667,-0.0037522702493777774,-0.015826670401547557,False,True
Sensor_104,1023,-0.0112,-0.009789470325462667,-0.0037522702493777774,-0.015826670401547557,False,True
Sensor_104,1024,-0.0103,-0.009789470325462667,-0.0037522702493777774,-0.015826670401547557,False,True
Sensor_104,1025,-0.0136,-0.009789470325462667,-0.0037522702493777774,-0.015826670401547557,False,True
Sensor_104,1026,-0.0104,-0.009789470325462667,-0.0037522702493777774,-0.015826670401547557,False,True
Sensor_104,1027,-0.0126,-0.009789470325462667,-0.0037522702493777774,-0.015826670401547557,False,True
Sensor_104,1028,-0.0111,-0.009789470325462667,-0.0037522702493777774,-0.015826670401547557,False,True
Sensor_104,1029,-0.014,-0.009789470325462667,-0.0037522702493777774,-0.015826670401547557,False,True
Sensor_104,1030,-0.0117,-0.009789470325462667,-0.0037522702493777774,-0.015826670401547557,False,True
Sensor_104,1031,-0.0146,-0.009789470325462667,-0.0037522702493777774,-0.015826670401547557,False,True
Sensor_104,1032,-0.0129,-0.009789470325462667,-0.0037522702493777774,-0.015826670401547557,False,True
Sensor_104,1053,-0.0185,-0.009789470325462667,-0.0037522702493777774,-0.015826670401547557,True,False
Sensor_104,1056,-0.0112,-0.009789470325462667,-0.0037522702493777774,-0.015826670401547557,False,True
Sensor_104,1057,-0.0133,-0.009789470325462667,-0.0037522702493777774,-0.015826670401547557,False,True
Sensor_104,1058,-0.0179,-0.009789470325462667,-0.0037522702493777774,-0.015826670401547557,True,True
Sensor_104,1059,-0.0131,-0.009789470325462667,-0.0037522702493777774,-0.015826670401547557,False,True
Sensor_104,1060,-0.0139,-0.009789470325462667,-0.0037522702493777774,-0.015826670401547557,False,True
Sensor_104,1061,-0.0147,-0.009789470325462667,-0.0037522702493777774,-0.015826670401547557,False,True
Sensor_104,1062,-0.0139,-0.009789470325462667,-0.0037522702493777774,-0.015826670401547557,False,True
Sensor_104,1079,-0.0184,-0.009789470325462667,-0.0037522702493777774,-0.015826670401547557,True,False
Sensor_104,1096,-0.014,-0.009789470325462667,-0.0037522702493777774,-0.015826670401547557,False,True
Sensor_104,1097,-0.0144,-0.009789470325462667,-0.0037522702493777774,-0.015826670401547557,False,True
Sensor_104,1111,-0.0172,-0.009789470325462667,-0.0037522702493777774,-0.015826670401547557,True,False
Sensor_104,1122,-0.0138,-0.009789470325462667,-0.0037522702493777774,-0.015826670401547557,False,True
Sensor_104,1123,-0.0122,-0.009789470325462667,-0.0037522702493777774,-0.015826670401547557,False,True
Sensor_104,1124,-0.0019,-0.009789470325462667,-0.0037522702493777774,-0.015826670401547557,True,False
Sensor_104,1133,-0.0103,-0.009789470325462667,-0.0037522702493777774,-0.015826670401547557,False,True
Sensor_104,1134,-0.0145,-0.009789470325462667,-0.0037522702493777774,-0.015826670401547557,False,True
Sensor_104,1135,-0.0116,-0.009789470325462667,-0.0037522702493777774,-0.015826670401547557,False,True
Sensor_104,1136,-0.0111,-0.009789470325462667,-0.0037522702493777774,-0.015826670401547557,False,True
Sensor_104,1137,-0.0103,-0.009789470325462667,-0.0037522702493777774,-0.015826670401547557,False,True
Sensor_104,1138,-0.0134,-0.009789470325462667,-0.0037522702493777774,-0.015826670401547557,False,True
Sensor_104,1139,-0.0125,-0.009789470325462667,-0.0037522702493777774,-0.015826670401547557,False,True
Sensor_104,1149,-0.0164,-0.009789470325462667,-0.0037522702493777774,-0.015826670401547557,True,False
Sensor_104,1151,0.0062,-0.009789470325462667,-0.0037522702493777774,-0.015826670401547557,True,False
Sensor_104,1165,-0.017,-0.009789470325462667,-0.0037522702493777774,-0.015826670401547557,True,False
Sensor_104,1168,-0.016,-0.009789470325462667,-0.0037522702493777774,-0.015826670401547557,True,False
Sensor_104,1170,-0.0141,-0.009789470325462667,-0.0037522702493777774,-0.015826670401547557,False,True
Sensor_104,1182,-0.012,-0.009789470325462667,-0.0037522702493777774,-0.015826670401547557,False,True
Sensor_104,1183,-0.0141,-0.009789470325462667,-0.0037522702493777774,-0.015826670401547557,False,True
Sensor_104,1300,-0.017,-0.009789470325462667,-0.0037522702493777774,-0.015826670401547557,True,False
Sensor_104,1341,-0.0123,-0.009789470325462667,-0.0037522702493777774,-0.015826670401547557,False,True
Sensor_104,1342,-0.0106,-0.009789470325462667,-0.0037522702493777774,-0.015826670401547557,False,True
Sensor_104,1352,-0.0125,-0.009789470325462667,-0.0037522702493777774,-0.015826670401547557,False,True
Sensor_104,1353,-0.0117,-0.009789470325462667,-0.0037522702493777774,-0.015826670401547557,False,True
Sensor_104,1354,-0.0124,-0.009789470325462667,-0.0037522702493777774,-0.015826670401547557,False,True
Sensor_104,1355,-0.0114,-0.009789470325462667,-0.0037522702493777774,-0.015826670401547557,False,True
Sensor_104,1356,-0.0117,-0.009789470325462667,-0.0037522702493777774,-0.015826670401547557,False,True
Sensor_104,1357,-0.0115,-0.009789470325462667,-0.0037522702493777774,-0.015826670401547557,False,True
Sensor_104,1358,-0.01,-0.009789470325462667,-0.0037522702493777774,-0.015826670401547557,False,True
Sensor_104,1359,-0.0118,-0.009789470325462667,-0.0037522702493777774,-0.015826670401547557,False,True
Sensor_104,1360,-0.0111,-0.009789470325462667,-0.0037522702493777774,-0.015826670401547557,False,True
Sensor_104,1361,-0.0113,-0.009789470325462667,-0.0037522702493777774,-0.015826670401547557,False,True
Sensor_104,1362,-0.0122,-0.009789470325462667,-0.0037522702493777774,-0.015826670401547557,False,True
Sensor_104,1363,-0.011,-0.009789470325462667,-0.0037522702493777774,-0.015826670401547557,False,True
Sensor_104,1409,-0.0107,-0.009789470325462667,-0.0037522702493777774,-0.015826670401547557,False,True
Sensor_104,1410,-0.013,-0.009789470325462667,-0.0037522702493777774,-0.015826670401547557,False,True
Sensor_104,1411,-0.0119,-0.009789470325462667,-0.0037522702493777774,-0.015826670401547557,False,True
Sensor_104,1412,-0.0119,-0.009789470325462667,-0.0037522702493777774,-0.015826670401547557,False,True
Sensor_104,1413,-0.0118,-0.009789470325462667,-0.0037522702493777774,-0.015826670401547557,False,True
Sensor_104,1470,-0.013,-0.009789470325462667,-0.0037522702493777774,-0.015826670401547557,False,True
Sensor_104,1471,-0.0126,-0.009789470325462667,-0.0037522702493777774,-0.015826670401547557,False,True
Sensor_104,1472,-0.0122,-0.009789470325462667,-0.0037522702493777774,-0.015826670401547557,False,True
Sensor_104,1473,-0.0126,-0.009789470325462667,-0.0037522702493777774,-0.015826670401547557,False,True
Sensor_104,1483,-0.0136,-0.009789470325462667,-0.0037522702493777774,-0.015826670401547557,False,True
Sensor_104,1519,0.0016,-0.009789470325462667,-0.0037522702493777774,-0.015826670401547557,True,False
Sensor_104,1559,-0.0104,-0.009789470325462667,-0.0037522702493777774,-0.015826670401547557,False,True
Sensor_104,1560,-0.0114,-0.009789470325462667,-0.0037522702493777774,-0.015826670401547557,False,True
Sensor_104,1561,-0.0134,-0.009789470325462667,-0.0037522702493777774,-0.015826670401547557,False,True
Sensor_041,2,14.37,68.06396617740907,116.3607821606704,19.76715019414774,True,False
Sensor_041,10,14.37,68.06396617740907,116.3607821606704,19.76715019414774,True,False
Sensor_041,18,4.138,68.06396617740907,116.3607821606704,19.76715019414774,True,False
Sensor_041,20,1.434,68.06396617740907,116.3607821606704,19.76715019414774,True,False
Sensor_041,21,4.198,68.06396617740907,116.3607821606704,19.76715019414774,True,False
Sensor_041,22,5.988,68.06396617740907,116.3607821606704,19.76715019414774,True,False
Sensor_041,24,14.41,68.06396617740907,116.3607821606704,19.76715019414774,True,False
Sensor_041,29,14.14,68.06396617740907,116.3607821606704,19.76715019414774,True,False
Sensor_041,31,14.26,68.06396617740907,116.3607821606704,19.76715019414774,True,False
Sensor_041,36,14.14,68.06396617740907,116.3607821606704,19.76715019414774,True,False
Sensor_041,37,14.14,68.06396617740907,116.3607821606704,19.76715019414774,True,False
Sensor_041,38,14.37,68.06396617740907,116.3607821606704,19.76715019414774,True,False
Sensor_041,46,14.41,68.06396617740907,116.3607821606704,19.76715019414774,True,False
Sensor_041,51,14.41,68.06396617740907,116.3607821606704,19.76715019414774,True,False
Sensor_041,57,14.41,68.06396617740907,116.3607821606704,19.76715019414774,True,False
Sensor_041,61,14.14,68.06396617740907,116.3607821606704,19.76715019414774,True,False
Sensor_041,68,14.26,68.06396617740907,116.3607821606704,19.76715019414774,True,False
Sensor_041,72,14.41,68.06396617740907,116.3607821606704,19.76715019414774,True,False
Sensor_041,74,13.92,68.06396617740907,116.3607821606704,19.76715019414774,True,False
Sensor_041,75,14.14,68.06396617740907,116.3607821606704,19.76715019414774,True,False
Sensor_041,76,13.92,68.06396617740907,116.3607821606704,19.76715019414774,True,False
Sensor_041,83,14.55,68.06396617740907,116.3607821606704,19.76715019414774,True,False
Sensor_041,92,72.29,68.06396617740907,116.3607821606704,19.76715019414774,False,True
Sensor_041,93,76.67,68.06396617740907,116.3607821606704,19.76715019414774,False,True
Sensor_041,94,76.33,68.06396617740907,116.3607821606704,19.76715019414774,False,True
Sensor_041,95,78.25,68.06396617740907,116.3607821606704,19.76715019414774,False,True
Sensor_041,96,14.14,68.06396617740907,116.3607821606704,19.76715019414774,True,False
Sensor_041,102,14.71,68.06396617740907,116.3607821606704,19.76715019414774,True,False
Sensor_041,104,13.92,68.06396617740907,116.3607821606704,19.76715019414774,True,False
Sensor_041,105,14.71,68.06396617740907,116.3607821606704,19.76715019414774,True,False
Sensor_041,107,13.92,68.06396617740907,116.3607821606704,19.76715019414774,True,False
Sensor_041,108,13.92,68.06396617740907,116.3607821606704,19.76715019414774,True,False
Sensor_041,111,14.55,68.06396617740907,116.3607821606704,19.76715019414774,True,False
Sensor_041,114,14.71,68.06396617740907,116.3607821606704,19.76715019414774,True,False
Sensor_041,117,13.92,68.06396617740907,116.3607821606704,19.76715019414774,True,False
Sensor_041,125,13.77,68.06396617740907,116.3607821606704,19.76715019414774,True,False
Sensor_041,136,14.55,68.06396617740907,116.3607821606704,19.76715019414774,True,False
Sensor_041,138,14.71,68.06396617740907,116.3607821606704,19.76715019414774,True,False
Sensor_041,143,14.41,68.06396617740907,116.3607821606704,19.76715019414774,True,False
Sensor_041,145,13.77,68.06396617740907,116.3607821606704,19.76715019414774,True,False
Sensor_041,146,14.55,68.06396617740907,116.3607821606704,19.76715019414774,True,False
Sensor_041,152,14.71,68.06396617740907,116.3607821606704,19.76715019414774,True,False
Sensor_041,154,14.55,68.06396617740907,116.3607821606704,19.76715019414774,True,False
Sensor_041,161,13.77,68.06396617740907,116.3607821606704,19.76715019414774,True,False
Sensor_041,171,13.77,68.06396617740907,116.3607821606704,19.76715019414774,True,False
Sensor_041,172,14.41,68.06396617740907,116.3607821606704,19.76715019414774,True,False
Sensor_041,173,14.55,68.06396617740907,116.3607821606704,19.76715019414774,True,False
Sensor_041,175,14.55,68.06396617740907,116.3607821606704,19.76715019414774,True,False
Sensor_041,180,13.77,68.06396617740907,116.3607821606704,19.76715019414774,True,False
Sensor_041,182,13.77,68.06396617740907,116.3607821606704,19.76715019414774,True,False
Sensor_041,189,13.92,68.06396617740907,116.3607821606704,19.76715019414774,True,False
Sensor_041,199,13.77,68.06396617740907,116.3607821606704,19.76715019414774,True,False
Sensor_041,205,16.36,68.06396617740907,116.3607821606704,19.76715019414774,True,False
Sensor_041,206,11.52,68.06396617740907,116.3607821606704,19.76715019414774,True,False
Sensor_041,225,16.36,68.06396617740907,116.3607821606704,19.76715019414774,True,False
Sensor_041,227,14.26,68.06396617740907,116.3607821606704,19.76715019414774,True,False
Sensor_041,234,14.26,68.06396617740907,116.3607821606704,19.76715019414774,True,False
Sensor_041,235,14.26,68.06396617740907,116.3607821606704,19.76715019414774,True,False
Sensor_041,239,14.26,68.06396617740907,116.3607821606704,19.76715019414774,True,False
Sensor_041,240,16.36,68.06396617740907,116.3607821606704,19.76715019414774,True,False
Sensor_041,246,14.0,68.06396617740907,116.3607821606704,19.76715019414774,True,False
Sensor_041,248,16.53,68.06396617740907,116.3607821606704,19.76715019414774,True,False
Sensor_041,250,14.26,68.06396617740907,116.3607821606704,19.76715019414774,True,False
Sensor_041,251,16.53,68.06396617740907,116.3607821606704,19.76715019414774,True,False
Sensor_041,254,11.52,68.06396617740907,116.3607821606704,19.76715019414774,True,False
Sensor_041,263,14.1,68.06396617740907,116.3607821606704,19.76715019414774,True,False
Sensor_041,267,11.52,68.06396617740907,116.3607821606704,19.76715019414774,True,False
Sensor_041,268,14.0,68.06396617740907,116.3607821606704,19.76715019414774,True,False
Sensor_041,280,11.52,68.06396617740907,116.3607821606704,19.76715019414774,True,False
Sensor_041,281,14.1,68.06396617740907,116.3607821606704,19.76715019414774,True,False
Sensor_041,286,14.26,68.06396617740907,116.3607821606704,19.76715019414774,True,False
Sensor_041,291,11.52,68.06396617740907,116.3607821606704,19.76715019414774,True,False
Sensor_041,307,14.0,68.06396617740907,116.3607821606704,19.76715019414774,True,False
Sensor_041,311,16.53,68.06396617740907,116.3607821606704,19.76715019414774,True,False
Sensor_041,313,14.1,68.06396617740907,116.3607821606704,19.76715019414774,True,False
Sensor_041,318,14.1,68.06396617740907,116.3607821606704,19.76715019414774,True,False
Sensor_041,322,14.1,68.06396617740907,116.3607821606704,19.76715019414774,True,False
Sensor_041,336,76.05,68.06396617740907,116.3607821606704,19.76715019414774,False,True
Sensor_041,337,78.3,68.06396617740907,116.3607821606704,19.76715019414774,False,True
Sensor_041,338,78.3,68.06396617740907,116.3607821606704,19.76715019414774,False,True
Sensor_041,339,78.3,68.06396617740907,116.3607821606704,19.76715019414774,False,True
Sensor_041,340,77.83,68.06396617740907,116.3607821606704,19.76715019414774,False,True
Sensor_041,341,79.06,68.06396617740907,116.3607821606704,19.76715019414774,False,True
Sensor_041,344,14.0,68.06396617740907,116.3607821606704,19.76715019414774,True,False
Sensor_041,362,16.53,68.06396617740907,116.3607821606704,19.76715019414774,True,False
Sensor_041,364,14.0,68.06396617740907,116.3607821606704,19.76715019414774,True,False
Sensor_041,384,14.1,68.06396617740907,116.3607821606704,19.76715019414774,True,False
Sensor_041,386,14.1,68.06396617740907,116.3607821606704,19.76715019414774,True,False
Sensor_041,388,14.0,68.06396617740907,116.3607821606704,19.76715019414774,True,False
Sensor_041,393,11.52,68.06396617740907,116.3607821606704,19.76715019414774,True,False
Sensor_041,397,16.64,68.06396617740907,116.3607821606704,19.76715019414774,True,False
Sensor_041,427,2.332,68.06396617740907,116.3607821606704,19.76715019414774,True,False
Sensor_041,428,2.332,68.06396617740907,116.3607821606704,19.76715019414774,True,False
Sensor_041,432,14.73,68.06396617740907,116.3607821606704,19.76715019414774,True,False
Sensor_041,444,77.74,68.06396617740907,116.3607821606704,19.76715019414774,False,True
Sensor_041,445,79.06,68.06396617740907,116.3607821606704,19.76715019414774,False,True
Sensor_041,446,75.55,68.06396617740907,116.3607821606704,19.76715019414774,False,True
Sensor_041,447,14.73,68.06396617740907,116.3607821606704,19.76715019414774,True,False
Sensor_041,457,2.332,68.06396617740907,116.3607821606704,19.76715019414774,True,False
Sensor_041,460,16.64,68.06396617740907,116.3607821606704,19.76715019414774,True,False
Sensor_041,470,14.73,68.06396617740907,116.3607821606704,19.76715019414774,True,False
Sensor_041,481,16.53,68.06396617740907,116.3607821606704,19.76715019414774,True,False
Sensor_041,483,16.64,68.06396617740907,116.3607821606704,19.76715019414774,True,False
Sensor_041,486,13.69,68.06396617740907,116.3607821606704,19.76715019414774,True,False
Sensor_041,488,2.332,68.06396617740907,116.3607821606704,19.76715019414774,True,False
Sensor_041,493,13.69,68.06396617740907,116.3607821606704,19.76715019414774,True,False
Sensor_041,494,14.73,68.06396617740907,116.3607821606704,19.76715019414774,True,False
Sensor_041,497,13.69,68.06396617740907,116.3607821606704,19.76715019414774,True,False
Sensor_041,502,14.73,68.06396617740907,116.3607821606704,19.76715019414774,True,False
Sensor_041,510,16.64,68.06396617740907,116.3607821606704,19.76715019414774,True,False
Sensor_041,515,2.332,68.06396617740907,116.3607821606704,19.76715019414774,True,False
Sensor_041,518,13.69,68.06396617740907,116.3607821606704,19.76715019414774,True,False
Sensor_041,521,14.73,68.06396617740907,116.3607821606704,19.76715019414774,True,False
Sensor_041,523,14.88,68.06396617740907,116.3607821606704,19.76715019414774,True,False
Sensor_041,524,13.69,68.06396617740907,116.3607821606704,19.76715019414774,True,False
Sensor_041,543,16.64,68.06396617740907,116.3607821606704,19.76715019414774,True,False
Sensor_041,548,14.88,68.06396617740907,116.3607821606704,19.76715019414774,True,False
Sensor_041,553,13.83,68.06396617740907,116.3607821606704,19.76715019414774,True,False
Sensor_041,563,14.88,68.06396617740907,116.3607821606704,19.76715019414774,True,False
Sensor_041,564,2.126,68.06396617740907,116.3607821606704,19.76715019414774,True,False
Sensor_041,573,77.63,68.06396617740907,116.3607821606704,19.76715019414774,False,True
Sensor_041,574,77.84,68.06396617740907,116.3607821606704,19.76715019414774,False,True
Sensor_041,575,78.33,68.06396617740907,116.3607821606704,19.76715019414774,False,True
Sensor_041,576,77.72,68.06396617740907,116.3607821606704,19.76715019414774,False,True
Sensor_041,577,75.71,68.06396617740907,116.3607821606704,19.76715019414774,False,True
Sensor_041,578,2.126,68.06396617740907,116.3607821606704,19.76715019414774,True,False
Sensor_041,579,14.88,68.06396617740907,116.3607821606704,19.76715019414774,True,False
Sensor_041,583,2.332,68.06396617740907,116.3607821606704,19.76715019414774,True,False
Sensor_041,592,77.9,68.06396617740907,116.3607821606704,19.76715019414774,False,True
Sensor_041,593,77.84,68.06396617740907,116.3607821606704,19.76715019414774,False,True
Sensor_041,594,76.15,68.06396617740907,116.3607821606704,19.76715019414774,False,True
Sensor_041,595,16.64,68.06396617740907,116.3607821606704,19.76715019414774,True,False
Sensor_041,602,2.332,68.06396617740907,116.3607821606704,19.76715019414774,True,False
Sensor_041,604,14.67,68.06396617740907,116.3607821606704,19.76715019414774,True,False
Sensor_041,614,13.83,68.06396617740907,116.3607821606704,19.76715019414774,True,False
Sensor_041,623,78.29,68.06396617740907,116.3607821606704,19.76715019414774,False,True
Sensor_041,624,79.0,68.06396617740907,116.3607821606704,19.76715019414774,False,True
Sensor_041,625,79.05,68.06396617740907,116.3607821606704,19.76715019414774,False,True
Sensor_041,626,76.89,68.06396617740907,116.3607821606704,19.76715019414774,False,True
Sensor_041,627,75.71,68.06396617740907,116.3607821606704,19.76715019414774,False,True
Sensor_041,628,78.29,68.06396617740907,116.3607821606704,19.76715019414774,False,True
Sensor_041,629,77.72,68.06396617740907,116.3607821606704,19.76715019414774,False,True
Sensor_041,630,75.71,68.06396617740907,116.3607821606704,19.76715019414774,False,True
Sensor_041,631,79.07,68.06396617740907,116.3607821606704,19.76715019414774,False,True
Sensor_041,632,76.89,68.06396617740907,116.3607821606704,19.76715019414774,False,True
Sensor_041,633,78.4,68.06396617740907,116.3607821606704,19.76715019414774,False,True
Sensor_041,634,77.9,68.06396617740907,116.3607821606704,19.76715019414774,False,True
Sensor_041,635,78.0,68.06396617740907,116.3607821606704,19.76715019414774,False,True
Sensor_041,636,78.29,68.06396617740907,116.3607821606704,19.76715019414774,False,True
Sensor_041,637,78.33,68.06396617740907,116.3607821606704,19.76715019414774,False,True
Sensor_041,638,77.63,68.06396617740907,116.3607821606704,19.76715019414774,False,True
Sensor_041,639,2.126,68.06396617740907,116.3607821606704,19.76715019414774,True,False
Sensor_041,640,13.83,68.06396617740907,116.3607821606704,19.76715019414774,True,False
Sensor_041,641,13.69,68.06396617740907,116.3607821606704,19.76715019414774,True,False
Sensor_041,642,13.83,68.06396617740907,116.3607821606704,19.76715019414774,True,False
Sensor_041,647,14.88,68.06396617740907,116.3607821606704,19.76715019414774,True,False
Sensor_041,651,13.83,68.06396617740907,116.3607821606704,19.76715019414774,True,False
Sensor_041,665,13.83,68.06396617740907,116.3607821606704,19.76715019414774,True,False
Sensor_041,674,80.71,68.06396617740907,116.3607821606704,19.76715019414774,False,True
Sensor_041,675,76.61,68.06396617740907,116.3607821606704,19.76715019414774,False,True
Sensor_041,676,78.33,68.06396617740907,116.3607821606704,19.76715019414774,False,True
Sensor_041,677,78.33,68.06396617740907,116.3607821606704,19.76715019414774,False,True
Sensor_041,680,14.88,68.06396617740907,116.3607821606704,19.76715019414774,True,False
Sensor_041,686,14.88,68.06396617740907,116.3607821606704,19.76715019414774,True,False
Sensor_041,698,77.26,68.06396617740907,116.3607821606704,19.76715019414774,False,True
Sensor_041,699,76.89,68.06396617740907,116.3607821606704,19.76715019414774,False,True
Sensor_041,700,78.68,68.06396617740907,116.3607821606704,19.76715019414774,False,True
Sensor_041,701,78.63,68.06396617740907,116.3607821606704,19.76715019414774,False,True
Sensor_041,702,79.07,68.06396617740907,116.3607821606704,19.76715019414774,False,True
Sensor_041,703,78.95,68.06396617740907,116.3607821606704,19.76715019414774,False,True
Sensor_041,704,78.52,68.06396617740907,116.3607821606704,19.76715019414774,False,True
Sensor_041,705,76.61,68.06396617740907,116.3607821606704,19.76715019414774,False,True
Sensor_041,706,75.71,68.06396617740907,116.3607821606704,19.76715019414774,False,True
Sensor_041,707,78.29,68.06396617740907,116.3607821606704,19.76715019414774,False,True
Sensor_041,708,78.29,68.06396617740907,116.3607821606704,19.76715019414774,False,True
Sensor_041,709,77.26,68.06396617740907,116.3607821606704,19.76715019414774,False,True
Sensor_041,710,79.05,68.06396617740907,116.3607821606704,19.76715019414774,False,True
Sensor_041,711,78.04,68.06396617740907,116.3607821606704,19.76715019414774,False,True
Sensor_041,712,78.04,68.06396617740907,116.3607821606704,19.76715019414774,False,True
Sensor_041,713,76.76,68.06396617740907,116.3607821606704,19.76715019414774,False,True
Sensor_041,714,2.126,68.06396617740907,116.3607821606704,19.76715019414774,True,False
Sensor_041,720,12.19,68.06396617740907,116.3607821606704,19.76715019414774,True,False
Sensor_041,722,12.19,68.06396617740907,116.3607821606704,19.76715019414774,True,False
Sensor_041,725,2.126,68.06396617740907,116.3607821606704,19.76715019414774,True,False
Sensor_041,747,2.126,68.06396617740907,116.3607821606704,19.76715019414774,True,False
Sensor_041,754,16.64,68.06396617740907,116.3607821606704,19.76715019414774,True,False
Sensor_041,778,80.28,68.06396617740907,116.3607821606704,19.76715019414774,False,True
Sensor_041,779,81.06,68.06396617740907,116.3607821606704,19.76715019414774,False,True
Sensor_041,780,80.91,68.06396617740907,116.3607821606704,19.76715019414774,False,True
Sensor_041,781,79.31,68.06396617740907,116.3607821606704,19.76715019414774,False,True
Sensor_041,782,81.55,68.06396617740907,116.3607821606704,19.76715019414774,False,True
Sensor_041,783,80.93,68.06396617740907,116.3607821606704,19.76715019414774,False,True
Sensor_041,784,78.49,68.06396617740907,116.3607821606704,19.76715019414774,False,True
Sensor_041,785,81.06,68.06396617740907,116.3607821606704,19.76715019414774,False,True
Sensor_041,786,80.55,68.06396617740907,116.3607821606704,19.76715019414774,False,True
Sensor_041,787,3.625,68.06396617740907,116.3607821606704,19.76715019414774,True,False
Sensor_041,801,2.126,68.06396617740907,116.3607821606704,19.76715019414774,True,False
Sensor_041,810,78.29,68.06396617740907,116.3607821606704,19.76715019414774,False,True
Sensor_041,811,80.93,68.06396617740907,116.3607821606704,19.76715019414774,False,True
Sensor_041,812,80.93,68.06396617740907,116.3607821606704,19.76715019414774,False,True
Sensor_041,813,80.93,68.06396617740907,116.3607821606704,19.76715019414774,False,True
Sensor_041,814,77.84,68.06396617740907,116.3607821606704,19.76715019414774,False,True
Sensor_041,815,81.06,68.06396617740907,116.3607821606704,19.76715019414774,False,True
Sensor_041,816,80.93,68.06396617740907,116.3607821606704,19.76715019414774,False,True
Sensor_041,817,80.55,68.06396617740907,116.3607821606704,19.76715019414774,False,True
Sensor_041,818,79.53,68.06396617740907,116.3607821606704,19.76715019414774,False,True
Sensor_041,819,80.01,68.06396617740907,116.3607821606704,19.76715019414774,False,True
Sensor_041,820,81.66,68.06396617740907,116.3607821606704,19.76715019414774,False,True
Sensor_041,821,80.18,68.06396617740907,116.3607821606704,19.76715019414774,False,True
Sensor_041,822,78.27,68.06396617740907,116.3607821606704,19.76715019414774,False,True
Sensor_041,823,81.66,68.06396617740907,116.3607821606704,19.76715019414774,False,True
Sensor_041,824,81.27,68.06396617740907,116.3607821606704,19.76715019414774,False,True
Sensor_041,825,78.27,68.06396617740907,116.3607821606704,19.76715019414774,False,True
Sensor_041,826,82.25,68.06396617740907,116.3607821606704,19.76715019414774,False,True
Sensor_041,827,79.38,68.06396617740907,116.3607821606704,19.76715019414774,False,True
Sensor_041,837,81.06,68.06396617740907,116.3607821606704,19.76715019414774,False,True
Sensor_041,838,81.74,68.06396617740907,116.3607821606704,19.76715019414774,False,True
Sensor_041,839,79.53,68.06396617740907,116.3607821606704,19.76715019414774,False,True
Sensor_041,840,80.57,68.06396617740907,116.3607821606704,19.76715019414774,False,True
Sensor_041,841,81.27,68.06396617740907,116.3607821606704,19.76715019414774,False,True
Sensor_041,842,76.72,68.06396617740907,116.3607821606704,19.76715019414774,False,True
Sensor_041,843,81.27,68.06396617740907,116.3607821606704,19.76715019414774,False,True
Sensor_041,844,80.93,68.06396617740907,116.3607821606704,19.76715019414774,False,True
Sensor_041,845,80.93,68.06396617740907,116.3607821606704,19.76715019414774,False,True
Sensor_041,846,76.72,68.06396617740907,116.3607821606704,19.76715019414774,False,True
Sensor_041,847,80.86,68.06396617740907,116.3607821606704,19.76715019414774,False,True
Sensor_041,848,79.94,68.06396617740907,116.3607821606704,19.76715019414774,False,True
Sensor_041,849,80.18,68.06396617740907,116.3607821606704,19.76715019414774,False,True
Sensor_041,850,80.18,68.06396617740907,116.3607821606704,19.76715019414774,False,True
Sensor_041,851,10.11,68.06396617740907,116.3607821606704,19.76715019414774,True,False
Sensor_041,860,76.72,68.06396617740907,116.3607821606704,19.76715019414774,False,True
Sensor_041,861,12.19,68.06396617740907,116.3607821606704,19.76715019414774,True,False
Sensor_041,869,10.11,68.06396617740907,116.3607821606704,19.76715019414774,True,False
Sensor_041,874,10.11,68.06396617740907,116.3607821606704,19.76715019414774,True,False
Sensor_041,883,79.61,68.06396617740907,116.3607821606704,19.76715019414774,False,True
Sensor_041,884,80.31,68.06396617740907,116.3607821606704,19.76715019414774,False,True
Sensor_041,885,80.14,68.06396617740907,116.3607821606704,19.76715019414774,False,True
Sensor_041,886,80.63,68.06396617740907,116.3607821606704,19.76715019414774,False,True
Sensor_041,887,80.14,68.06396617740907,116.3607821606704,19.76715019414774,False,True
Sensor_041,888,79.02,68.06396617740907,116.3607821606704,19.76715019414774,False,True
Sensor_041,889,78.29,68.06396617740907,116.3607821606704,19.76715019414774,False,True
Sensor_041,890,78.53,68.06396617740907,116.3607821606704,19.76715019414774,False,True
Sensor_041,891,78.29,68.06396617740907,116.3607821606704,19.76715019414774,False,True
Sensor_041,892,81.43,68.06396617740907,116.3607821606704,19.76715019414774,False,True
Sensor_041,893,80.86,68.06396617740907,116.3607821606704,19.76715019414774,False,True
Sensor_041,894,78.29,68.06396617740907,116.3607821606704,19.76715019414774,False,True
Sensor_041,895,80.63,68.06396617740907,116.3607821606704,19.76715019414774,False,True
Sensor_041,896,76.72,68.06396617740907,116.3607821606704,19.76715019414774,False,True
Sensor_041,897,80.86,68.06396617740907,116.3607821606704,19.76715019414774,False,True
Sensor_041,898,78.29,68.06396617740907,116.3607821606704,19.76715019414774,False,True
Sensor_041,899,78.17,68.06396617740907,116.3607821606704,19.76715019414774,False,True
Sensor_041,900,78.29,68.06396617740907,116.3607821606704,19.76715019414774,False,True
Sensor_041,901,79.21,68.06396617740907,116.3607821606704,19.76715019414774,False,True
Sensor_041,902,80.62,68.06396617740907,116.3607821606704,19.76715019414774,False,True
Sensor_041,903,13.6,68.06396617740907,116.3607821606704,19.76715019414774,True,False
Sensor_041,910,10.82,68.06396617740907,116.3607821606704,19.76715019414774,True,False
Sensor_041,919,79.86,68.06396617740907,116.3607821606704,19.76715019414774,False,True
Sensor_041,920,79.31,68.06396617740907,116.3607821606704,19.76715019414774,False,True
Sensor_041,921,80.14,68.06396617740907,116.3607821606704,19.76715019414774,False,True
Sensor_041,922,79.02,68.06396617740907,116.3607821606704,19.76715019414774,False,True
Sensor_041,923,80.93,68.06396617740907,116.3607821606704,19.76715019414774,False,True
Sensor_041,924,78.17,68.06396617740907,116.3607821606704,19.76715019414774,False,True
Sensor_041,925,79.94,68.06396617740907,116.3607821606704,19.76715019414774,False,True
Sensor_041,926,79.86,68.06396617740907,116.3607821606704,19.76715019414774,False,True
Sensor_041,927,80.18,68.06396617740907,116.3607821606704,19.76715019414774,False,True
Sensor_041,928,12.19,68.06396617740907,116.3607821606704,19.76715019414774,True,False
Sensor_041,937,78.53,68.06396617740907,116.3607821606704,19.76715019414774,False,True
Sensor_041,938,80.86,68.06396617740907,116.3607821606704,19.76715019414774,False,True
Sensor_041,939,81.19,68.06396617740907,116.3607821606704,19.76715019414774,False,True
Sensor_041,940,79.02,68.06396617740907,116.3607821606704,19.76715019414774,False,True
Sensor_041,941,78.52,68.06396617740907,116.3607821606704,19.76715019414774,False,True
Sensor_041,942,77.83,68.06396617740907,116.3607821606704,19.76715019414774,False,True
Sensor_041,943,80.14,68.06396617740907,116.3607821606704,19.76715019414774,False,True
Sensor_041,944,8.011,68.06396617740907,116.3607821606704,19.76715019414774,True,False
Sensor_041,947,8.011,68.06396617740907,116.3607821606704,19.76715019414774,True,False
Sensor_041,956,77.33,68.06396617740907,116.3607821606704,19.76715019414774,False,True
Sensor_041,957,80.62,68.06396617740907,116.3607821606704,19.76715019414774,False,True
Sensor_041,958,78.17,68.06396617740907,116.3607821606704,19.76715019414774,False,True
Sensor_041,959,81.19,68.06396617740907,116.3607821606704,19.76715019414774,False,True
Sensor_041,960,77.83,68.06396617740907,116.3607821606704,19.76715019414774,False,True
Sensor_041,961,77.76,68.06396617740907,116.3607821606704,19.76715019414774,False,True
Sensor_041,962,79.02,68.06396617740907,116.3607821606704,19.76715019414774,False,True
Sensor_041,963,78.53,68.06396617740907,116.3607821606704,19.76715019414774,False,True
Sensor_041,964,76.88,68.06396617740907,116.3607821606704,19.76715019414774,False,True
Sensor_041,965,77.68,68.06396617740907,116.3607821606704,19.76715019414774,False,True
Sensor_041,966,76.88,68.06396617740907,116.3607821606704,19.76715019414774,False,True
Sensor_041,967,81.19,68.06396617740907,116.3607821606704,19.76715019414774,False,True
Sensor_041,968,78.29,68.06396617740907,116.3607821606704,19.76715019414774,False,True
Sensor_041,969,10.24,68.06396617740907,116.3607821606704,19.76715019414774,True,False
Sensor_041,971,10.82,68.06396617740907,116.3607821606704,19.76715019414774,True,False
Sensor_041,972,8.967,68.06396617740907,116.3607821606704,19.76715019414774,True,False
Sensor_041,975,10.82,68.06396617740907,116.3607821606704,19.76715019414774,True,False
Sensor_041,984,79.82,68.06396617740907,116.3607821606704,19.76715019414774,False,True
Sensor_041,985,80.2,68.06396617740907,116.3607821606704,19.76715019414774,False,True
Sensor_041,986,13.6,68.06396617740907,116.3607821606704,19.76715019414774,True,False
Sensor_041,988,8.967,68.06396617740907,116.3607821606704,19.76715019414774,True,False
Sensor_041,997,81.74,68.06396617740907,116.3607821606704,19.76715019414774,False,True
Sensor_041,998,77.33,68.06396617740907,116.3607821606704,19.76715019414774,False,True
Sensor_041,999,78.98,68.06396617740907,116.3607821606704,19.76715019414774,False,True
Sensor_041,1000,81.74,68.06396617740907,116.3607821606704,19.76715019414774,False,True
Sensor_041,1001,79.94,68.06396617740907,116.3607821606704,19.76715019414774,False,True
Sensor_041,1002,79.27,68.06396617740907,116.3607821606704,19.76715019414774,False,True
Sensor_041,1003,13.6,68.06396617740907,116.3607821606704,19.76715019414774,True,False
Sensor_041,1009,10.82,68.06396617740907,116.3607821606704,19.76715019414774,True,False
Sensor_041,1012,8.011,68.06396617740907,116.3607821606704,19.76715019414774,True,False
Sensor_041,1014,13.97,68.06396617740907,116.3607821606704,19.76715019414774,True,False
Sensor_041,1020,8.967,68.06396617740907,116.3607821606704,19.76715019414774,True,False
Sensor_041,1029,76.88,68.06396617740907,116.3607821606704,19.76715019414774,False,True
Sensor_041,1030,8.518,68.06396617740907,116.3607821606704,19.76715019414774,True,False
Sensor_041,1036,13.97,68.06396617740907,116.3607821606704,19.76715019414774,True,False
Sensor_041,1037,15.69,68.06396617740907,116.3607821606704,19.76715019414774,True,False
Sensor_041,1039,13.6,68.06396617740907,116.3607821606704,19.76715019414774,True,False
Sensor_041,1040,13.6,68.06396617740907,116.3607821606704,19.76715019414774,True,False
Sensor_041,1043,10.82,68.06396617740907,116.3607821606704,19.76715019414774,True,False
Sensor_041,1044,13.97,68.06396617740907,116.3607821606704,19.76715019414774,True,False
Sensor_041,1045,8.011,68.06396617740907,116.3607821606704,19.76715019414774,True,False
Sensor_041,1054,78.42,68.06396617740907,116.3607821606704,19.76715019414774,False,True
Sensor_041,1055,80.31,68.06396617740907,116.3607821606704,19.76715019414774,False,True
Sensor_041,1056,77.33,68.06396617740907,116.3607821606704,19.76715019414774,False,True
Sensor_041,1057,78.86,68.06396617740907,116.3607821606704,19.76715019414774,False,True
Sensor_041,1058,78.49,68.06396617740907,116.3607821606704,19.76715019414774,False,True
Sensor_041,1059,13.97,68.06396617740907,116.3607821606704,19.76715019414774,True,False
Sensor_041,1064,15.69,68.06396617740907,116.3607821606704,19.76715019414774,True,False
Sensor_041,1065,8.967,68.06396617740907,116.3607821606704,19.76715019414774,True,False
Sensor_041,1074,79.9,68.06396617740907,116.3607821606704,19.76715019414774,False,True
Sensor_041,1075,77.83,68.06396617740907,116.3607821606704,19.76715019414774,False,True
Sensor_041,1076,77.44,68.06396617740907,116.3607821606704,19.76715019414774,False,True
Sensor_041,1077,75.34,68.06396617740907,116.3607821606704,19.76715019414774,False,True
Sensor_041,1078,84.4,68.06396617740907,116.3607821606704,19.76715019414774,False,True
Sensor_041,1079,78.29,68.06396617740907,116.3607821606704,19.76715019414774,False,True
Sensor_041,1080,80.84,68.06396617740907,116.3607821606704,19.76715019414774,False,True
Sensor_041,1081,10.24,68.06396617740907,116.3607821606704,19.76715019414774,True,False
Sensor_041,1083,8.779,68.06396617740907,116.3607821606704,19.76715019414774,True,False
Sensor_041,1089,8.518,68.06396617740907,116.3607821606704,19.76715019414774,True,False
Sensor_041,1092,12.94,68.06396617740907,116.3607821606704,19.76715019414774,True,False
Sensor_041,1098,8.779,68.06396617740907,116.3607821606704,19.76715019414774,True,False
Sensor_041,1100,12.94,68.06396617740907,116.3607821606704,19.76715019414774,True,False
Sensor_041,1109,78.86,68.06396617740907,116.3607821606704,19.76715019414774,False,True
Sensor_041,1110,78.95,68.06396617740907,116.3607821606704,19.76715019414774,False,True
Sensor_041,1111,82.21,68.06396617740907,116.3607821606704,19.76715019414774,False,True
Sensor_041,1112,10.24,68.06396617740907,116.3607821606704,19.76715019414774,True,False
Sensor_041,1115,13.97,68.06396617740907,116.3607821606704,19.76715019414774,True,False
Sensor_041,1119,8.518,68.06396617740907,116.3607821606704,19.76715019414774,True,False
Sensor_041,1122,8.779,68.06396617740907,116.3607821606704,19.76715019414774,True,False
Sensor_041,1124,12.94,68.06396617740907,116.3607821606704,19.76715019414774,True,False
Sensor_041,1125,12.94,68.06396617740907,116.3607821606704,19.76715019414774,True,False
Sensor_041,1126,8.779,68.06396617740907,116.3607821606704,19.76715019414774,True,False
Sensor_041,1135,78.79,68.06396617740907,116.3607821606704,19.76715019414774,False,True
Sensor_041,1136,80.67,68.06396617740907,116.3607821606704,19.76715019414774,False,True
Sensor_041,1137,12.94,68.06396617740907,116.3607821606704,19.76715019414774,True,False
Sensor_041,1144,12.94,68.06396617740907,116.3607821606704,19.76715019414774,True,False
Sensor_041,1145,4.14,68.06396617740907,116.3607821606704,19.76715019414774,True,False
Sensor_041,1147,7.74,68.06396617740907,116.3607821606704,19.76715019414774,True,False
Sensor_041,1156,79.82,68.06396617740907,116.3607821606704,19.76715019414774,False,True
Sensor_041,1157,78.7,68.06396617740907,116.3607821606704,19.76715019414774,False,True
Sensor_041,1158,8.518,68.06396617740907,116.3607821606704,19.76715019414774,True,False
Sensor_041,1159,10.11,68.06396617740907,116.3607821606704,19.76715019414774,True,False
Sensor_041,1168,78.79,68.06396617740907,116.3607821606704,19.76715019414774,False,True
Sensor_041,1169,10.11,68.06396617740907,116.3607821606704,19.76715019414774,True,False
Sensor_041,1178,78.95,68.06396617740907,116.3607821606704,19.76715019414774,False,True
Sensor_041,1179,81.32,68.06396617740907,116.3607821606704,19.76715019414774,False,True
Sensor_041,1180,81.4,68.06396617740907,116.3607821606704,19.76715019414774,False,True
Sensor_041,1181,80.43,68.06396617740907,116.3607821606704,19.76715019414774,False,True
Sensor_041,1182,80.44,68.06396617740907,116.3607821606704,19.76715019414774,False,True
Sensor_041,1183,76.44,68.06396617740907,116.3607821606704,19.76715019414774,False,True
Sensor_041,1184,81.73,68.06396617740907,116.3607821606704,19.76715019414774,False,True
Sensor_041,1185,78.93,68.06396617740907,116.3607821606704,19.76715019414774,False,True
Sensor_041,1186,79.94,68.06396617740907,116.3607821606704,19.76715019414774,False,True
Sensor_041,1187,76.87,68.06396617740907,116.3607821606704,19.76715019414774,False,True
Sensor_041,1188,15.69,68.06396617740907,116.3607821606704,19.76715019414774,True,False
Sensor_041,1190,4.108,68.06396617740907,116.3607821606704,19.76715019414774,True,False
Sensor_041,1196,13.97,68.06396617740907,116.3607821606704,19.76715019414774,True,False
Sensor_041,1200,10.24,68.06396617740907,116.3607821606704,19.76715019414774,True,False
Sensor_041,1201,4.542,68.06396617740907,116.3607821606704,19.76715019414774,True,False
Sensor_041,1202,10.24,68.06396617740907,116.3607821606704,19.76715019414774,True,False
Sensor_041,1204,7.74,68.06396617740907,116.3607821606704,19.76715019414774,True,False
Sensor_041,1210,7.74,68.06396617740907,116.3607821606704,19.76715019414774,True,False
Sensor_041,1215,13.6,68.06396617740907,116.3607821606704,19.76715019414774,True,False
Sensor_041,1216,8.532,68.06396617740907,116.3607821606704,19.76715019414774,True,False
Sensor_041,1221,15.69,68.06396617740907,116.3607821606704,19.76715019414774,True,False
Sensor_041,1224,8.243,68.06396617740907,116.3607821606704,19.76715019414774,True,False
Sensor_041,1227,7.74,68.06396617740907,116.3607821606704,19.76715019414774,True,False
Sensor_041,1232,8.243,68.06396617740907,116.3607821606704,19.76715019414774,True,False
Sensor_041,1238,7.74,68.06396617740907,116.3607821606704,19.76715019414774,True,False
Sensor_041,1244,8.243,68.06396617740907,116.3607821606704,19.76715019414774,True,False
Sensor_041,1250,8.532,68.06396617740907,116.3607821606704,19.76715019414774,True,False
Sensor_041,1254,8.243,68.06396617740907,116.3607821606704,19.76715019414774,True,False
Sensor_041,1259,8.438,68.06396617740907,116.3607821606704,19.76715019414774,True,False
Sensor_041,1260,8.438,68.06396617740907,116.3607821606704,19.76715019414774,True,False
Sensor_041,1262,15.69,68.06396617740907,116.3607821606704,19.76715019414774,True,False
Sensor_041,1265,8.532,68.06396617740907,116.3607821606704,19.76715019414774,True,False
Sensor_041,1267,7.74,68.06396617740907,116.3607821606704,19.76715019414774,True,False
Sensor_041,1269,8.438,68.06396617740907,116.3607821606704,19.76715019414774,True,False
Sensor_041,1278,82.21,68.06396617740907,116.3607821606704,19.76715019414774,False,True
Sensor_041,1279,8.532,68.06396617740907,116.3607821606704,19.76715019414774,True,False
Sensor_041,1288,78.38,68.06396617740907,116.3607821606704,19.76715019414774,False,True
Sensor_041,1289,81.86,68.06396617740907,116.3607821606704,19.76715019414774,False,True
Sensor_041,1290,78.38,68.06396617740907,116.3607821606704,19.76715019414774,False,True
Sensor_041,1291,83.13,68.06396617740907,116.3607821606704,19.76715019414774,False,True
Sensor_041,1292,80.92,68.06396617740907,116.3607821606704,19.76715019414774,False,True
Sensor_041,1293,81.46,68.06396617740907,116.3607821606704,19.76715019414774,False,True
Sensor_041,1294,81.65,68.06396617740907,116.3607821606704,19.76715019414774,False,True
Sensor_041,1295,81.59,68.06396617740907,116.3607821606704,19.76715019414774,False,True
Sensor_041,1296,82.4,68.06396617740907,116.3607821606704,19.76715019414774,False,True
Sensor_041,1297,8.532,68.06396617740907,116.3607821606704,19.76715019414774,True,False
Sensor_041,1306,79.12,68.06396617740907,116.3607821606704,19.76715019414774,False,True
Sensor_041,1307,80.69,68.06396617740907,116.3607821606704,19.76715019414774,False,True
Sensor_041,1308,81.44,68.06396617740907,116.3607821606704,19.76715019414774,False,True
Sensor_041,1309,80.69,68.06396617740907,116.3607821606704,19.76715019414774,False,True
Sensor_041,1310,81.73,68.06396617740907,116.3607821606704,19.76715019414774,False,True
Sensor_041,1311,77.34,68.06396617740907,116.3607821606704,19.76715019414774,False,True
Sensor_041,1312,8.438,68.06396617740907,116.3607821606704,19.76715019414774,True,False
Sensor_041,1321,80.43,68.06396617740907,116.3607821606704,19.76715019414774,False,True
Sensor_041,1322,79.7,68.06396617740907,116.3607821606704,19.76715019414774,False,True
Sensor_041,1323,79.12,68.06396617740907,116.3607821606704,19.76715019414774,False,True
Sensor_041,1324,81.19,68.06396617740907,116.3607821606704,19.76715019414774,False,True
Sensor_041,1325,80.92,68.06396617740907,116.3607821606704,19.76715019414774,False,True
Sensor_041,1326,77.34,68.06396617740907,116.3607821606704,19.76715019414774,False,True
Sensor_041,1327,81.44,68.06396617740907,116.3607821606704,19.76715019414774,False,True
Sensor_041,1328,80.92,68.06396617740907,116.3607821606704,19.76715019414774,False,True
Sensor_041,1329,81.44,68.06396617740907,116.3607821606704,19.76715019414774,False,True
Sensor_041,1330,80.69,68.06396617740907,116.3607821606704,19.76715019414774,False,True
Sensor_041,1331,81.75,68.06396617740907,116.3607821606704,19.76715019414774,False,True
Sensor_041,1332,81.59,68.06396617740907,116.3607821606704,19.76715019414774,False,True
Sensor_041,1333,77.1,68.06396617740907,116.3607821606704,19.76715019414774,False,True
Sensor_041,1334,80.67,68.06396617740907,116.3607821606704,19.76715019414774,False,True
Sensor_041,1335,81.65,68.06396617740907,116.3607821606704,19.76715019414774,False,True
Sensor_041,1336,82.76,68.06396617740907,116.3607821606704,19.76715019414774,False,True
Sensor_041,1337,82.76,68.06396617740907,116.3607821606704,19.76715019414774,False,True
Sensor_041,1338,80.79,68.06396617740907,116.3607821606704,19.76715019414774,False,True
Sensor_041,1339,80.46,68.06396617740907,116.3607821606704,19.76715019414774,False,True
Sensor_041,1340,80.79,68.06396617740907,116.3607821606704,19.76715019414774,False,True
Sensor_041,1341,78.98,68.06396617740907,116.3607821606704,19.76715019414774,False,True
Sensor_041,1342,78.7,68.06396617740907,116.3607821606704,19.76715019414774,False,True
Sensor_041,1343,8.532,68.06396617740907,116.3607821606704,19.76715019414774,True,False
Sensor_041,1352,81.59,68.06396617740907,116.3607821606704,19.76715019414774,False,True
Sensor_041,1353,81.75,68.06396617740907,116.3607821606704,19.76715019414774,False,True
Sensor_041,1354,81.75,68.06396617740907,116.3607821606704,19.76715019414774,False,True
Sensor_041,1355,81.56,68.06396617740907,116.3607821606704,19.76715019414774,False,True
Sensor_041,1356,79.12,68.06396617740907,116.3607821606704,19.76715019414774,False,True
Sensor_041,1357,80.79,68.06396617740907,116.3607821606704,19.76715019414774,False,True
Sensor_041,1358,81.31,68.06396617740907,116.3607821606704,19.76715019414774,False,True
Sensor_041,1359,80.92,68.06396617740907,116.3607821606704,19.76715019414774,False,True
Sensor_041,1360,83.13,68.06396617740907,116.3607821606704,19.76715019414774,False,True
Sensor_041,1361,81.31,68.06396617740907,116.3607821606704,19.76715019414774,False,True
Sensor_041,1362,80.45,68.06396617740907,116.3607821606704,19.76715019414774,False,True
Sensor_041,1363,82.4,68.06396617740907,116.3607821606704,19.76715019414774,False,True
Sensor_041,1364,78.7,68.06396617740907,116.3607821606704,19.76715019414774,False,True
Sensor_041,1365,80.79,68.06396617740907,116.3607821606704,19.76715019414774,False,True
Sensor_041,1366,81.56,68.06396617740907,116.3607821606704,19.76715019414774,False,True
Sensor_041,1367,12.94,68.06396617740907,116.3607821606704,19.76715019414774,True,False
Sensor_041,1376,77.1,68.06396617740907,116.3607821606704,19.76715019414774,False,True
Sensor_041,1377,81.56,68.06396617740907,116.3607821606704,19.76715019414774,False,True
Sensor_041,1378,77.34,68.06396617740907,116.3607821606704,19.76715019414774,False,True
Sensor_041,1379,80.23,68.06396617740907,116.3607821606704,19.76715019414774,False,True
Sensor_041,1380,81.39,68.06396617740907,116.3607821606704,19.76715019414774,False,True
Sensor_041,1381,81.59,68.06396617740907,116.3607821606704,19.76715019414774,False,True
Sensor_041,1382,81.65,68.06396617740907,116.3607821606704,19.76715019414774,False,True
Sensor_041,1383,82.76,68.06396617740907,116.3607821606704,19.76715019414774,False,True
Sensor_041,1384,79.43,68.06396617740907,116.3607821606704,19.76715019414774,False,True
Sensor_041,1385,80.69,68.06396617740907,116.3607821606704,19.76715019414774,False,True
Sensor_041,1386,79.12,68.06396617740907,116.3607821606704,19.76715019414774,False,True
Sensor_041,1387,79.8,68.06396617740907,116.3607821606704,19.76715019414774,False,True
Sensor_041,1388,81.22,68.06396617740907,116.3607821606704,19.76715019414774,False,True
Sensor_041,1389,81.65,68.06396617740907,116.3607821606704,19.76715019414774,False,True
Sensor_041,1390,81.76,68.06396617740907,116.3607821606704,19.76715019414774,False,True
Sensor_041,1391,79.8,68.06396617740907,116.3607821606704,19.76715019414774,False,True
Sensor_041,1392,81.39,68.06396617740907,116.3607821606704,19.76715019414774,False,True
Sensor_041,1393,81.22,68.06396617740907,116.3607821606704,19.76715019414774,False,True
Sensor_041,1394,82.76,68.06396617740907,116.3607821606704,19.76715019414774,False,True
Sensor_041,1395,81.56,68.06396617740907,116.3607821606704,19.76715019414774,False,True
Sensor_041,1396,79.43,68.06396617740907,116.3607821606704,19.76715019414774,False,True
Sensor_041,1397,81.86,68.06396617740907,116.3607821606704,19.76715019414774,False,True
Sensor_041,1398,83.13,68.06396617740907,116.3607821606704,19.76715019414774,False,True
Sensor_041,1399,81.22,68.06396617740907,116.3607821606704,19.76715019414774,False,True
Sensor_041,1400,80.01,68.06396617740907,116.3607821606704,19.76715019414774,False,True
Sensor_041,1401,81.76,68.06396617740907,116.3607821606704,19.76715019414774,False,True
Sensor_041,1402,81.59,68.06396617740907,116.3607821606704,19.76715019414774,False,True
Sensor_041,1403,8.828,68.06396617740907,116.3607821606704,19.76715019414774,True,False
Sensor_041,1404,8.438,68.06396617740907,116.3607821606704,19.76715019414774,True,False
Sensor_041,1411,2.506,68.06396617740907,116.3607821606704,19.76715019414774,True,False
Sensor_041,1420,84.56,68.06396617740907,116.3607821606704,19.76715019414774,False,True
Sensor_041,1421,80.94,68.06396617740907,116.3607821606704,19.76715019414774,False,True
Sensor_041,1422,81.13,68.06396617740907,116.3607821606704,19.76715019414774,False,True
Sensor_041,1423,80.66,68.06396617740907,116.3607821606704,19.76715019414774,False,True
Sensor_041,1424,79.79,68.06396617740907,116.3607821606704,19.76715019414774,False,True
Sensor_041,1425,80.92,68.06396617740907,116.3607821606704,19.76715019414774,False,True
Sensor_041,1426,81.92,68.06396617740907,116.3607821606704,19.76715019414774,False,True
Sensor_041,1427,81.86,68.06396617740907,116.3607821606704,19.76715019414774,False,True
Sensor_041,1428,81.32,68.06396617740907,116.3607821606704,19.76715019414774,False,True
Sensor_041,1429,2.506,68.06396617740907,116.3607821606704,19.76715019414774,True,False
Sensor_041,1435,8.438,68.06396617740907,116.3607821606704,19.76715019414774,True,False
Sensor_041,1439,2.506,68.06396617740907,116.3607821606704,19.76715019414774,True,False
Sensor_041,1441,11.67,68.06396617740907,116.3607821606704,19.76715019414774,True,False
Sensor_041,1443,2.506,68.06396617740907,116.3607821606704,19.76715019414774,True,False
Sensor_041,1445,8.532,68.06396617740907,116.3607821606704,19.76715019414774,True,False
Sensor_041,1454,80.94,68.06396617740907,116.3607821606704,19.76715019414774,False,True
Sensor_041,1455,80.94,68.06396617740907,116.3607821606704,19.76715019414774,False,True
Sensor_041,1456,77.1,68.06396617740907,116.3607821606704,19.76715019414774,False,True
Sensor_041,1457,80.94,68.06396617740907,116.3607821606704,19.76715019414774,False,True
Sensor_041,1458,80.69,68.06396617740907,116.3607821606704,19.76715019414774,False,True
Sensor_041,1459,81.75,68.06396617740907,116.3607821606704,19.76715019414774,False,True
Sensor_041,1460,80.69,68.06396617740907,116.3607821606704,19.76715019414774,False,True
Sensor_041,1461,79.7,68.06396617740907,116.3607821606704,19.76715019414774,False,True
Sensor_041,1462,78.33,68.06396617740907,116.3607821606704,19.76715019414774,False,True
Sensor_041,1463,78.33,68.06396617740907,116.3607821606704,19.76715019414774,False,True
Sensor_041,1464,78.33,68.06396617740907,116.3607821606704,19.76715019414774,False,True
Sensor_041,1465,78.33,68.06396617740907,116.3607821606704,19.76715019414774,False,True
Sensor_041,1466,80.59,68.06396617740907,116.3607821606704,19.76715019414774,False,True
Sensor_041,1467,81.75,68.06396617740907,116.3607821606704,19.76715019414774,False,True
Sensor_041,1468,78.33,68.06396617740907,116.3607821606704,19.76715019414774,False,True
Sensor_041,1469,81.46,68.06396617740907,116.3607821606704,19.76715019414774,False,True
Sensor_041,1470,80.78,68.06396617740907,116.3607821606704,19.76715019414774,False,True
Sensor_041,1471,78.33,68.06396617740907,116.3607821606704,19.76715019414774,False,True
Sensor_041,1472,81.13,68.06396617740907,116.3607821606704,19.76715019414774,False,True
Sensor_041,1473,81.13,68.06396617740907,116.3607821606704,19.76715019414774,False,True
Sensor_041,1474,12.77,68.06396617740907,116.3607821606704,19.76715019414774,True,False
Sensor_041,1483,78.72,68.06396617740907,116.3607821606704,19.76715019414774,False,True
Sensor_041,1484,80.98,68.06396617740907,116.3607821606704,19.76715019414774,False,True
Sensor_041,1485,12.77,68.06396617740907,116.3607821606704,19.76715019414774,True,False
Sensor_041,1494,86.12,68.06396617740907,116.3607821606704,19.76715019414774,False,True
Sensor_041,1495,84.56,68.06396617740907,116.3607821606704,19.76715019414774,False,True
Sensor_041,1496,81.13,68.06396617740907,116.3607821606704,19.76715019414774,False,True
Sensor_041,1497,81.21,68.06396617740907,116.3607821606704,19.76715019414774,False,True
Sensor_041,1498,12.77,68.06396617740907,116.3607821606704,19.76715019414774,True,False
Sensor_041,1505,12.77,68.06396617740907,116.3607821606704,19.76715019414774,True,False
Sensor_041,1512,2.506,68.06396617740907,116.3607821606704,19.76715019414774,True,False
Sensor_041,1521,79.58,68.06396617740907,116.3607821606704,19.76715019414774,False,True
Sensor_041,1522,81.21,68.06396617740907,116.3607821606704,19.76715019414774,False,True
Sensor_041,1523,79.8,68.06396617740907,116.3607821606704,19.76715019414774,False,True
Sensor_041,1524,8.828,68.06396617740907,116.3607821606704,19.76715019414774,True,False
Sensor_041,1526,8.828,68.06396617740907,116.3607821606704,19.76715019414774,True,False
Sensor_041,1534,12.77,68.06396617740907,116.3607821606704,19.76715019414774,True,False
Sensor_041,1539,8.828,68.06396617740907,116.3607821606704,19.76715019414774,True,False
Sensor_041,1548,82.03,68.06396617740907,116.3607821606704,19.76715019414774,False,True
Sensor_041,1549,80.27,68.06396617740907,116.3607821606704,19.76715019414774,False,True
Sensor_041,1550,79.09,68.06396617740907,116.3607821606704,19.76715019414774,False,True
Sensor_041,1551,78.72,68.06396617740907,116.3607821606704,19.76715019414774,False,True
Sensor_041,1552,84.56,68.06396617740907,116.3607821606704,19.76715019414774,False,True
Sensor_041,1553,81.95,68.06396617740907,116.3607821606704,19.76715019414774,False,True
Sensor_041,1554,79.55,68.06396617740907,116.3607821606704,19.76715019414774,False,True
Sensor_041,1555,77.7,68.06396617740907,116.3607821606704,19.76715019414774,False,True
Sensor_041,1556,77.37,68.06396617740907,116.3607821606704,19.76715019414774,False,True
Sensor_041,1557,80.78,68.06396617740907,116.3607821606704,19.76715019414774,False,True
Sensor_041,1558,81.29,68.06396617740907,116.3607821606704,19.76715019414774,False,True
Sensor_041,1559,80.45,68.06396617740907,116.3607821606704,19.76715019414774,False,True
Sensor_041,1560,83.24,68.06396617740907,116.3607821606704,19.76715019414774,False,True
Sensor_041,1561,82.03,68.06396617740907,116.3607821606704,19.76715019414774,False,True
Sensor_041,1562,81.21,68.06396617740907,116.3607821606704,19.76715019414774,False,True
Sensor_041,1563,79.43,68.06396617740907,116.3607821606704,19.76715019414774,False,True
Sensor_041,1564,82.03,68.06396617740907,116.3607821606704,19.76715019414774,False,True
Sensor_041,1565,81.13,68.06396617740907,116.3607821606704,19.76715019414774,False,True
Sensor_041,1566,80.45,68.06396617740907,116.3607821606704,19.76715019414774,False,True
Sensor_131,12,0.7589,0.7450555520102107,0.8667415286141074,0.623369575406314,False,True
Sensor_131,13,0.7661,0.7450555520102107,0.8667415286141074,0.623369575406314,False,True
Sensor_131,14,0.7661,0.7450555520102107,0.8667415286141074,0.623369575406314,False,True
Sensor_131,24,0.8743,0.7450555520102107,0.8667415286141074,0.623369575406314,True,False
Sensor_131,26,0.7839,0.7450555520102107,0.8667415286141074,0.623369575406314,False,True
Sensor_131,32,0.8884,0.7450555520102107,0.8667415286141074,0.623369575406314,True,False
Sensor_131,33,0.8884,0.7450555520102107,0.8667415286141074,0.623369575406314,True,False
Sensor_131,35,0.8884,0.7450555520102107,0.8667415286141074,0.623369575406314,True,False
Sensor_131,39,0.8142,0.7450555520102107,0.8667415286141074,0.623369575406314,False,True
Sensor_131,40,0.8139,0.7450555520102107,0.8667415286141074,0.623369575406314,False,True
Sensor_131,41,0.8884,0.7450555520102107,0.8667415286141074,0.623369575406314,True,True
Sensor_131,42,0.8884,0.7450555520102107,0.8667415286141074,0.623369575406314,True,True
Sensor_131,43,0.8034,0.7450555520102107,0.8667415286141074,0.623369575406314,False,True
Sensor_131,44,0.7692,0.7450555520102107,0.8667415286141074,0.623369575406314,False,True
Sensor_131,45,0.7692,0.7450555520102107,0.8667415286141074,0.623369575406314,False,True
Sensor_131,46,0.7484,0.7450555520102107,0.8667415286141074,0.623369575406314,False,True
Sensor_131,47,0.7484,0.7450555520102107,0.8667415286141074,0.623369575406314,False,True
Sensor_131,48,0.8142,0.7450555520102107,0.8667415286141074,0.623369575406314,False,True
Sensor_131,49,0.7692,0.7450555520102107,0.8667415286141074,0.623369575406314,False,True
Sensor_131,50,0.7692,0.7450555520102107,0.8667415286141074,0.623369575406314,False,True
Sensor_131,169,0.8764,0.7450555520102107,0.8667415286141074,0.623369575406314,True,False
Sensor_131,170,0.8764,0.7450555520102107,0.8667415286141074,0.623369575406314,True,False
Sensor_131,171,0.8764,0.7450555520102107,0.8667415286141074,0.623369575406314,True,False
Sensor_131,172,0.8434,0.7450555520102107,0.8667415286141074,0.623369575406314,False,True
Sensor_131,173,0.8764,0.7450555520102107,0.8667415286141074,0.623369575406314,True,True
Sensor_131,174,0.7536,0.7450555520102107,0.8667415286141074,0.623369575406314,False,True
Sensor_131,175,0.7536,0.7450555520102107,0.8667415286141074,0.623369575406314,False,True
Sensor_131,176,0.8764,0.7450555520102107,0.8667415286141074,0.623369575406314,True,True
Sensor_131,177,0.8434,0.7450555520102107,0.8667415286141074,0.623369575406314,False,True
Sensor_131,178,0.7536,0.7450555520102107,0.8667415286141074,0.623369575406314,False,True
Sensor_131,179,0.8764,0.7450555520102107,0.8667415286141074,0.623369575406314,True,True
Sensor_131,180,0.83,0.7450555520102107,0.8667415286141074,0.623369575406314,False,True
Sensor_131,181,0.8434,0.7450555520102107,0.8667415286141074,0.623369575406314,False,True
Sensor_131,182,0.8764,0.7450555520102107,0.8667415286141074,0.623369575406314,True,True
Sensor_131,183,0.779,0.7450555520102107,0.8667415286141074,0.623369575406314,False,True
Sensor_131,184,0.7536,0.7450555520102107,0.8667415286141074,0.623369575406314,False,True
Sensor_131,185,0.7454,0.7450555520102107,0.8667415286141074,0.623369575406314,False,True
Sensor_131,186,0.8374,0.7450555520102107,0.8667415286141074,0.623369575406314,False,True
Sensor_131,187,0.83,0.7450555520102107,0.8667415286141074,0.623369575406314,False,True
Sensor_131,188,0.8434,0.7450555520102107,0.8667415286141074,0.623369575406314,False,True
Sensor_131,189,0.8434,0.7450555520102107,0.8667415286141074,0.623369575406314,False,True
Sensor_131,198,0.6955,0.7450555520102107,0.8667415286141074,0.623369575406314,False,True
Sensor_131,199,0.6955,0.7450555520102107,0.8667415286141074,0.623369575406314,False,True
Sensor_131,215,0.838,0.7450555520102107,0.8667415286141074,0.623369575406314,False,True
Sensor_131,216,0.838,0.7450555520102107,0.8667415286141074,0.623369575406314,False,True
Sensor_131,217,0.838,0.7450555520102107,0.8667415286141074,0.623369575406314,False,True
Sensor_131,218,0.8123,0.7450555520102107,0.8667415286141074,0.623369575406314,False,True
Sensor_131,219,0.7987,0.7450555520102107,0.8667415286141074,0.623369575406314,False,True
Sensor_131,220,0.7987,0.7450555520102107,0.8667415286141074,0.623369575406314,False,True
Sensor_131,221,0.7987,0.7450555520102107,0.8667415286141074,0.623369575406314,False,True
Sensor_131,222,0.838,0.7450555520102107,0.8667415286141074,0.623369575406314,False,True
Sensor_131,223,0.823,0.7450555520102107,0.8667415286141074,0.623369575406314,False,True
Sensor_131,224,0.823,0.7450555520102107,0.8667415286141074,0.623369575406314,False,True
Sensor_131,225,0.823,0.7450555520102107,0.8667415286141074,0.623369575406314,False,True
Sensor_131,226,0.823,0.7450555520102107,0.8667415286141074,0.623369575406314,False,True
Sensor_131,227,0.823,0.7450555520102107,0.8667415286141074,0.623369575406314,False,True
Sensor_131,228,0.8187,0.7450555520102107,0.8667415286141074,0.623369575406314,False,True
Sensor_131,229,0.8187,0.7450555520102107,0.8667415286141074,0.623369575406314,False,True
Sensor_131,230,0.823,0.7450555520102107,0.8667415286141074,0.623369575406314,False,True
Sensor_131,231,0.823,0.7450555520102107,0.8667415286141074,0.623369575406314,False,True
Sensor_131,232,0.8187,0.7450555520102107,0.8667415286141074,0.623369575406314,False,True
Sensor_131,233,0.8187,0.7450555520102107,0.8667415286141074,0.623369575406314,False,True
Sensor_131,234,0.758,0.7450555520102107,0.8667415286141074,0.623369575406314,False,True
Sensor_131,235,0.758,0.7450555520102107,0.8667415286141074,0.623369575406314,False,True
Sensor_131,236,0.7987,0.7450555520102107,0.8667415286141074,0.623369575406314,False,True
Sensor_131,237,0.799,0.7450555520102107,0.8667415286141074,0.623369575406314,False,True
Sensor_131,238,0.8123,0.7450555520102107,0.8667415286141074,0.623369575406314,False,True
Sensor_131,285,0.6383,0.7450555520102107,0.8667415286141074,0.623369575406314,False,True
Sensor_131,286,0.6955,0.7450555520102107,0.8667415286141074,0.623369575406314,False,True
Sensor_131,287,0.6383,0.7450555520102107,0.8667415286141074,0.623369575406314,False,True
Sensor_131,288,0.6955,0.7450555520102107,0.8667415286141074,0.623369575406314,False,True
Sensor_131,289,0.689,0.7450555520102107,0.8667415286141074,0.623369575406314,False,True
Sensor_131,290,0.6955,0.7450555520102107,0.8667415286141074,0.623369575406314,False,True
Sensor_131,291,0.6909,0.7450555520102107,0.8667415286141074,0.623369575406314,False,True
Sensor_131,292,0.6955,0.7450555520102107,0.8667415286141074,0.623369575406314,False,True
Sensor_131,293,0.6897,0.7450555520102107,0.8667415286141074,0.623369575406314,False,True
Sensor_131,294,0.6909,0.7450555520102107,0.8667415286141074,0.623369575406314,False,True
Sensor_131,295,0.6897,0.7450555520102107,0.8667415286141074,0.623369575406314,False,True
Sensor_131,296,0.6383,0.7450555520102107,0.8667415286141074,0.623369575406314,False,True
Sensor_131,297,0.7025,0.7450555520102107,0.8667415286141074,0.623369575406314,False,True
Sensor_131,298,0.6897,0.7450555520102107,0.8667415286141074,0.623369575406314,False,True
Sensor_131,307,0.8284,0.7450555520102107,0.8667415286141074,0.623369575406314,False,True
Sensor_131,308,0.8284,0.7450555520102107,0.8667415286141074,0.623369575406314,False,True
Sensor_131,318,0.621,0.7450555520102107,0.8667415286141074,0.623369575406314,True,False
Sensor_131,322,0.621,0.7450555520102107,0.8667415286141074,0.623369575406314,True,False
Sensor_131,332,0.621,0.7450555520102107,0.8667415286141074,0.623369575406314,True,False
Sensor_131,387,0.6469,0.7450555520102107,0.8667415286141074,0.623369575406314,False,True
Sensor_131,388,0.6469,0.7450555520102107,0.8667415286141074,0.623369575406314,False,True
Sensor_131,405,0.6469,0.7450555520102107,0.8667415286141074,0.623369575406314,False,True
Sensor_131,406,0.6586,0.7450555520102107,0.8667415286141074,0.623369575406314,False,True
Sensor_131,430,0.8244,0.7450555520102107,0.8667415286141074,0.623369575406314,False,True
Sensor_131,431,0.8244,0.7450555520102107,0.8667415286141074,0.623369575406314,False,True
Sensor_131,432,0.8258,0.7450555520102107,0.8667415286141074,0.623369575406314,False,True
Sensor_131,433,0.8258,0.7450555520102107,0.8667415286141074,0.623369575406314,False,True
Sensor_131,434,0.8258,0.7450555520102107,0.8667415286141074,0.623369575406314,False,True
Sensor_131,435,0.8258,0.7450555520102107,0.8667415286141074,0.623369575406314,False,True
Sensor_131,436,0.8258,0.7450555520102107,0.8667415286141074,0.623369575406314,False,True
Sensor_131,437,0.8361,0.7450555520102107,0.8667415286141074,0.623369575406314,False,True
Sensor_131,438,0.8361,0.7450555520102107,0.8667415286141074,0.623369575406314,False,True
Sensor_131,439,0.8361,0.7450555520102107,0.8667415286141074,0.623369575406314,False,True
Sensor_131,440,0.8361,0.7450555520102107,0.8667415286141074,0.623369575406314,False,True
Sensor_131,441,0.8361,0.7450555520102107,0.8667415286141074,0.623369575406314,False,True
Sensor_131,442,0.8217,0.7450555520102107,0.8667415286141074,0.623369575406314,False,True
Sensor_131,443,0.8203,0.7450555520102107,0.8667415286141074,0.623369575406314,False,True
Sensor_131,444,0.8217,0.7450555520102107,0.8667415286141074,0.623369575406314,False,True
Sensor_131,445,0.8217,0.7450555520102107,0.8667415286141074,0.623369575406314,False,True
Sensor_131,446,0.8361,0.7450555520102107,0.8667415286141074,0.623369575406314,False,True
Sensor_131,447,0.8203,0.7450555520102107,0.8667415286141074,0.623369575406314,False,True
Sensor_131,448,0.8217,0.7450555520102107,0.8667415286141074,0.623369575406314,False,True
Sensor_131,449,0.8217,0.7450555520102107,0.8667415286141074,0.623369575406314,False,True
Sensor_131,450,0.8244,0.7450555520102107,0.8667415286141074,0.623369575406314,False,True
Sensor_131,451,0.7884,0.7450555520102107,0.8667415286141074,0.623369575406314,False,True
Sensor_131,452,0.7884,0.7450555520102107,0.8667415286141074,0.623369575406314,False,True
Sensor_131,453,0.7884,0.7450555520102107,0.8667415286141074,0.623369575406314,False,True
Sensor_131,454,0.7884,0.7450555520102107,0.8667415286141074,0.623369575406314,False,True
Sensor_131,455,0.789,0.7450555520102107,0.8667415286141074,0.623369575406314,False,True
Sensor_131,464,0.6852,0.7450555520102107,0.8667415286141074,0.623369575406314,False,True
Sensor_131,465,0.6887,0.7450555520102107,0.8667415286141074,0.623369575406314,False,True
Sensor_131,466,0.6852,0.7450555520102107,0.8667415286141074,0.623369575406314,False,True
Sensor_131,467,0.6887,0.7450555520102107,0.8667415286141074,0.623369575406314,False,True
Sensor_131,468,0.7025,0.7450555520102107,0.8667415286141074,0.623369575406314,False,True
Sensor_131,469,0.6887,0.7450555520102107,0.8667415286141074,0.623369575406314,False,True
Sensor_131,470,0.6887,0.7450555520102107,0.8667415286141074,0.623369575406314,False,True
Sensor_131,471,0.6556,0.7450555520102107,0.8667415286141074,0.623369575406314,False,True
Sensor_131,472,0.5438,0.7450555520102107,0.8667415286141074,0.623369575406314,True,True
Sensor_131,473,0.6556,0.7450555520102107,0.8667415286141074,0.623369575406314,False,True
Sensor_131,474,0.6645,0.7450555520102107,0.8667415286141074,0.623369575406314,False,True
Sensor_131,475,0.6887,0.7450555520102107,0.8667415286141074,0.623369575406314,False,True
Sensor_131,476,0.6556,0.7450555520102107,0.8667415286141074,0.623369575406314,False,True
Sensor_131,477,0.6556,0.7450555520102107,0.8667415286141074,0.623369575406314,False,True
Sensor_131,478,0.6645,0.7450555520102107,0.8667415286141074,0.623369575406314,False,True
Sensor_131,479,0.5438,0.7450555520102107,0.8667415286141074,0.623369575406314,True,True
Sensor_131,480,0.6802,0.7450555520102107,0.8667415286141074,0.623369575406314,False,True
Sensor_131,481,0.7025,0.7450555520102107,0.8667415286141074,0.623369575406314,False,True
Sensor_131,482,0.5438,0.7450555520102107,0.8667415286141074,0.623369575406314,True,True
Sensor_131,483,0.7025,0.7450555520102107,0.8667415286141074,0.623369575406314,False,True
Sensor_131,484,0.6852,0.7450555520102107,0.8667415286141074,0.623369575406314,False,True
Sensor_131,485,0.6645,0.7450555520102107,0.8667415286141074,0.623369575406314,False,True
Sensor_131,486,0.6802,0.7450555520102107,0.8667415286141074,0.623369575406314,False,True
Sensor_131,487,0.7025,0.7450555520102107,0.8667415286141074,0.623369575406314,False,True
Sensor_131,488,0.6556,0.7450555520102107,0.8667415286141074,0.623369575406314,False,True
Sensor_131,489,0.6802,0.7450555520102107,0.8667415286141074,0.623369575406314,False,True
Sensor_131,490,0.6802,0.7450555520102107,0.8667415286141074,0.623369575406314,False,True
Sensor_131,491,0.5438,0.7450555520102107,0.8667415286141074,0.623369575406314,True,True
Sensor_131,492,0.6893,0.7450555520102107,0.8667415286141074,0.623369575406314,False,True
Sensor_131,493,0.6802,0.7450555520102107,0.8667415286141074,0.623369575406314,False,True
Sensor_131,494,0.6802,0.7450555520102107,0.8667415286141074,0.623369575406314,False,True
Sensor_131,495,0.7025,0.7450555520102107,0.8667415286141074,0.623369575406314,False,True
Sensor_131,496,0.6802,0.7450555520102107,0.8667415286141074,0.623369575406314,False,True
Sensor_131,497,0.6887,0.7450555520102107,0.8667415286141074,0.623369575406314,False,True
Sensor_131,498,0.7025,0.7450555520102107,0.8667415286141074,0.623369575406314,False,True
Sensor_131,499,0.7101,0.7450555520102107,0.8667415286141074,0.623369575406314,False,True
Sensor_131,500,0.7101,0.7450555520102107,0.8667415286141074,0.623369575406314,False,True
Sensor_131,501,0.6645,0.7450555520102107,0.8667415286141074,0.623369575406314,False,True
Sensor_131,502,0.7101,0.7450555520102107,0.8667415286141074,0.623369575406314,False,True
Sensor_131,503,0.6786,0.7450555520102107,0.8667415286141074,0.623369575406314,False,True
Sensor_131,504,0.7101,0.7450555520102107,0.8667415286141074,0.623369575406314,False,True
Sensor_131,505,0.7025,0.7450555520102107,0.8667415286141074,0.623369575406314,False,True
Sensor_131,506,0.7101,0.7450555520102107,0.8667415286141074,0.623369575406314,False,True
Sensor_131,507,0.7101,0.7450555520102107,0.8667415286141074,0.623369575406314,False,True
Sensor_131,508,0.6786,0.7450555520102107,0.8667415286141074,0.623369575406314,False,True
Sensor_131,509,0.6786,0.7450555520102107,0.8667415286141074,0.623369575406314,False,True
Sensor_131,510,0.6887,0.7450555520102107,0.8667415286141074,0.623369575406314,False,True
Sensor_131,511,0.6764,0.7450555520102107,0.8667415286141074,0.623369575406314,False,True
Sensor_131,512,0.7101,0.7450555520102107,0.8667415286141074,0.623369575406314,False,True
Sensor_131,513,0.6764,0.7450555520102107,0.8667415286141074,0.623369575406314,False,True
Sensor_131,514,0.6786,0.7450555520102107,0.8667415286141074,0.623369575406314,False,True
Sensor_131,515,0.6786,0.7450555520102107,0.8667415286141074,0.623369575406314,False,True
Sensor_131,592,0.7677,0.7450555520102107,0.8667415286141074,0.623369575406314,False,True
Sensor_131,643,0.7987,0.7450555520102107,0.8667415286141074,0.623369575406314,False,True
Sensor_131,644,0.7527,0.7450555520102107,0.8667415286141074,0.623369575406314,False,True
Sensor_131,645,0.7987,0.7450555520102107,0.8667415286141074,0.623369575406314,False,True
Sensor_131,646,0.8162,0.7450555520102107,0.8667415286141074,0.623369575406314,False,True
Sensor_131,647,0.7713,0.7450555520102107,0.8667415286141074,0.623369575406314,False,True
Sensor_131,648,0.8207,0.7450555520102107,0.8667415286141074,0.623369575406314,False,True
Sensor_131,649,0.7527,0.7450555520102107,0.8667415286141074,0.623369575406314,False,True
Sensor_131,650,0.8162,0.7450555520102107,0.8667415286141074,0.623369575406314,False,True
Sensor_131,651,0.8162,0.7450555520102107,0.8667415286141074,0.623369575406314,False,True
Sensor_131,652,0.8207,0.7450555520102107,0.8667415286141074,0.623369575406314,False,True
Sensor_131,653,0.8207,0.7450555520102107,0.8667415286141074,0.623369575406314,False,True
Sensor_131,654,0.8162,0.7450555520102107,0.8667415286141074,0.623369575406314,False,True
Sensor_131,655,0.7923,0.7450555520102107,0.8667415286141074,0.623369575406314,False,True
Sensor_131,656,0.8162,0.7450555520102107,0.8667415286141074,0.623369575406314,False,True
Sensor_131,657,0.7611,0.7450555520102107,0.8667415286141074,0.623369575406314,False,True
Sensor_131,658,0.7713,0.7450555520102107,0.8667415286141074,0.623369575406314,False,True
Sensor_131,672,0.8162,0.7450555520102107,0.8667415286141074,0.623369575406314,False,True
Sensor_131,673,0.7833,0.7450555520102107,0.8667415286141074,0.623369575406314,False,True
Sensor_131,674,0.8207,0.7450555520102107,0.8667415286141074,0.623369575406314,False,True
Sensor_131,675,0.7833,0.7450555520102107,0.8667415286141074,0.623369575406314,False,True
Sensor_131,676,0.7713,0.7450555520102107,0.8667415286141074,0.623369575406314,False,True
Sensor_131,677,0.7747,0.7450555520102107,0.8667415286141074,0.623369575406314,False,True
Sensor_131,678,0.7611,0.7450555520102107,0.8667415286141074,0.623369575406314,False,True
Sensor_131,679,0.7833,0.7450555520102107,0.8667415286141074,0.623369575406314,False,True
Sensor_131,680,0.7833,0.7450555520102107,0.8667415286141074,0.623369575406314,False,True
Sensor_131,681,0.7833,0.7450555520102107,0.8667415286141074,0.623369575406314,False,True
Sensor_131,682,0.7833,0.7450555520102107,0.8667415286141074,0.623369575406314,False,True
Sensor_131,683,0.7833,0.7450555520102107,0.8667415286141074,0.623369575406314,False,True
Sensor_131,684,0.827,0.7450555520102107,0.8667415286141074,0.623369575406314,False,True
Sensor_131,685,0.7833,0.7450555520102107,0.8667415286141074,0.623369575406314,False,True
Sensor_131,686,0.7611,0.7450555520102107,0.8667415286141074,0.623369575406314,False,True
Sensor_131,687,0.7611,0.7450555520102107,0.8667415286141074,0.623369575406314,False,True
Sensor_131,688,0.7833,0.7450555520102107,0.8667415286141074,0.623369575406314,False,True
Sensor_131,689,0.7747,0.7450555520102107,0.8667415286141074,0.623369575406314,False,True
Sensor_131,690,0.7611,0.7450555520102107,0.8667415286141074,0.623369575406314,False,True
Sensor_131,691,0.7747,0.7450555520102107,0.8667415286141074,0.623369575406314,False,True
Sensor_131,692,0.8318,0.7450555520102107,0.8667415286141074,0.623369575406314,False,True
Sensor_131,693,0.7747,0.7450555520102107,0.8667415286141074,0.623369575406314,False,True
Sensor_131,694,0.7713,0.7450555520102107,0.8667415286141074,0.623369575406314,False,True
Sensor_131,695,0.8318,0.7450555520102107,0.8667415286141074,0.623369575406314,False,True
Sensor_131,696,0.8207,0.7450555520102107,0.8667415286141074,0.623369575406314,False,True
Sensor_131,697,0.7747,0.7450555520102107,0.8667415286141074,0.623369575406314,False,True
Sensor_131,698,0.8207,0.7450555520102107,0.8667415286141074,0.623369575406314,False,True
Sensor_131,699,0.8318,0.7450555520102107,0.8667415286141074,0.623369575406314,False,True
Sensor_131,700,0.8057,0.7450555520102107,0.8667415286141074,0.623369575406314,False,True
Sensor_131,701,0.8318,0.7450555520102107,0.8667415286141074,0.623369575406314,False,True
Sensor_131,702,0.8318,0.7450555520102107,0.8667415286141074,0.623369575406314,False,True
Sensor_131,703,0.8057,0.7450555520102107,0.8667415286141074,0.623369575406314,False,True
Sensor_131,704,0.8318,0.7450555520102107,0.8667415286141074,0.623369575406314,False,True
Sensor_131,705,0.8057,0.7450555520102107,0.8667415286141074,0.623369575406314,False,True
Sensor_131,706,0.8207,0.7450555520102107,0.8667415286141074,0.623369575406314,False,True
Sensor_131,707,0.7747,0.7450555520102107,0.8667415286141074,0.623369575406314,False,True
Sensor_131,708,0.7713,0.7450555520102107,0.8667415286141074,0.623369575406314,False,True
Sensor_131,709,0.8057,0.7450555520102107,0.8667415286141074,0.623369575406314,False,True
Sensor_131,710,0.8318,0.7450555520102107,0.8667415286141074,0.623369575406314,False,True
Sensor_131,711,0.791,0.7450555520102107,0.8667415286141074,0.623369575406314,False,True
Sensor_131,712,0.8057,0.7450555520102107,0.8667415286141074,0.623369575406314,False,True
Sensor_131,713,0.7804,0.7450555520102107,0.8667415286141074,0.623369575406314,False,True
Sensor_131,714,0.7585,0.7450555520102107,0.8667415286141074,0.623369575406314,False,True
Sensor_131,715,0.7585,0.7450555520102107,0.8667415286141074,0.623369575406314,False,True
Sensor_131,716,0.8297,0.7450555520102107,0.8667415286141074,0.623369575406314,False,True
Sensor_131,717,0.7747,0.7450555520102107,0.8667415286141074,0.623369575406314,False,True
Sensor_131,718,0.7585,0.7450555520102107,0.8667415286141074,0.623369575406314,False,True
Sensor_131,719,0.8297,0.7450555520102107,0.8667415286141074,0.623369575406314,False,True
Sensor_131,720,0.791,0.7450555520102107,0.8667415286141074,0.623369575406314,False,True
Sensor_131,721,0.7681,0.7450555520102107,0.8667415286141074,0.623369575406314,False,True
Sensor_131,722,0.7585,0.7450555520102107,0.8667415286141074,0.623369575406314,False,True
Sensor_131,723,0.7681,0.7450555520102107,0.8667415286141074,0.623369575406314,False,True
Sensor_131,724,0.7681,0.7450555520102107,0.8667415286141074,0.623369575406314,False,True
Sensor_131,725,0.7681,0.7450555520102107,0.8667415286141074,0.623369575406314,False,True
Sensor_131,726,0.8076,0.7450555520102107,0.8667415286141074,0.623369575406314,False,True
Sensor_131,727,0.7681,0.7450555520102107,0.8667415286141074,0.623369575406314,False,True
Sensor_131,728,0.7681,0.7450555520102107,0.8667415286141074,0.623369575406314,False,True
Sensor_131,729,0.7681,0.7450555520102107,0.8667415286141074,0.623369575406314,False,True
Sensor_131,730,0.7681,0.7450555520102107,0.8667415286141074,0.623369575406314,False,True
Sensor_131,744,0.7639,0.7450555520102107,0.8667415286141074,0.623369575406314,False,True
Sensor_131,745,0.7639,0.7450555520102107,0.8667415286141074,0.623369575406314,False,True
Sensor_131,746,0.7639,0.7450555520102107,0.8667415286141074,0.623369575406314,False,True
Sensor_131,747,0.7879,0.7450555520102107,0.8667415286141074,0.623369575406314,False,True
Sensor_131,748,0.7879,0.7450555520102107,0.8667415286141074,0.623369575406314,False,True
Sensor_131,749,0.7954,0.7450555520102107,0.8667415286141074,0.623369575406314,False,True
Sensor_131,750,0.7697,0.7450555520102107,0.8667415286141074,0.623369575406314,False,True
Sensor_131,751,0.7697,0.7450555520102107,0.8667415286141074,0.623369575406314,False,True
Sensor_131,752,0.7697,0.7450555520102107,0.8667415286141074,0.623369575406314,False,True
Sensor_131,753,0.7697,0.7450555520102107,0.8667415286141074,0.623369575406314,False,True
Sensor_131,754,0.7697,0.7450555520102107,0.8667415286141074,0.623369575406314,False,True
Sensor_131,755,0.7697,0.7450555520102107,0.8667415286141074,0.623369575406314,False,True
Sensor_131,756,0.7879,0.7450555520102107,0.8667415286141074,0.623369575406314,False,True
Sensor_131,757,0.7879,0.7450555520102107,0.8667415286141074,0.623369575406314,False,True
Sensor_131,758,0.7697,0.7450555520102107,0.8667415286141074,0.623369575406314,False,True
Sensor_131,759,0.7879,0.7450555520102107,0.8667415286141074,0.623369575406314,False,True
Sensor_131,760,0.8291,0.7450555520102107,0.8667415286141074,0.623369575406314,False,True
Sensor_131,761,0.8291,0.7450555520102107,0.8667415286141074,0.623369575406314,False,True
Sensor_131,762,0.8291,0.7450555520102107,0.8667415286141074,0.623369575406314,False,True
Sensor_131,763,0.8291,0.7450555520102107,0.8667415286141074,0.623369575406314,False,True
Sensor_131,764,0.8291,0.7450555520102107,0.8667415286141074,0.623369575406314,False,True
Sensor_131,765,0.7697,0.7450555520102107,0.8667415286141074,0.623369575406314,False,True
Sensor_131,766,0.7488,0.7450555520102107,0.8667415286141074,0.623369575406314,False,True
Sensor_131,767,0.7488,0.7450555520102107,0.8667415286141074,0.623369575406314,False,True
Sensor_131,768,0.8291,0.7450555520102107,0.8667415286141074,0.623369575406314,False,True
Sensor_131,769,0.7879,0.7450555520102107,0.8667415286141074,0.623369575406314,False,True
Sensor_131,770,0.8291,0.7450555520102107,0.8667415286141074,0.623369575406314,False,True
Sensor_131,771,0.7697,0.7450555520102107,0.8667415286141074,0.623369575406314,False,True
Sensor_131,772,0.8216,0.7450555520102107,0.8667415286141074,0.623369575406314,False,True
Sensor_131,773,0.8216,0.7450555520102107,0.8667415286141074,0.623369575406314,False,True
Sensor_131,774,0.8216,0.7450555520102107,0.8667415286141074,0.623369575406314,False,True
Sensor_131,788,0.8692,0.7450555520102107,0.8667415286141074,0.623369575406314,True,False
Sensor_131,789,0.8692,0.7450555520102107,0.8667415286141074,0.623369575406314,True,False
Sensor_131,792,0.8692,0.7450555520102107,0.8667415286141074,0.623369575406314,True,False
Sensor_131,796,0.8692,0.7450555520102107,0.8667415286141074,0.623369575406314,True,False
Sensor_131,805,0.6847,0.7450555520102107,0.8667415286141074,0.623369575406314,False,True
Sensor_131,806,0.6847,0.7450555520102107,0.8667415286141074,0.623369575406314,False,True
Sensor_131,807,0.6697,0.7450555520102107,0.8667415286141074,0.623369575406314,False,True
Sensor_131,808,0.6879,0.7450555520102107,0.8667415286141074,0.623369575406314,False,True
Sensor_131,809,0.6697,0.7450555520102107,0.8667415286141074,0.623369575406314,False,True
Sensor_131,810,0.6697,0.7450555520102107,0.8667415286141074,0.623369575406314,False,True
Sensor_131,811,0.6879,0.7450555520102107,0.8667415286141074,0.623369575406314,False,True
Sensor_131,812,0.6879,0.7450555520102107,0.8667415286141074,0.623369575406314,False,True
Sensor_131,813,0.7402,0.7450555520102107,0.8667415286141074,0.623369575406314,False,True
Sensor_131,814,0.7402,0.7450555520102107,0.8667415286141074,0.623369575406314,False,True
Sensor_131,815,0.6879,0.7450555520102107,0.8667415286141074,0.623369575406314,False,True
Sensor_131,816,0.6879,0.7450555520102107,0.8667415286141074,0.623369575406314,False,True
Sensor_131,817,0.6697,0.7450555520102107,0.8667415286141074,0.623369575406314,False,True
Sensor_131,818,0.6697,0.7450555520102107,0.8667415286141074,0.623369575406314,False,True
Sensor_131,819,0.7402,0.7450555520102107,0.8667415286141074,0.623369575406314,False,True
Sensor_131,820,0.6847,0.7450555520102107,0.8667415286141074,0.623369575406314,False,True
Sensor_131,821,0.7217,0.7450555520102107,0.8667415286141074,0.623369575406314,False,True
Sensor_131,822,0.7402,0.7450555520102107,0.8667415286141074,0.623369575406314,False,True
Sensor_131,823,0.6697,0.7450555520102107,0.8667415286141074,0.623369575406314,False,True
Sensor_131,824,0.7217,0.7450555520102107,0.8667415286141074,0.623369575406314,False,True
Sensor_131,825,0.7217,0.7450555520102107,0.8667415286141074,0.623369575406314,False,True
Sensor_131,826,0.6879,0.7450555520102107,0.8667415286141074,0.623369575406314,False,True
Sensor_131,827,0.7217,0.7450555520102107,0.8667415286141074,0.623369575406314,False,True
Sensor_131,828,0.7217,0.7450555520102107,0.8667415286141074,0.623369575406314,False,True
Sensor_131,829,0.7402,0.7450555520102107,0.8667415286141074,0.623369575406314,False,True
Sensor_131,830,0.7217,0.7450555520102107,0.8667415286141074,0.623369575406314,False,True
Sensor_131,831,0.6847,0.7450555520102107,0.8667415286141074,0.623369575406314,False,True
Sensor_131,840,0.8543,0.7450555520102107,0.8667415286141074,0.623369575406314,False,True
Sensor_131,841,0.8543,0.7450555520102107,0.8667415286141074,0.623369575406314,False,True
Sensor_131,842,0.8543,0.7450555520102107,0.8667415286141074,0.623369575406314,False,True
Sensor_131,843,0.8543,0.7450555520102107,0.8667415286141074,0.623369575406314,False,True
Sensor_131,844,0.8536,0.7450555520102107,0.8667415286141074,0.623369575406314,False,True
Sensor_131,845,0.7906,0.7450555520102107,0.8667415286141074,0.623369575406314,False,True
Sensor_131,846,0.7865,0.7450555520102107,0.8667415286141074,0.623369575406314,False,True
Sensor_131,847,0.7914,0.7450555520102107,0.8667415286141074,0.623369575406314,False,True
Sensor_131,850,0.6108,0.7450555520102107,0.8667415286141074,0.623369575406314,True,False
Sensor_131,851,0.6108,0.7450555520102107,0.8667415286141074,0.623369575406314,True,False
Sensor_131,853,0.6108,0.7450555520102107,0.8667415286141074,0.623369575406314,True,False
Sensor_131,858,0.5325,0.7450555520102107,0.8667415286141074,0.623369575406314,True,False
Sensor_131,859,0.5325,0.7450555520102107,0.8667415286141074,0.623369575406314,True,False
Sensor_131,860,0.5325,0.7450555520102107,0.8667415286141074,0.623369575406314,True,False
Sensor_131,861,0.5325,0.7450555520102107,0.8667415286141074,0.623369575406314,True,False
Sensor_131,862,0.5325,0.7450555520102107,0.8667415286141074,0.623369575406314,True,False
Sensor_131,864,0.5325,0.7450555520102107,0.8667415286141074,0.623369575406314,True,False
Sensor_131,865,0.5952,0.7450555520102107,0.8667415286141074,0.623369575406314,True,False
Sensor_131,868,0.5952,0.7450555520102107,0.8667415286141074,0.623369575406314,True,False
Sensor_131,872,0.5952,0.7450555520102107,0.8667415286141074,0.623369575406314,True,False
Sensor_131,875,0.5952,0.7450555520102107,0.8667415286141074,0.623369575406314,True,False
Sensor_131,884,0.8264,0.7450555520102107,0.8667415286141074,0.623369575406314,False,True
Sensor_131,889,0.555,0.7450555520102107,0.8667415286141074,0.623369575406314,True,False
Sensor_131,890,0.555,0.7450555520102107,0.8667415286141074,0.623369575406314,True,False
Sensor_131,900,0.5812,0.7450555520102107,0.8667415286141074,0.623369575406314,True,False
Sensor_131,901,0.555,0.7450555520102107,0.8667415286141074,0.623369575406314,True,False
Sensor_131,902,0.5812,0.7450555520102107,0.8667415286141074,0.623369575406314,True,False
Sensor_131,903,0.5812,0.7450555520102107,0.8667415286141074,0.623369575406314,True,False
Sensor_131,907,0.5812,0.7450555520102107,0.8667415286141074,0.623369575406314,True,False
Sensor_131,908,0.5812,0.7450555520102107,0.8667415286141074,0.623369575406314,True,False
Sensor_131,909,0.5812,0.7450555520102107,0.8667415286141074,0.623369575406314,True,False
Sensor_131,915,0.5662,0.7450555520102107,0.8667415286141074,0.623369575406314,True,False
Sensor_131,916,0.5662,0.7450555520102107,0.8667415286141074,0.623369575406314,True,False
Sensor_131,917,0.5662,0.7450555520102107,0.8667415286141074,0.623369575406314,True,False
Sensor_131,918,0.5662,0.7450555520102107,0.8667415286141074,0.623369575406314,True,False
Sensor_131,919,0.5662,0.7450555520102107,0.8667415286141074,0.623369575406314,True,False
Sensor_131,920,0.5638,0.7450555520102107,0.8667415286141074,0.623369575406314,True,False
Sensor_131,921,0.5638,0.7450555520102107,0.8667415286141074,0.623369575406314,True,False
Sensor_131,922,0.5638,0.7450555520102107,0.8667415286141074,0.623369575406314,True,False
Sensor_131,923,0.5638,0.7450555520102107,0.8667415286141074,0.623369575406314,True,True
Sensor_131,927,0.5638,0.7450555520102107,0.8667415286141074,0.623369575406314,True,False
Sensor_131,928,0.5638,0.7450555520102107,0.8667415286141074,0.623369575406314,True,False
Sensor_131,930,0.562,0.7450555520102107,0.8667415286141074,0.623369575406314,True,False
Sensor_131,931,0.562,0.7450555520102107,0.8667415286141074,0.623369575406314,True,False
Sensor_131,932,0.562,0.7450555520102107,0.8667415286141074,0.623369575406314,True,False
Sensor_131,934,0.5013,0.7450555520102107,0.8667415286141074,0.623369575406314,True,False
Sensor_131,935,0.5013,0.7450555520102107,0.8667415286141074,0.623369575406314,True,False
Sensor_131,936,0.5638,0.7450555520102107,0.8667415286141074,0.623369575406314,True,False
Sensor_131,937,0.562,0.7450555520102107,0.8667415286141074,0.623369575406314,True,False
Sensor_131,938,0.562,0.7450555520102107,0.8667415286141074,0.623369575406314,True,False
Sensor_131,939,0.562,0.7450555520102107,0.8667415286141074,0.623369575406314,True,False
Sensor_131,941,0.562,0.7450555520102107,0.8667415286141074,0.623369575406314,True,False
Sensor_131,942,0.5013,0.7450555520102107,0.8667415286141074,0.623369575406314,True,False
Sensor_131,944,0.562,0.7450555520102107,0.8667415286141074,0.623369575406314,True,False
Sensor_131,945,0.5524,0.7450555520102107,0.8667415286141074,0.623369575406314,True,False
Sensor_131,946,0.5524,0.7450555520102107,0.8667415286141074,0.623369575406314,True,False
Sensor_131,947,0.5524,0.7450555520102107,0.8667415286141074,0.623369575406314,True,False
Sensor_131,948,0.5638,0.7450555520102107,0.8667415286141074,0.623369575406314,True,False
Sensor_131,949,0.5524,0.7450555520102107,0.8667415286141074,0.623369575406314,True,False
Sensor_131,950,0.5524,0.7450555520102107,0.8667415286141074,0.623369575406314,True,False
Sensor_131,951,0.5524,0.7450555520102107,0.8667415286141074,0.623369575406314,True,False
Sensor_131,953,0.5949,0.7450555520102107,0.8667415286141074,0.623369575406314,True,False
Sensor_131,954,0.562,0.7450555520102107,0.8667415286141074,0.623369575406314,True,False
Sensor_131,955,0.5524,0.7450555520102107,0.8667415286141074,0.623369575406314,True,False
Sensor_131,958,0.5524,0.7450555520102107,0.8667415286141074,0.623369575406314,True,False
Sensor_131,959,0.5949,0.7450555520102107,0.8667415286141074,0.623369575406314,True,False
Sensor_131,960,0.5949,0.7450555520102107,0.8667415286141074,0.623369575406314,True,False
Sensor_131,961,0.5949,0.7450555520102107,0.8667415286141074,0.623369575406314,True,False
Sensor_131,962,0.5949,0.7450555520102107,0.8667415286141074,0.623369575406314,True,False
Sensor_131,964,0.5708,0.7450555520102107,0.8667415286141074,0.623369575406314,True,False
Sensor_131,965,0.5708,0.7450555520102107,0.8667415286141074,0.623369575406314,True,False
Sensor_131,966,0.5524,0.7450555520102107,0.8667415286141074,0.623369575406314,True,False
Sensor_131,967,0.5949,0.7450555520102107,0.8667415286141074,0.623369575406314,True,False
Sensor_131,968,0.5708,0.7450555520102107,0.8667415286141074,0.623369575406314,True,False
Sensor_131,969,0.5949,0.7450555520102107,0.8667415286141074,0.623369575406314,True,False
Sensor_131,971,0.5708,0.7450555520102107,0.8667415286141074,0.623369575406314,True,False
Sensor_131,973,0.5949,0.7450555520102107,0.8667415286141074,0.623369575406314,True,False
Sensor_131,974,0.5708,0.7450555520102107,0.8667415286141074,0.623369575406314,True,False
Sensor_131,975,0.5708,0.7450555520102107,0.8667415286141074,0.623369575406314,True,False
Sensor_131,976,0.5882,0.7450555520102107,0.8667415286141074,0.623369575406314,True,False
Sensor_131,978,0.5882,0.7450555520102107,0.8667415286141074,0.623369575406314,True,False
Sensor_131,979,0.5708,0.7450555520102107,0.8667415286141074,0.623369575406314,True,False
Sensor_131,980,0.5882,0.7450555520102107,0.8667415286141074,0.623369575406314,True,False
Sensor_131,981,0.5882,0.7450555520102107,0.8667415286141074,0.623369575406314,True,False
Sensor_131,982,0.5882,0.7450555520102107,0.8667415286141074,0.623369575406314,True,False
Sensor_131,983,0.5882,0.7450555520102107,0.8667415286141074,0.623369575406314,True,False
Sensor_131,984,0.5882,0.7450555520102107,0.8667415286141074,0.623369575406314,True,False
Sensor_131,986,0.5833,0.7450555520102107,0.8667415286141074,0.623369575406314,True,False
Sensor_131,987,0.5833,0.7450555520102107,0.8667415286141074,0.623369575406314,True,False
Sensor_131,988,0.5882,0.7450555520102107,0.8667415286141074,0.623369575406314,True,False
Sensor_131,989,0.5882,0.7450555520102107,0.8667415286141074,0.623369575406314,True,False
Sensor_131,990,0.5833,0.7450555520102107,0.8667415286141074,0.623369575406314,True,False
Sensor_131,991,0.5882,0.7450555520102107,0.8667415286141074,0.623369575406314,True,False
Sensor_131,992,0.5833,0.7450555520102107,0.8667415286141074,0.623369575406314,True,False
Sensor_131,993,0.5833,0.7450555520102107,0.8667415286141074,0.623369575406314,True,False
Sensor_131,994,0.5833,0.7450555520102107,0.8667415286141074,0.623369575406314,True,True
Sensor_131,996,0.5833,0.7450555520102107,0.8667415286141074,0.623369575406314,True,False
Sensor_131,997,0.5833,0.7450555520102107,0.8667415286141074,0.623369575406314,True,False
Sensor_131,998,0.5833,0.7450555520102107,0.8667415286141074,0.623369575406314,True,False
Sensor_131,999,0.5833,0.7450555520102107,0.8667415286141074,0.623369575406314,True,False
Sensor_131,1004,0.6304,0.7450555520102107,0.8667415286141074,0.623369575406314,False,True
Sensor_131,1011,0.5482,0.7450555520102107,0.8667415286141074,0.623369575406314,True,False
Sensor_131,1013,0.5482,0.7450555520102107,0.8667415286141074,0.623369575406314,True,False
Sensor_131,1014,0.5793,0.7450555520102107,0.8667415286141074,0.623369575406314,True,False
Sensor_131,1016,0.5793,0.7450555520102107,0.8667415286141074,0.623369575406314,True,False
Sensor_131,1017,0.5793,0.7450555520102107,0.8667415286141074,0.623369575406314,True,False
Sensor_131,1018,0.5793,0.7450555520102107,0.8667415286141074,0.623369575406314,True,False
Sensor_131,1028,0.8307,0.7450555520102107,0.8667415286141074,0.623369575406314,False,True
Sensor_131,1029,0.6029,0.7450555520102107,0.8667415286141074,0.623369575406314,True,False
Sensor_131,1038,0.8046,0.7450555520102107,0.8667415286141074,0.623369575406314,False,True
Sensor_131,1039,0.7595,0.7450555520102107,0.8667415286141074,0.623369575406314,False,True
Sensor_131,1040,0.5042,0.7450555520102107,0.8667415286141074,0.623369575406314,True,False
Sensor_131,1042,0.5042,0.7450555520102107,0.8667415286141074,0.623369575406314,True,False
Sensor_131,1050,0.6029,0.7450555520102107,0.8667415286141074,0.623369575406314,True,False
Sensor_131,1059,0.8253,0.7450555520102107,0.8667415286141074,0.623369575406314,False,True
Sensor_131,1060,0.7865,0.7450555520102107,0.8667415286141074,0.623369575406314,False,True
Sensor_131,1061,0.8307,0.7450555520102107,0.8667415286141074,0.623369575406314,False,True
Sensor_131,1062,0.8253,0.7450555520102107,0.8667415286141074,0.623369575406314,False,True
Sensor_131,1063,0.8253,0.7450555520102107,0.8667415286141074,0.623369575406314,False,True
Sensor_131,1064,0.7948,0.7450555520102107,0.8667415286141074,0.623369575406314,False,True
Sensor_131,1065,0.8307,0.7450555520102107,0.8667415286141074,0.623369575406314,False,True
Sensor_131,1066,0.8568,0.7450555520102107,0.8667415286141074,0.623369575406314,False,True
Sensor_131,1067,0.8145,0.7450555520102107,0.8667415286141074,0.623369575406314,False,True
Sensor_131,1068,0.8443,0.7450555520102107,0.8667415286141074,0.623369575406314,False,True
Sensor_131,1069,0.8826,0.7450555520102107,0.8667415286141074,0.623369575406314,True,True
Sensor_131,1070,0.8443,0.7450555520102107,0.8667415286141074,0.623369575406314,False,True
Sensor_131,1071,0.8238,0.7450555520102107,0.8667415286141074,0.623369575406314,False,True
Sensor_131,1072,0.7932,0.7450555520102107,0.8667415286141074,0.623369575406314,False,True
Sensor_131,1073,0.8036,0.7450555520102107,0.8667415286141074,0.623369575406314,False,True
Sensor_131,1074,0.8443,0.7450555520102107,0.8667415286141074,0.623369575406314,False,True
Sensor_131,1075,0.8036,0.7450555520102107,0.8667415286141074,0.623369575406314,False,True
Sensor_131,1076,0.8443,0.7450555520102107,0.8667415286141074,0.623369575406314,False,True
Sensor_131,1077,0.7696,0.7450555520102107,0.8667415286141074,0.623369575406314,False,True
Sensor_131,1078,0.7822,0.7450555520102107,0.8667415286141074,0.623369575406314,False,True
Sensor_131,1079,0.8318,0.7450555520102107,0.8667415286141074,0.623369575406314,False,True
Sensor_131,1080,0.8318,0.7450555520102107,0.8667415286141074,0.623369575406314,False,True
Sensor_131,1081,0.8405,0.7450555520102107,0.8667415286141074,0.623369575406314,False,True
Sensor_131,1082,0.7696,0.7450555520102107,0.8667415286141074,0.623369575406314,False,True
Sensor_131,1083,0.7932,0.7450555520102107,0.8667415286141074,0.623369575406314,False,True
Sensor_131,1084,0.8405,0.7450555520102107,0.8667415286141074,0.623369575406314,False,True
Sensor_131,1085,0.8443,0.7450555520102107,0.8667415286141074,0.623369575406314,False,True
Sensor_131,1086,0.7932,0.7450555520102107,0.8667415286141074,0.623369575406314,False,True
Sensor_131,1087,0.7932,0.7450555520102107,0.8667415286141074,0.623369575406314,False,True
Sensor_131,1088,0.8318,0.7450555520102107,0.8667415286141074,0.623369575406314,False,True
Sensor_131,1089,0.8318,0.7450555520102107,0.8667415286141074,0.623369575406314,False,True
Sensor_131,1090,0.8405,0.7450555520102107,0.8667415286141074,0.623369575406314,False,True
Sensor_131,1091,0.8037,0.7450555520102107,0.8667415286141074,0.623369575406314,False,True
Sensor_131,1092,0.8037,0.7450555520102107,0.8667415286141074,0.623369575406314,False,True
Sensor_131,1093,0.8037,0.7450555520102107,0.8667415286141074,0.623369575406314,False,True
Sensor_131,1094,0.8037,0.7450555520102107,0.8667415286141074,0.623369575406314,False,True
Sensor_131,1095,0.8037,0.7450555520102107,0.8667415286141074,0.623369575406314,False,True
Sensor_131,1096,0.809,0.7450555520102107,0.8667415286141074,0.623369575406314,False,True
Sensor_131,1097,0.7932,0.7450555520102107,0.8667415286141074,0.623369575406314,False,True
Sensor_131,1098,0.825,0.7450555520102107,0.8667415286141074,0.623369575406314,False,True
Sensor_131,1099,0.7932,0.7450555520102107,0.8667415286141074,0.623369575406314,False,True
Sensor_131,1100,0.8037,0.7450555520102107,0.8667415286141074,0.623369575406314,False,True
Sensor_131,1101,0.8224,0.7450555520102107,0.8667415286141074,0.623369575406314,False,True
Sensor_131,1102,0.8318,0.7450555520102107,0.8667415286141074,0.623369575406314,False,True
Sensor_131,1103,0.8318,0.7450555520102107,0.8667415286141074,0.623369575406314,False,True
Sensor_131,1104,0.7932,0.7450555520102107,0.8667415286141074,0.623369575406314,False,True
Sensor_131,1105,0.7644,0.7450555520102107,0.8667415286141074,0.623369575406314,False,True
Sensor_131,1106,0.8238,0.7450555520102107,0.8667415286141074,0.623369575406314,False,True
Sensor_131,1107,0.7696,0.7450555520102107,0.8667415286141074,0.623369575406314,False,True
Sensor_131,1108,0.8224,0.7450555520102107,0.8667415286141074,0.623369575406314,False,True
Sensor_131,1109,0.7932,0.7450555520102107,0.8667415286141074,0.623369575406314,False,True
Sensor_131,1110,0.8014,0.7450555520102107,0.8667415286141074,0.623369575406314,False,True
Sensor_131,1111,0.8525,0.7450555520102107,0.8667415286141074,0.623369575406314,False,True
Sensor_131,1112,0.809,0.7450555520102107,0.8667415286141074,0.623369575406314,False,True
Sensor_131,1113,0.7696,0.7450555520102107,0.8667415286141074,0.623369575406314,False,True
Sensor_131,1114,0.8014,0.7450555520102107,0.8667415286141074,0.623369575406314,False,True
Sensor_131,1115,0.809,0.7450555520102107,0.8667415286141074,0.623369575406314,False,True
Sensor_131,1116,0.8568,0.7450555520102107,0.8667415286141074,0.623369575406314,False,True
Sensor_131,1117,0.7932,0.7450555520102107,0.8667415286141074,0.623369575406314,False,True
Sensor_131,1118,0.8405,0.7450555520102107,0.8667415286141074,0.623369575406314,False,True
Sensor_131,1119,0.8036,0.7450555520102107,0.8667415286141074,0.623369575406314,False,True
Sensor_131,1120,0.825,0.7450555520102107,0.8667415286141074,0.623369575406314,False,True
Sensor_131,1121,0.8454,0.7450555520102107,0.8667415286141074,0.623369575406314,False,True
Sensor_131,1122,0.8238,0.7450555520102107,0.8667415286141074,0.623369575406314,False,True
Sensor_131,1123,0.7859,0.7450555520102107,0.8667415286141074,0.623369575406314,False,True
Sensor_131,1124,0.7651,0.7450555520102107,0.8667415286141074,0.623369575406314,False,True
Sensor_131,1125,0.809,0.7450555520102107,0.8667415286141074,0.623369575406314,False,True
Sensor_131,1126,0.7932,0.7450555520102107,0.8667415286141074,0.623369575406314,False,True
Sensor_131,1127,0.8238,0.7450555520102107,0.8667415286141074,0.623369575406314,False,True
Sensor_131,1128,0.8036,0.7450555520102107,0.8667415286141074,0.623369575406314,False,True
Sensor_131,1129,0.8037,0.7450555520102107,0.8667415286141074,0.623369575406314,False,True
Sensor_131,1130,0.8568,0.7450555520102107,0.8667415286141074,0.623369575406314,False,True
Sensor_131,1131,0.8454,0.7450555520102107,0.8667415286141074,0.623369575406314,False,True
Sensor_131,1132,0.7651,0.7450555520102107,0.8667415286141074,0.623369575406314,False,True
Sensor_131,1133,0.8454,0.7450555520102107,0.8667415286141074,0.623369575406314,False,True
Sensor_131,1134,0.8224,0.7450555520102107,0.8667415286141074,0.623369575406314,False,True
Sensor_131,1135,0.8318,0.7450555520102107,0.8667415286141074,0.623369575406314,False,True
Sensor_131,1136,0.7651,0.7450555520102107,0.8667415286141074,0.623369575406314,False,True
Sensor_131,1137,0.8525,0.7450555520102107,0.8667415286141074,0.623369575406314,False,True
Sensor_131,1138,0.825,0.7450555520102107,0.8667415286141074,0.623369575406314,False,True
Sensor_131,1139,0.809,0.7450555520102107,0.8667415286141074,0.623369575406314,False,True
Sensor_131,1140,0.7696,0.7450555520102107,0.8667415286141074,0.623369575406314,False,True
Sensor_131,1141,0.8568,0.7450555520102107,0.8667415286141074,0.623369575406314,False,True
Sensor_131,1142,0.8336,0.7450555520102107,0.8667415286141074,0.623369575406314,False,True
Sensor_131,1143,0.8014,0.7450555520102107,0.8667415286141074,0.623369575406314,False,True
Sensor_131,1144,0.7651,0.7450555520102107,0.8667415286141074,0.623369575406314,False,True
Sensor_131,1145,0.8454,0.7450555520102107,0.8667415286141074,0.623369575406314,False,True
Sensor_131,1146,0.7651,0.7450555520102107,0.8667415286141074,0.623369575406314,False,True
Sensor_131,1147,0.7644,0.7450555520102107,0.8667415286141074,0.623369575406314,False,True
Sensor_131,1148,0.8336,0.7450555520102107,0.8667415286141074,0.623369575406314,False,True
Sensor_131,1149,0.8343,0.7450555520102107,0.8667415286141074,0.623369575406314,False,True
Sensor_131,1150,0.8238,0.7450555520102107,0.8667415286141074,0.623369575406314,False,True
Sensor_131,1151,0.8336,0.7450555520102107,0.8667415286141074,0.623369575406314,False,True
Sensor_131,1152,0.8414,0.7450555520102107,0.8667415286141074,0.623369575406314,False,True
Sensor_131,1153,0.8414,0.7450555520102107,0.8667415286141074,0.623369575406314,False,True
Sensor_131,1154,0.8529,0.7450555520102107,0.8667415286141074,0.623369575406314,False,True
Sensor_131,1155,0.8414,0.7450555520102107,0.8667415286141074,0.623369575406314,False,True
Sensor_131,1156,0.8037,0.7450555520102107,0.8667415286141074,0.623369575406314,False,True
Sensor_131,1157,0.8343,0.7450555520102107,0.8667415286141074,0.623369575406314,False,True
Sensor_131,1158,0.8343,0.7450555520102107,0.8667415286141074,0.623369575406314,False,True
Sensor_131,1159,0.8336,0.7450555520102107,0.8667415286141074,0.623369575406314,False,True
Sensor_131,1160,0.8014,0.7450555520102107,0.8667415286141074,0.623369575406314,False,True
Sensor_131,1161,0.8336,0.7450555520102107,0.8667415286141074,0.623369575406314,False,True
Sensor_131,1162,0.8036,0.7450555520102107,0.8667415286141074,0.623369575406314,False,True
Sensor_131,1163,0.8529,0.7450555520102107,0.8667415286141074,0.623369575406314,False,True
Sensor_131,1164,0.8121,0.7450555520102107,0.8667415286141074,0.623369575406314,False,True
Sensor_131,1165,0.8414,0.7450555520102107,0.8667415286141074,0.623369575406314,False,True
Sensor_131,1166,0.8376,0.7450555520102107,0.8667415286141074,0.623369575406314,False,True
Sensor_131,1167,0.8121,0.7450555520102107,0.8667415286141074,0.623369575406314,False,True
Sensor_131,1168,0.8376,0.7450555520102107,0.8667415286141074,0.623369575406314,False,True
Sensor_131,1169,0.8343,0.7450555520102107,0.8667415286141074,0.623369575406314,False,True
Sensor_131,1170,0.8121,0.7450555520102107,0.8667415286141074,0.623369575406314,False,True
Sensor_131,1171,0.8336,0.7450555520102107,0.8667415286141074,0.623369575406314,False,True
Sensor_131,1172,0.8376,0.7450555520102107,0.8667415286141074,0.623369575406314,False,True
Sensor_131,1173,0.812,0.7450555520102107,0.8667415286141074,0.623369575406314,False,True
Sensor_131,1174,0.8068,0.7450555520102107,0.8667415286141074,0.623369575406314,False,True
Sensor_131,1175,0.81,0.7450555520102107,0.8667415286141074,0.623369575406314,False,True
Sensor_131,1176,0.81,0.7450555520102107,0.8667415286141074,0.623369575406314,False,True
Sensor_131,1177,0.81,0.7450555520102107,0.8667415286141074,0.623369575406314,False,True
Sensor_131,1178,0.8036,0.7450555520102107,0.8667415286141074,0.623369575406314,False,True
Sensor_131,1179,0.81,0.7450555520102107,0.8667415286141074,0.623369575406314,False,True
Sensor_131,1180,0.7931,0.7450555520102107,0.8667415286141074,0.623369575406314,False,True
Sensor_131,1181,0.8121,0.7450555520102107,0.8667415286141074,0.623369575406314,False,True
Sensor_131,1182,0.828,0.7450555520102107,0.8667415286141074,0.623369575406314,False,True
Sensor_131,1183,0.8376,0.7450555520102107,0.8667415286141074,0.623369575406314,False,True
Sensor_131,1184,0.8201,0.7450555520102107,0.8667415286141074,0.623369575406314,False,True
Sensor_131,1185,0.828,0.7450555520102107,0.8667415286141074,0.623369575406314,False,True
Sensor_131,1186,0.81,0.7450555520102107,0.8667415286141074,0.623369575406314,False,True
Sensor_131,1187,0.8376,0.7450555520102107,0.8667415286141074,0.623369575406314,False,True
Sensor_131,1188,0.8568,0.7450555520102107,0.8667415286141074,0.623369575406314,False,True
Sensor_131,1189,0.828,0.7450555520102107,0.8667415286141074,0.623369575406314,False,True
Sensor_131,1190,0.8285,0.7450555520102107,0.8667415286141074,0.623369575406314,False,True
Sensor_131,1191,0.8121,0.7450555520102107,0.8667415286141074,0.623369575406314,False,True
Sensor_131,1192,0.8068,0.7450555520102107,0.8667415286141074,0.623369575406314,False,True
Sensor_131,1193,0.7696,0.7450555520102107,0.8667415286141074,0.623369575406314,False,True
Sensor_131,1194,0.828,0.7450555520102107,0.8667415286141074,0.623369575406314,False,True
Sensor_131,1195,0.8201,0.7450555520102107,0.8667415286141074,0.623369575406314,False,True
Sensor_131,1196,0.7696,0.7450555520102107,0.8667415286141074,0.623369575406314,False,True
Sensor_131,1197,0.7931,0.7450555520102107,0.8667415286141074,0.623369575406314,False,True
Sensor_131,1198,0.8405,0.7450555520102107,0.8667415286141074,0.623369575406314,False,True
Sensor_131,1199,0.8336,0.7450555520102107,0.8667415286141074,0.623369575406314,False,True
Sensor_131,1200,0.8343,0.7450555520102107,0.8667415286141074,0.623369575406314,False,True
Sensor_131,1201,0.8376,0.7450555520102107,0.8667415286141074,0.623369575406314,False,True
Sensor_131,1202,0.828,0.7450555520102107,0.8667415286141074,0.623369575406314,False,True
Sensor_131,1203,0.8343,0.7450555520102107,0.8667415286141074,0.623369575406314,False,True
Sensor_131,1204,0.8336,0.7450555520102107,0.8667415286141074,0.623369575406314,False,True
Sensor_131,1205,0.8238,0.7450555520102107,0.8667415286141074,0.623369575406314,False,True
Sensor_131,1206,0.8014,0.7450555520102107,0.8667415286141074,0.623369575406314,False,True
Sensor_131,1207,0.8336,0.7450555520102107,0.8667415286141074,0.623369575406314,False,True
Sensor_131,1208,0.825,0.7450555520102107,0.8667415286141074,0.623369575406314,False,True
Sensor_131,1209,0.8376,0.7450555520102107,0.8667415286141074,0.623369575406314,False,True
Sensor_131,1210,0.7931,0.7450555520102107,0.8667415286141074,0.623369575406314,False,True
Sensor_131,1211,0.8568,0.7450555520102107,0.8667415286141074,0.623369575406314,False,True
Sensor_131,1227,0.7772,0.7450555520102107,0.8667415286141074,0.623369575406314,False,True
Sensor_131,1306,0.7085,0.7450555520102107,0.8667415286141074,0.623369575406314,False,True
Sensor_131,1307,0.6814,0.7450555520102107,0.8667415286141074,0.623369575406314,False,True
Sensor_131,1323,0.7003,0.7450555520102107,0.8667415286141074,0.623369575406314,False,True
Sensor_131,1373,0.7348,0.7450555520102107,0.8667415286141074,0.623369575406314,False,True
Sensor_131,1374,0.6957,0.7450555520102107,0.8667415286141074,0.623369575406314,False,True
Sensor_131,1375,0.7348,0.7450555520102107,0.8667415286141074,0.623369575406314,False,True
Sensor_131,1376,0.7348,0.7450555520102107,0.8667415286141074,0.623369575406314,False,True
Sensor_131,1377,0.6676,0.7450555520102107,0.8667415286141074,0.623369575406314,False,True
Sensor_131,1378,0.6676,0.7450555520102107,0.8667415286141074,0.623369575406314,False,True
Sensor_131,1379,0.6676,0.7450555520102107,0.8667415286141074,0.623369575406314,False,True
Sensor_131,1380,0.7348,0.7450555520102107,0.8667415286141074,0.623369575406314,False,True
Sensor_131,1381,0.6676,0.7450555520102107,0.8667415286141074,0.623369575406314,False,True
Sensor_131,1382,0.7348,0.7450555520102107,0.8667415286141074,0.623369575406314,False,True
Sensor_131,1383,0.6676,0.7450555520102107,0.8667415286141074,0.623369575406314,False,True
Sensor_131,1384,0.7348,0.7450555520102107,0.8667415286141074,0.623369575406314,False,True
Sensor_131,1385,0.6676,0.7450555520102107,0.8667415286141074,0.623369575406314,False,True
Sensor_131,1386,0.7348,0.7450555520102107,0.8667415286141074,0.623369575406314,False,True
Sensor_131,1395,0.8218,0.7450555520102107,0.8667415286141074,0.623369575406314,False,True
Sensor_131,1396,0.8741,0.7450555520102107,0.8667415286141074,0.623369575406314,True,True
Sensor_131,1397,0.8307,0.7450555520102107,0.8667415286141074,0.623369575406314,False,True
Sensor_131,1398,0.8218,0.7450555520102107,0.8667415286141074,0.623369575406314,False,True
Sensor_131,1399,0.8218,0.7450555520102107,0.8667415286141074,0.623369575406314,False,True
Sensor_131,1400,0.7772,0.7450555520102107,0.8667415286141074,0.623369575406314,False,True
Sensor_131,1401,0.8218,0.7450555520102107,0.8667415286141074,0.623369575406314,False,True
Sensor_131,1402,0.8218,0.7450555520102107,0.8667415286141074,0.623369575406314,False,True
Sensor_131,1403,0.8741,0.7450555520102107,0.8667415286141074,0.623369575406314,True,True
Sensor_131,1405,0.8741,0.7450555520102107,0.8667415286141074,0.623369575406314,True,False
Sensor_131,1407,0.8741,0.7450555520102107,0.8667415286141074,0.623369575406314,True,False
Sensor_131,1408,0.8741,0.7450555520102107,0.8667415286141074,0.623369575406314,True,False
Sensor_131,1410,0.8741,0.7450555520102107,0.8667415286141074,0.623369575406314,True,False
Sensor_131,1423,0.7048,0.7450555520102107,0.8667415286141074,0.623369575406314,False,True
Sensor_131,1424,0.7048,0.7450555520102107,0.8667415286141074,0.623369575406314,False,True
Sensor_131,1425,0.7048,0.7450555520102107,0.8667415286141074,0.623369575406314,False,True
Sensor_131,1426,0.7048,0.7450555520102107,0.8667415286141074,0.623369575406314,False,True
Sensor_131,1427,0.6567,0.7450555520102107,0.8667415286141074,0.623369575406314,False,True
Sensor_131,1428,0.7269,0.7450555520102107,0.8667415286141074,0.623369575406314,False,True
Sensor_131,1429,0.8741,0.7450555520102107,0.8667415286141074,0.623369575406314,True,False
Sensor_131,1438,0.8741,0.7450555520102107,0.8667415286141074,0.623369575406314,True,False
Sensor_131,1447,0.6888,0.7450555520102107,0.8667415286141074,0.623369575406314,False,True
Sensor_131,1448,0.6888,0.7450555520102107,0.8667415286141074,0.623369575406314,False,True
Sensor_131,1449,0.6888,0.7450555520102107,0.8667415286141074,0.623369575406314,False,True
Sensor_131,1450,0.6888,0.7450555520102107,0.8667415286141074,0.623369575406314,False,True
Sensor_131,1451,0.6567,0.7450555520102107,0.8667415286141074,0.623369575406314,False,True
Sensor_131,1473,0.6159,0.7450555520102107,0.8667415286141074,0.623369575406314,True,False
Sensor_131,1474,0.6159,0.7450555520102107,0.8667415286141074,0.623369575406314,True,False
Sensor_131,1476,0.6159,0.7450555520102107,0.8667415286141074,0.623369575406314,True,False
Sensor_131,1478,0.6799,0.7450555520102107,0.8667415286141074,0.623369575406314,False,True
Sensor_131,1479,0.6799,0.7450555520102107,0.8667415286141074,0.623369575406314,False,True
Sensor_131,1480,0.7076,0.7450555520102107,0.8667415286141074,0.623369575406314,False,True
Sensor_131,1481,0.592,0.7450555520102107,0.8667415286141074,0.623369575406314,True,True
Sensor_131,1482,0.592,0.7450555520102107,0.8667415286141074,0.623369575406314,True,True
Sensor_131,1483,0.6543,0.7450555520102107,0.8667415286141074,0.623369575406314,False,True
Sensor_131,1484,0.592,0.7450555520102107,0.8667415286141074,0.623369575406314,True,True
Sensor_131,1485,0.6289,0.7450555520102107,0.8667415286141074,0.623369575406314,False,True
Sensor_131,1486,0.6289,0.7450555520102107,0.8667415286141074,0.623369575406314,False,True
Sensor_131,1487,0.6652,0.7450555520102107,0.8667415286141074,0.623369575406314,False,True
Sensor_131,1488,0.6289,0.7450555520102107,0.8667415286141074,0.623369575406314,False,True
Sensor_131,1489,0.6289,0.7450555520102107,0.8667415286141074,0.623369575406314,False,True
Sensor_131,1490,0.6289,0.7450555520102107,0.8667415286141074,0.623369575406314,False,True
Sensor_131,1491,0.6289,0.7450555520102107,0.8667415286141074,0.623369575406314,False,True
Sensor_131,1492,0.6652,0.7450555520102107,0.8667415286141074,0.623369575406314,False,True
Sensor_131,1493,0.6799,0.7450555520102107,0.8667415286141074,0.623369575406314,False,True
Sensor_131,1494,0.6289,0.7450555520102107,0.8667415286141074,0.623369575406314,False,True
Sensor_131,1495,0.6567,0.7450555520102107,0.8667415286141074,0.623369575406314,False,True
Sensor_131,1496,0.6289,0.7450555520102107,0.8667415286141074,0.623369575406314,False,True
Sensor_131,1497,0.6289,0.7450555520102107,0.8667415286141074,0.623369575406314,False,True
Sensor_131,1498,0.6799,0.7450555520102107,0.8667415286141074,0.623369575406314,False,True
Sensor_131,1499,0.8705,0.7450555520102107,0.8667415286141074,0.623369575406314,True,False
Sensor_131,1500,0.8705,0.7450555520102107,0.8667415286141074,0.623369575406314,True,False
Sensor_131,1501,0.8705,0.7450555520102107,0.8667415286141074,0.623369575406314,True,False
Sensor_131,1503,0.8705,0.7450555520102107,0.8667415286141074,0.623369575406314,True,False
Sensor_131,1506,0.8705,0.7450555520102107,0.8667415286141074,0.623369575406314,True,False
Sensor_131,1507,0.8781,0.7450555520102107,0.8667415286141074,0.623369575406314,True,False
Sensor_131,1509,0.6153,0.7450555520102107,0.8667415286141074,0.623369575406314,True,False
Sensor_131,1510,0.8781,0.7450555520102107,0.8667415286141074,0.623369575406314,True,False
Sensor_131,1513,0.8781,0.7450555520102107,0.8667415286141074,0.623369575406314,True,False
Sensor_131,1516,0.8781,0.7450555520102107,0.8667415286141074,0.623369575406314,True,False
Sensor_131,1518,0.8781,0.7450555520102107,0.8667415286141074,0.623369575406314,True,False
Sensor_131,1519,0.8741,0.7450555520102107,0.8667415286141074,0.623369575406314,True,False
Sensor_131,1521,0.8705,0.7450555520102107,0.8667415286141074,0.623369575406314,True,False
Sensor_131,1523,0.6153,0.7450555520102107,0.8667415286141074,0.623369575406314,True,False
Sensor_131,1524,0.4199,0.7450555520102107,0.8667415286141074,0.623369575406314,True,False
Sensor_131,1525,0.4199,0.7450555520102107,0.8667415286141074,0.623369575406314,True,False
Sensor_131,1526,0.4199,0.7450555520102107,0.8667415286141074,0.623369575406314,True,False
Sensor_131,1527,0.4199,0.7450555520102107,0.8667415286141074,0.623369575406314,True,False
Sensor_131,1529,0.5922,0.7450555520102107,0.8667415286141074,0.623369575406314,True,False
Sensor_131,1531,0.6595,0.7450555520102107,0.8667415286141074,0.623369575406314,False,True
Sensor_131,1532,0.5887,0.7450555520102107,0.8667415286141074,0.623369575406314,True,True
Sensor_131,1533,0.655,0.7450555520102107,0.8667415286141074,0.623369575406314,False,True
Sensor_131,1534,0.655,0.7450555520102107,0.8667415286141074,0.623369575406314,False,True
Sensor_131,1535,0.655,0.7450555520102107,0.8667415286141074,0.623369575406314,False,True
Sensor_131,1536,0.655,0.7450555520102107,0.8667415286141074,0.623369575406314,False,True
Sensor_131,1537,0.5887,0.7450555520102107,0.8667415286141074,0.623369575406314,True,True
Sensor_131,1538,0.655,0.7450555520102107,0.8667415286141074,0.623369575406314,False,True
Sensor_131,1539,0.655,0.7450555520102107,0.8667415286141074,0.623369575406314,False,True
Sensor_131,1540,0.655,0.7450555520102107,0.8667415286141074,0.623369575406314,False,True
Sensor_131,1541,0.655,0.7450555520102107,0.8667415286141074,0.623369575406314,False,True
Sensor_131,1542,0.8722,0.7450555520102107,0.8667415286141074,0.623369575406314,True,False
Sensor_131,1543,0.8722,0.7450555520102107,0.8667415286141074,0.623369575406314,True,False
Sensor_131,1544,0.8722,0.7450555520102107,0.8667415286141074,0.623369575406314,True,False
Sensor_131,1545,0.5768,0.7450555520102107,0.8667415286141074,0.623369575406314,True,False
Sensor_131,1546,0.5768,0.7450555520102107,0.8667415286141074,0.623369575406314,True,False
Sensor_131,1547,0.5887,0.7450555520102107,0.8667415286141074,0.623369575406314,True,False
Sensor_131,1548,0.5768,0.7450555520102107,0.8667415286141074,0.623369575406314,True,False
Sensor_131,1549,0.6102,0.7450555520102107,0.8667415286141074,0.623369575406314,True,False
Sensor_131,1550,0.5887,0.7450555520102107,0.8667415286141074,0.623369575406314,True,False
Sensor_131,1551,0.5768,0.7450555520102107,0.8667415286141074,0.623369575406314,True,False
Sensor_131,1552,0.8712,0.7450555520102107,0.8667415286141074,0.623369575406314,True,False
Sensor_131,1553,0.8722,0.7450555520102107,0.8667415286141074,0.623369575406314,True,False
Sensor_131,1554,0.8712,0.7450555520102107,0.8667415286141074,0.623369575406314,True,False
Sensor_131,1555,0.8712,0.7450555520102107,0.8667415286141074,0.623369575406314,True,False
Sensor_131,1556,0.5768,0.7450555520102107,0.8667415286141074,0.623369575406314,True,False
Sensor_131,1557,0.8712,0.7450555520102107,0.8667415286141074,0.623369575406314,True,False
Sensor_131,1558,0.6102,0.7450555520102107,0.8667415286141074,0.623369575406314,True,False
Sensor_131,1559,0.6102,0.7450555520102107,0.8667415286141074,0.623369575406314,True,False
Sensor_131,1560,0.6102,0.7450555520102107,0.8667415286141074,0.623369575406314,True,False
Sensor_131,1562,0.5768,0.7450555520102107,0.8667415286141074,0.623369575406314,True,False
Sensor_131,1563,0.8712,0.7450555520102107,0.8667415286141074,0.623369575406314,True,False
Sensor_122,3,15.55,15.79638800255265,15.942257000677701,15.650519004427599,True,False
Sensor_122,23,15.96,15.79638800255265,15.942257000677701,15.650519004427599,True,True
Sensor_122,25,15.98,15.79638800255265,15.942257000677701,15.650519004427599,True,False
Sensor_122,26,15.98,15.79638800255265,15.942257000677701,15.650519004427599,True,False
Sensor_122,27,15.98,15.79638800255265,15.942257000677701,15.650519004427599,True,False
Sensor_122,28,15.98,15.79638800255265,15.942257000677701,15.650519004427599,True,False
Sensor_122,30,15.98,15.79638800255265,15.942257000677701,15.650519004427599,True,False
Sensor_122,31,15.98,15.79638800255265,15.942257000677701,15.650519004427599,True,False
Sensor_122,33,15.89,15.79638800255265,15.942257000677701,15.650519004427599,False,True
Sensor_122,34,15.93,15.79638800255265,15.942257000677701,15.650519004427599,False,True
Sensor_122,35,15.89,15.79638800255265,15.942257000677701,15.650519004427599,False,True
Sensor_122,36,15.93,15.79638800255265,15.942257000677701,15.650519004427599,False,True
Sensor_122,37,15.93,15.79638800255265,15.942257000677701,15.650519004427599,False,True
Sensor_122,38,15.93,15.79638800255265,15.942257000677701,15.650519004427599,False,True
Sensor_122,39,15.98,15.79638800255265,15.942257000677701,15.650519004427599,True,True
Sensor_122,40,15.93,15.79638800255265,15.942257000677701,15.650519004427599,False,True
Sensor_122,41,15.89,15.79638800255265,15.942257000677701,15.650519004427599,False,True
Sensor_122,42,15.89,15.79638800255265,15.942257000677701,15.650519004427599,False,True
Sensor_122,43,15.93,15.79638800255265,15.942257000677701,15.650519004427599,False,True
Sensor_122,44,15.82,15.79638800255265,15.942257000677701,15.650519004427599,False,True
Sensor_122,45,15.82,15.79638800255265,15.942257000677701,15.650519004427599,False,True
Sensor_122,46,15.87,15.79638800255265,15.942257000677701,15.650519004427599,False,True
Sensor_122,47,15.87,15.79638800255265,15.942257000677701,15.650519004427599,False,True
Sensor_122,48,15.98,15.79638800255265,15.942257000677701,15.650519004427599,True,True
Sensor_122,49,15.82,15.79638800255265,15.942257000677701,15.650519004427599,False,True
Sensor_122,50,15.82,15.79638800255265,15.942257000677701,15.650519004427599,False,True
Sensor_122,51,15.82,15.79638800255265,15.942257000677701,15.650519004427599,False,True
Sensor_122,52,15.82,15.79638800255265,15.942257000677701,15.650519004427599,False,True
Sensor_122,53,15.87,15.79638800255265,15.942257000677701,15.650519004427599,False,True
Sensor_122,54,15.87,15.79638800255265,15.942257000677701,15.650519004427599,False,True
Sensor_122,55,15.87,15.79638800255265,15.942257000677701,15.650519004427599,False,True
Sensor_122,95,15.79,15.79638800255265,15.942257000677701,15.650519004427599,False,True
Sensor_122,96,15.78,15.79638800255265,15.942257000677701,15.650519004427599,False,True
Sensor_122,97,15.71,15.79638800255265,15.942257000677701,15.650519004427599,False,True
Sensor_122,98,15.71,15.79638800255265,15.942257000677701,15.650519004427599,False,True
Sensor_122,99,15.75,15.79638800255265,15.942257000677701,15.650519004427599,False,True
Sensor_122,100,15.71,15.79638800255265,15.942257000677701,15.650519004427599,False,True
Sensor_122,101,15.69,15.79638800255265,15.942257000677701,15.650519004427599,False,True
Sensor_122,102,15.69,15.79638800255265,15.942257000677701,15.650519004427599,False,True
Sensor_122,103,15.71,15.79638800255265,15.942257000677701,15.650519004427599,False,True
Sensor_122,104,15.7,15.79638800255265,15.942257000677701,15.650519004427599,False,True
Sensor_122,105,15.75,15.79638800255265,15.942257000677701,15.650519004427599,False,True
Sensor_122,106,15.7,15.79638800255265,15.942257000677701,15.650519004427599,False,True
Sensor_122,107,15.7,15.79638800255265,15.942257000677701,15.650519004427599,False,True
Sensor_122,108,15.7,15.79638800255265,15.942257000677701,15.650519004427599,False,True
Sensor_122,109,15.71,15.79638800255265,15.942257000677701,15.650519004427599,False,True
Sensor_122,110,15.7,15.79638800255265,15.942257000677701,15.650519004427599,False,True
Sensor_122,111,15.71,15.79638800255265,15.942257000677701,15.650519004427599,False,True
Sensor_122,112,15.75,15.79638800255265,15.942257000677701,15.650519004427599,False,True
Sensor_122,113,15.7,15.79638800255265,15.942257000677701,15.650519004427599,False,True
Sensor_122,114,15.71,15.79638800255265,15.942257000677701,15.650519004427599,False,True
Sensor_122,115,15.75,15.79638800255265,15.942257000677701,15.650519004427599,False,True
Sensor_122,116,15.71,15.79638800255265,15.942257000677701,15.650519004427599,False,True
Sensor_122,117,15.7,15.79638800255265,15.942257000677701,15.650519004427599,False,True
Sensor_122,118,15.75,15.79638800255265,15.942257000677701,15.650519004427599,False,True
Sensor_122,119,15.74,15.79638800255265,15.942257000677701,15.650519004427599,False,True
Sensor_122,120,15.65,15.79638800255265,15.942257000677701,15.650519004427599,True,True
Sensor_122,121,15.7,15.79638800255265,15.942257000677701,15.650519004427599,False,True
Sensor_122,122,15.79,15.79638800255265,15.942257000677701,15.650519004427599,False,True
Sensor_122,139,15.79,15.79638800255265,15.942257000677701,15.650519004427599,False,True
Sensor_122,167,15.76,15.79638800255265,15.942257000677701,15.650519004427599,False,True
Sensor_122,168,15.75,15.79638800255265,15.942257000677701,15.650519004427599,False,True
Sensor_122,169,15.73,15.79638800255265,15.942257000677701,15.650519004427599,False,True
Sensor_122,170,15.73,15.79638800255265,15.942257000677701,15.650519004427599,False,True
Sensor_122,171,15.73,15.79638800255265,15.942257000677701,15.650519004427599,False,True
Sensor_122,172,15.76,15.79638800255265,15.942257000677701,15.650519004427599,False,True
Sensor_122,173,15.73,15.79638800255265,15.942257000677701,15.650519004427599,False,True
Sensor_122,174,15.76,15.79638800255265,15.942257000677701,15.650519004427599,False,True
Sensor_122,175,15.76,15.79638800255265,15.942257000677701,15.650519004427599,False,True
Sensor_122,176,15.73,15.79638800255265,15.942257000677701,15.650519004427599,False,True
Sensor_122,177,15.76,15.79638800255265,15.942257000677701,15.650519004427599,False,True
Sensor_122,178,15.76,15.79638800255265,15.942257000677701,15.650519004427599,False,True
Sensor_122,179,15.73,15.79638800255265,15.942257000677701,15.650519004427599,False,True
Sensor_122,180,15.74,15.79638800255265,15.942257000677701,15.650519004427599,False,True
Sensor_122,181,15.76,15.79638800255265,15.942257000677701,15.650519004427599,False,True
Sensor_122,182,15.73,15.79638800255265,15.942257000677701,15.650519004427599,False,True
Sensor_122,183,15.79,15.79638800255265,15.942257000677701,15.650519004427599,False,True
Sensor_122,184,15.76,15.79638800255265,15.942257000677701,15.650519004427599,False,True
Sensor_122,185,15.69,15.79638800255265,15.942257000677701,15.650519004427599,False,True
Sensor_122,186,15.75,15.79638800255265,15.942257000677701,15.650519004427599,False,True
Sensor_122,187,15.74,15.79638800255265,15.942257000677701,15.650519004427599,False,True
Sensor_122,188,15.76,15.79638800255265,15.942257000677701,15.650519004427599,False,True
Sensor_122,189,15.76,15.79638800255265,15.942257000677701,15.650519004427599,False,True
Sensor_122,190,15.72,15.79638800255265,15.942257000677701,15.650519004427599,False,True
Sensor_122,191,15.72,15.79638800255265,15.942257000677701,15.650519004427599,False,True
Sensor_122,192,15.72,15.79638800255265,15.942257000677701,15.650519004427599,False,True
Sensor_122,193,15.75,15.79638800255265,15.942257000677701,15.650519004427599,False,True
Sensor_122,194,15.72,15.79638800255265,15.942257000677701,15.650519004427599,False,True
Sensor_122,195,15.7,15.79638800255265,15.942257000677701,15.650519004427599,False,True
Sensor_122,196,15.76,15.79638800255265,15.942257000677701,15.650519004427599,False,True
Sensor_122,197,15.76,15.79638800255265,15.942257000677701,15.650519004427599,False,True
Sensor_122,198,15.76,15.79638800255265,15.942257000677701,15.650519004427599,False,True
Sensor_122,199,15.76,15.79638800255265,15.942257000677701,15.650519004427599,False,True
Sensor_122,200,15.73,15.79638800255265,15.942257000677701,15.650519004427599,False,True
Sensor_122,201,15.72,15.79638800255265,15.942257000677701,15.650519004427599,False,True
Sensor_122,202,15.72,15.79638800255265,15.942257000677701,15.650519004427599,False,True
Sensor_122,211,15.9,15.79638800255265,15.942257000677701,15.650519004427599,False,True
Sensor_122,212,15.88,15.79638800255265,15.942257000677701,15.650519004427599,False,True
Sensor_122,213,15.94,15.79638800255265,15.942257000677701,15.650519004427599,False,True
Sensor_122,214,15.94,15.79638800255265,15.942257000677701,15.650519004427599,False,True
Sensor_122,215,15.94,15.79638800255265,15.942257000677701,15.650519004427599,False,True
Sensor_122,216,15.94,15.79638800255265,15.942257000677701,15.650519004427599,False,True
Sensor_122,217,15.94,15.79638800255265,15.942257000677701,15.650519004427599,False,True
Sensor_122,218,15.88,15.79638800255265,15.942257000677701,15.650519004427599,False,True
Sensor_122,219,15.82,15.79638800255265,15.942257000677701,15.650519004427599,False,True
Sensor_122,220,15.82,15.79638800255265,15.942257000677701,15.650519004427599,False,True
Sensor_122,221,15.82,15.79638800255265,15.942257000677701,15.650519004427599,False,True
Sensor_122,222,15.94,15.79638800255265,15.942257000677701,15.650519004427599,False,True
Sensor_122,231,15.77,15.79638800255265,15.942257000677701,15.650519004427599,False,True
Sensor_122,232,15.79,15.79638800255265,15.942257000677701,15.650519004427599,False,True
Sensor_122,233,15.79,15.79638800255265,15.942257000677701,15.650519004427599,False,True
Sensor_122,253,15.83,15.79638800255265,15.942257000677701,15.650519004427599,False,True
Sensor_122,254,15.84,15.79638800255265,15.942257000677701,15.650519004427599,False,True
Sensor_122,255,15.84,15.79638800255265,15.942257000677701,15.650519004427599,False,True
Sensor_122,256,15.83,15.79638800255265,15.942257000677701,15.650519004427599,False,True
Sensor_122,257,15.83,15.79638800255265,15.942257000677701,15.650519004427599,False,True
Sensor_122,258,15.82,15.79638800255265,15.942257000677701,15.650519004427599,False,True
Sensor_122,259,15.83,15.79638800255265,15.942257000677701,15.650519004427599,False,True
Sensor_122,260,15.82,15.79638800255265,15.942257000677701,15.650519004427599,False,True
Sensor_122,261,15.83,15.79638800255265,15.942257000677701,15.650519004427599,False,True
Sensor_122,262,15.85,15.79638800255265,15.942257000677701,15.650519004427599,False,True
Sensor_122,263,15.83,15.79638800255265,15.942257000677701,15.650519004427599,False,True
Sensor_122,264,15.82,15.79638800255265,15.942257000677701,15.650519004427599,False,True
Sensor_122,265,15.83,15.79638800255265,15.942257000677701,15.650519004427599,False,True
Sensor_122,266,15.83,15.79638800255265,15.942257000677701,15.650519004427599,False,True
Sensor_122,267,15.85,15.79638800255265,15.942257000677701,15.650519004427599,False,True
Sensor_122,268,15.83,15.79638800255265,15.942257000677701,15.650519004427599,False,True
Sensor_122,269,15.83,15.79638800255265,15.942257000677701,15.650519004427599,False,True
Sensor_122,270,15.85,15.79638800255265,15.942257000677701,15.650519004427599,False,True
Sensor_122,271,15.83,15.79638800255265,15.942257000677701,15.650519004427599,False,True
Sensor_122,272,15.85,15.79638800255265,15.942257000677701,15.650519004427599,False,True
Sensor_122,273,15.85,15.79638800255265,15.942257000677701,15.650519004427599,False,True
Sensor_122,274,15.85,15.79638800255265,15.942257000677701,15.650519004427599,False,True
Sensor_122,275,15.83,15.79638800255265,15.942257000677701,15.650519004427599,False,True
Sensor_122,276,15.83,15.79638800255265,15.942257000677701,15.650519004427599,False,True
Sensor_122,277,15.85,15.79638800255265,15.942257000677701,15.650519004427599,False,True
Sensor_122,278,15.82,15.79638800255265,15.942257000677701,15.650519004427599,False,True
Sensor_122,279,15.8,15.79638800255265,15.942257000677701,15.650519004427599,False,True
Sensor_122,280,15.82,15.79638800255265,15.942257000677701,15.650519004427599,False,True
Sensor_122,281,15.82,15.79638800255265,15.942257000677701,15.650519004427599,False,True
Sensor_122,282,15.8,15.79638800255265,15.942257000677701,15.650519004427599,False,True
Sensor_122,283,15.82,15.79638800255265,15.942257000677701,15.650519004427599,False,True
Sensor_122,284,15.82,15.79638800255265,15.942257000677701,15.650519004427599,False,True
Sensor_122,285,15.82,15.79638800255265,15.942257000677701,15.650519004427599,False,True
Sensor_122,286,15.82,15.79638800255265,15.942257000677701,15.650519004427599,False,True
Sensor_122,287,15.82,15.79638800255265,15.942257000677701,15.650519004427599,False,True
Sensor_122,288,15.82,15.79638800255265,15.942257000677701,15.650519004427599,False,True
Sensor_122,289,15.85,15.79638800255265,15.942257000677701,15.650519004427599,False,True
Sensor_122,290,15.82,15.79638800255265,15.942257000677701,15.650519004427599,False,True
Sensor_122,291,15.8,15.79638800255265,15.942257000677701,15.650519004427599,False,True
Sensor_122,292,15.82,15.79638800255265,15.942257000677701,15.650519004427599,False,True
Sensor_122,293,15.82,15.79638800255265,15.942257000677701,15.650519004427599,False,True
Sensor_122,294,15.8,15.79638800255265,15.942257000677701,15.650519004427599,False,True
Sensor_122,295,15.82,15.79638800255265,15.942257000677701,15.650519004427599,False,True
Sensor_122,296,15.82,15.79638800255265,15.942257000677701,15.650519004427599,False,True
Sensor_122,297,15.84,15.79638800255265,15.942257000677701,15.650519004427599,False,True
Sensor_122,298,15.82,15.79638800255265,15.942257000677701,15.650519004427599,False,True
Sensor_122,329,15.46,15.79638800255265,15.942257000677701,15.650519004427599,True,False
Sensor_122,337,15.46,15.79638800255265,15.942257000677701,15.650519004427599,True,False
Sensor_122,338,15.46,15.79638800255265,15.942257000677701,15.650519004427599,True,False
Sensor_122,339,15.46,15.79638800255265,15.942257000677701,15.650519004427599,True,False
Sensor_122,375,15.46,15.79638800255265,15.942257000677701,15.650519004427599,True,False
Sensor_122,430,15.87,15.79638800255265,15.942257000677701,15.650519004427599,False,True
Sensor_122,431,15.87,15.79638800255265,15.942257000677701,15.650519004427599,False,True
Sensor_122,432,15.83,15.79638800255265,15.942257000677701,15.650519004427599,False,True
Sensor_122,433,15.83,15.79638800255265,15.942257000677701,15.650519004427599,False,True
Sensor_122,434,15.83,15.79638800255265,15.942257000677701,15.650519004427599,False,True
Sensor_122,435,15.83,15.79638800255265,15.942257000677701,15.650519004427599,False,True
Sensor_122,436,15.83,15.79638800255265,15.942257000677701,15.650519004427599,False,True
Sensor_122,445,15.77,15.79638800255265,15.942257000677701,15.650519004427599,False,True
Sensor_122,446,15.78,15.79638800255265,15.942257000677701,15.650519004427599,False,True
Sensor_122,447,15.76,15.79638800255265,15.942257000677701,15.650519004427599,False,True
Sensor_122,448,15.77,15.79638800255265,15.942257000677701,15.650519004427599,False,True
Sensor_122,449,15.77,15.79638800255265,15.942257000677701,15.650519004427599,False,True
Sensor_122,464,15.71,15.79638800255265,15.942257000677701,15.650519004427599,False,True
Sensor_122,465,15.74,15.79638800255265,15.942257000677701,15.650519004427599,False,True
Sensor_122,466,15.71,15.79638800255265,15.942257000677701,15.650519004427599,False,True
Sensor_122,467,15.74,15.79638800255265,15.942257000677701,15.650519004427599,False,True
Sensor_122,472,15.65,15.79638800255265,15.942257000677701,15.650519004427599,True,False
Sensor_122,477,15.72,15.79638800255265,15.942257000677701,15.650519004427599,False,True
Sensor_122,478,15.76,15.79638800255265,15.942257000677701,15.650519004427599,False,True
Sensor_122,479,15.65,15.79638800255265,15.942257000677701,15.650519004427599,True,True
Sensor_122,482,15.65,15.79638800255265,15.942257000677701,15.650519004427599,True,False
Sensor_122,491,15.65,15.79638800255265,15.942257000677701,15.650519004427599,True,False
Sensor_122,499,15.95,15.79638800255265,15.942257000677701,15.650519004427599,True,False
Sensor_122,500,15.95,15.79638800255265,15.942257000677701,15.650519004427599,True,False
Sensor_122,502,15.95,15.79638800255265,15.942257000677701,15.650519004427599,True,False
Sensor_122,504,15.95,15.79638800255265,15.942257000677701,15.650519004427599,True,False
Sensor_122,506,15.95,15.79638800255265,15.942257000677701,15.650519004427599,True,False
Sensor_122,507,15.95,15.79638800255265,15.942257000677701,15.650519004427599,True,False
Sensor_122,512,15.95,15.79638800255265,15.942257000677701,15.650519004427599,True,False
Sensor_122,519,15.87,15.79638800255265,15.942257000677701,15.650519004427599,False,True
Sensor_122,520,15.87,15.79638800255265,15.942257000677701,15.650519004427599,False,True
Sensor_122,521,15.94,15.79638800255265,15.942257000677701,15.650519004427599,False,True
Sensor_122,522,15.95,15.79638800255265,15.942257000677701,15.650519004427599,True,True
Sensor_122,523,15.87,15.79638800255265,15.942257000677701,15.650519004427599,False,True
Sensor_122,524,15.84,15.79638800255265,15.942257000677701,15.650519004427599,False,True
Sensor_122,525,15.94,15.79638800255265,15.942257000677701,15.650519004427599,False,True
Sensor_122,526,15.87,15.79638800255265,15.942257000677701,15.650519004427599,False,True
Sensor_122,527,15.84,15.79638800255265,15.942257000677701,15.650519004427599,False,True
Sensor_122,528,15.87,15.79638800255265,15.942257000677701,15.650519004427599,False,True
Sensor_122,529,15.84,15.79638800255265,15.942257000677701,15.650519004427599,False,True
Sensor_122,530,15.95,15.79638800255265,15.942257000677701,15.650519004427599,True,True
Sensor_122,531,15.84,15.79638800255265,15.942257000677701,15.650519004427599,False,True
Sensor_122,532,15.84,15.79638800255265,15.942257000677701,15.650519004427599,False,True
Sensor_122,533,15.91,15.79638800255265,15.942257000677701,15.650519004427599,False,True
Sensor_122,534,15.87,15.79638800255265,15.942257000677701,15.650519004427599,False,True
Sensor_122,535,15.91,15.79638800255265,15.942257000677701,15.650519004427599,False,True
Sensor_122,536,15.95,15.79638800255265,15.942257000677701,15.650519004427599,True,True
Sensor_122,537,15.91,15.79638800255265,15.942257000677701,15.650519004427599,False,True
Sensor_122,538,15.82,15.79638800255265,15.942257000677701,15.650519004427599,False,True
Sensor_122,539,15.87,15.79638800255265,15.942257000677701,15.650519004427599,False,True
Sensor_122,540,15.84,15.79638800255265,15.942257000677701,15.650519004427599,False,True
Sensor_122,541,15.84,15.79638800255265,15.942257000677701,15.650519004427599,False,True
Sensor_122,542,15.91,15.79638800255265,15.942257000677701,15.650519004427599,False,True
Sensor_122,543,15.87,15.79638800255265,15.942257000677701,15.650519004427599,False,True
Sensor_122,544,15.93,15.79638800255265,15.942257000677701,15.650519004427599,False,True
Sensor_122,545,15.92,15.79638800255265,15.942257000677701,15.650519004427599,False,True
Sensor_122,546,15.93,15.79638800255265,15.942257000677701,15.650519004427599,False,True
Sensor_122,547,15.92,15.79638800255265,15.942257000677701,15.650519004427599,False,True
Sensor_122,548,15.92,15.79638800255265,15.942257000677701,15.650519004427599,False,True
Sensor_122,549,15.92,15.79638800255265,15.942257000677701,15.650519004427599,False,True
Sensor_122,550,15.87,15.79638800255265,15.942257000677701,15.650519004427599,False,True
Sensor_122,551,15.93,15.79638800255265,15.942257000677701,15.650519004427599,False,True
Sensor_122,552,15.92,15.79638800255265,15.942257000677701,15.650519004427599,False,True
Sensor_122,553,15.92,15.79638800255265,15.942257000677701,15.650519004427599,False,True
Sensor_122,554,15.93,15.79638800255265,15.942257000677701,15.650519004427599,False,True
Sensor_122,555,15.92,15.79638800255265,15.942257000677701,15.650519004427599,False,True
Sensor_122,556,15.92,15.79638800255265,15.942257000677701,15.650519004427599,False,True
Sensor_122,557,15.92,15.79638800255265,15.942257000677701,15.650519004427599,False,True
Sensor_122,558,15.95,15.79638800255265,15.942257000677701,15.650519004427599,True,True
Sensor_122,559,15.92,15.79638800255265,15.942257000677701,15.650519004427599,False,True
Sensor_122,560,15.95,15.79638800255265,15.942257000677701,15.650519004427599,True,True
Sensor_122,561,15.91,15.79638800255265,15.942257000677701,15.650519004427599,False,True
Sensor_122,562,15.91,15.79638800255265,15.942257000677701,15.650519004427599,False,True
Sensor_122,563,15.92,15.79638800255265,15.942257000677701,15.650519004427599,False,True
Sensor_122,564,15.93,15.79638800255265,15.942257000677701,15.650519004427599,False,True
Sensor_122,565,15.92,15.79638800255265,15.942257000677701,15.650519004427599,False,True
Sensor_122,567,15.95,15.79638800255265,15.942257000677701,15.650519004427599,True,False
Sensor_122,575,15.95,15.79638800255265,15.942257000677701,15.650519004427599,True,False
Sensor_122,579,15.95,15.79638800255265,15.942257000677701,15.650519004427599,True,False
Sensor_122,582,15.95,15.79638800255265,15.942257000677701,15.650519004427599,True,False
Sensor_122,590,15.89,15.79638800255265,15.942257000677701,15.650519004427599,False,True
Sensor_122,591,15.91,15.79638800255265,15.942257000677701,15.650519004427599,False,True
Sensor_122,592,15.85,15.79638800255265,15.942257000677701,15.650519004427599,False,True
Sensor_122,593,15.65,15.79638800255265,15.942257000677701,15.650519004427599,True,False
Sensor_122,595,15.95,15.79638800255265,15.942257000677701,15.650519004427599,True,False
Sensor_122,596,15.95,15.79638800255265,15.942257000677701,15.650519004427599,True,False
Sensor_122,598,15.95,15.79638800255265,15.942257000677701,15.650519004427599,True,False
Sensor_122,601,15.95,15.79638800255265,15.942257000677701,15.650519004427599,True,False
Sensor_122,602,15.92,15.79638800255265,15.942257000677701,15.650519004427599,False,True
Sensor_122,603,15.92,15.79638800255265,15.942257000677701,15.650519004427599,False,True
Sensor_122,604,15.92,15.79638800255265,15.942257000677701,15.650519004427599,False,True
Sensor_122,605,15.92,15.79638800255265,15.942257000677701,15.650519004427599,False,True
Sensor_122,606,15.92,15.79638800255265,15.942257000677701,15.650519004427599,False,True
Sensor_122,607,15.92,15.79638800255265,15.942257000677701,15.650519004427599,False,True
Sensor_122,608,15.92,15.79638800255265,15.942257000677701,15.650519004427599,False,True
Sensor_122,609,15.94,15.79638800255265,15.942257000677701,15.650519004427599,False,True
Sensor_122,610,15.92,15.79638800255265,15.942257000677701,15.650519004427599,False,True
Sensor_122,611,15.89,15.79638800255265,15.942257000677701,15.650519004427599,False,True
Sensor_122,612,15.95,15.79638800255265,15.942257000677701,15.650519004427599,True,True
Sensor_122,613,15.95,15.79638800255265,15.942257000677701,15.650519004427599,True,True
Sensor_122,614,16.0,15.79638800255265,15.942257000677701,15.650519004427599,True,True
Sensor_122,616,16.0,15.79638800255265,15.942257000677701,15.650519004427599,True,False
Sensor_122,617,15.95,15.79638800255265,15.942257000677701,15.650519004427599,True,False
Sensor_122,618,16.0,15.79638800255265,15.942257000677701,15.650519004427599,True,False
Sensor_122,619,16.0,15.79638800255265,15.942257000677701,15.650519004427599,True,False
Sensor_122,620,16.0,15.79638800255265,15.942257000677701,15.650519004427599,True,False
Sensor_122,621,16.0,15.79638800255265,15.942257000677701,15.650519004427599,True,False
Sensor_122,622,15.98,15.79638800255265,15.942257000677701,15.650519004427599,True,False
Sensor_122,624,15.98,15.79638800255265,15.942257000677701,15.650519004427599,True,False
Sensor_122,625,15.96,15.79638800255265,15.942257000677701,15.650519004427599,True,False
Sensor_122,626,15.98,15.79638800255265,15.942257000677701,15.650519004427599,True,False
Sensor_122,627,15.96,15.79638800255265,15.942257000677701,15.650519004427599,True,False
Sensor_122,628,15.97,15.79638800255265,15.942257000677701,15.650519004427599,True,False
Sensor_122,629,15.98,15.79638800255265,15.942257000677701,15.650519004427599,True,False
Sensor_122,630,15.96,15.79638800255265,15.942257000677701,15.650519004427599,True,False
Sensor_122,632,15.96,15.79638800255265,15.942257000677701,15.650519004427599,True,False
Sensor_122,633,15.96,15.79638800255265,15.942257000677701,15.650519004427599,True,False
Sensor_122,635,15.96,15.79638800255265,15.942257000677701,15.650519004427599,True,False
Sensor_122,636,15.96,15.79638800255265,15.942257000677701,15.650519004427599,True,False
Sensor_122,637,15.96,15.79638800255265,15.942257000677701,15.650519004427599,True,False
Sensor_122,638,15.97,15.79638800255265,15.942257000677701,15.650519004427599,True,False
Sensor_122,639,15.96,15.79638800255265,15.942257000677701,15.650519004427599,True,False
Sensor_122,640,15.96,15.79638800255265,15.942257000677701,15.650519004427599,True,True
Sensor_122,641,15.96,15.79638800255265,15.942257000677701,15.650519004427599,True,True
Sensor_122,642,15.96,15.79638800255265,15.942257000677701,15.650519004427599,True,True
Sensor_122,643,15.97,15.79638800255265,15.942257000677701,15.650519004427599,True,True
Sensor_122,644,15.96,15.79638800255265,15.942257000677701,15.650519004427599,True,True
Sensor_122,645,15.97,15.79638800255265,15.942257000677701,15.650519004427599,True,True
Sensor_122,646,15.96,15.79638800255265,15.942257000677701,15.650519004427599,True,True
Sensor_122,647,15.91,15.79638800255265,15.942257000677701,15.650519004427599,False,True
Sensor_122,648,15.94,15.79638800255265,15.942257000677701,15.650519004427599,False,True
Sensor_122,649,15.96,15.79638800255265,15.942257000677701,15.650519004427599,True,True
Sensor_122,650,15.96,15.79638800255265,15.942257000677701,15.650519004427599,True,True
Sensor_122,651,15.96,15.79638800255265,15.942257000677701,15.650519004427599,True,True
Sensor_122,652,15.94,15.79638800255265,15.942257000677701,15.650519004427599,False,True
Sensor_122,653,15.94,15.79638800255265,15.942257000677701,15.650519004427599,False,True
Sensor_122,654,15.96,15.79638800255265,15.942257000677701,15.650519004427599,True,True
Sensor_122,655,15.95,15.79638800255265,15.942257000677701,15.650519004427599,True,True
Sensor_122,656,15.96,15.79638800255265,15.942257000677701,15.650519004427599,True,True
Sensor_122,657,15.9,15.79638800255265,15.942257000677701,15.650519004427599,False,True
Sensor_122,658,15.91,15.79638800255265,15.942257000677701,15.650519004427599,False,True
Sensor_122,659,15.91,15.79638800255265,15.942257000677701,15.650519004427599,False,True
Sensor_122,660,15.91,15.79638800255265,15.942257000677701,15.650519004427599,False,True
Sensor_122,661,15.91,15.79638800255265,15.942257000677701,15.650519004427599,False,True
Sensor_122,662,15.9,15.79638800255265,15.942257000677701,15.650519004427599,False,True
Sensor_122,663,15.91,15.79638800255265,15.942257000677701,15.650519004427599,False,True
Sensor_122,666,15.95,15.79638800255265,15.942257000677701,15.650519004427599,True,False
Sensor_122,669,15.96,15.79638800255265,15.942257000677701,15.650519004427599,True,False
Sensor_122,672,15.96,15.79638800255265,15.942257000677701,15.650519004427599,True,False
Sensor_122,697,15.86,15.79638800255265,15.942257000677701,15.650519004427599,False,True
Sensor_122,698,15.94,15.79638800255265,15.942257000677701,15.650519004427599,False,True
Sensor_122,699,15.86,15.79638800255265,15.942257000677701,15.650519004427599,False,True
Sensor_122,700,15.82,15.79638800255265,15.942257000677701,15.650519004427599,False,True
Sensor_122,701,15.86,15.79638800255265,15.942257000677701,15.650519004427599,False,True
Sensor_122,702,15.86,15.79638800255265,15.942257000677701,15.650519004427599,False,True
Sensor_122,703,15.82,15.79638800255265,15.942257000677701,15.650519004427599,False,True
Sensor_122,704,15.86,15.79638800255265,15.942257000677701,15.650519004427599,False,True
Sensor_122,705,15.82,15.79638800255265,15.942257000677701,15.650519004427599,False,True
Sensor_122,706,15.94,15.79638800255265,15.942257000677701,15.650519004427599,False,True
Sensor_122,707,15.86,15.79638800255265,15.942257000677701,15.650519004427599,False,True
Sensor_122,708,15.91,15.79638800255265,15.942257000677701,15.650519004427599,False,True
Sensor_122,709,15.82,15.79638800255265,15.942257000677701,15.650519004427599,False,True
Sensor_122,710,15.86,15.79638800255265,15.942257000677701,15.650519004427599,False,True
Sensor_122,711,15.85,15.79638800255265,15.942257000677701,15.650519004427599,False,True
Sensor_122,712,15.82,15.79638800255265,15.942257000677701,15.650519004427599,False,True
Sensor_122,713,15.82,15.79638800255265,15.942257000677701,15.650519004427599,False,True
Sensor_122,729,15.68,15.79638800255265,15.942257000677701,15.650519004427599,False,True
Sensor_122,730,15.68,15.79638800255265,15.942257000677701,15.650519004427599,False,True
Sensor_122,731,15.61,15.79638800255265,15.942257000677701,15.650519004427599,True,True
Sensor_122,732,15.61,15.79638800255265,15.942257000677701,15.650519004427599,True,True
Sensor_122,733,15.61,15.79638800255265,15.942257000677701,15.650519004427599,True,True
Sensor_122,734,15.61,15.79638800255265,15.942257000677701,15.650519004427599,True,True
Sensor_122,739,15.59,15.79638800255265,15.942257000677701,15.650519004427599,True,False
Sensor_122,743,15.59,15.79638800255265,15.942257000677701,15.650519004427599,True,False
Sensor_122,747,15.59,15.79638800255265,15.942257000677701,15.650519004427599,True,True
Sensor_122,748,15.59,15.79638800255265,15.942257000677701,15.650519004427599,True,True
Sensor_122,750,15.62,15.79638800255265,15.942257000677701,15.650519004427599,True,False
Sensor_122,751,15.62,15.79638800255265,15.942257000677701,15.650519004427599,True,False
Sensor_122,752,15.62,15.79638800255265,15.942257000677701,15.650519004427599,True,False
Sensor_122,753,15.62,15.79638800255265,15.942257000677701,15.650519004427599,True,False
Sensor_122,754,15.62,15.79638800255265,15.942257000677701,15.650519004427599,True,False
Sensor_122,755,15.62,15.79638800255265,15.942257000677701,15.650519004427599,True,False
Sensor_122,756,15.59,15.79638800255265,15.942257000677701,15.650519004427599,True,False
Sensor_122,757,15.59,15.79638800255265,15.942257000677701,15.650519004427599,True,False
Sensor_122,758,15.62,15.79638800255265,15.942257000677701,15.650519004427599,True,True
Sensor_122,759,15.59,15.79638800255265,15.942257000677701,15.650519004427599,True,True
Sensor_122,760,15.76,15.79638800255265,15.942257000677701,15.650519004427599,False,True
Sensor_122,761,15.76,15.79638800255265,15.942257000677701,15.650519004427599,False,True
Sensor_122,762,15.76,15.79638800255265,15.942257000677701,15.650519004427599,False,True
Sensor_122,763,15.76,15.79638800255265,15.942257000677701,15.650519004427599,False,True
Sensor_122,764,15.76,15.79638800255265,15.942257000677701,15.650519004427599,False,True
Sensor_122,765,15.62,15.79638800255265,15.942257000677701,15.650519004427599,True,True
Sensor_122,766,15.52,15.79638800255265,15.942257000677701,15.650519004427599,True,True
Sensor_122,767,15.52,15.79638800255265,15.942257000677701,15.650519004427599,True,True
Sensor_122,768,15.76,15.79638800255265,15.942257000677701,15.650519004427599,False,True
Sensor_122,769,15.59,15.79638800255265,15.942257000677701,15.650519004427599,True,True
Sensor_122,770,15.76,15.79638800255265,15.942257000677701,15.650519004427599,False,True
Sensor_122,771,15.62,15.79638800255265,15.942257000677701,15.650519004427599,True,True
Sensor_122,772,15.78,15.79638800255265,15.942257000677701,15.650519004427599,False,True
Sensor_122,773,15.78,15.79638800255265,15.942257000677701,15.650519004427599,False,True
Sensor_122,774,15.78,15.79638800255265,15.942257000677701,15.650519004427599,False,True
Sensor_122,775,15.77,15.79638800255265,15.942257000677701,15.650519004427599,False,True
Sensor_122,776,15.78,15.79638800255265,15.942257000677701,15.650519004427599,False,True
Sensor_122,777,15.78,15.79638800255265,15.942257000677701,15.650519004427599,False,True
Sensor_122,778,15.78,15.79638800255265,15.942257000677701,15.650519004427599,False,True
Sensor_122,779,15.77,15.79638800255265,15.942257000677701,15.650519004427599,False,True
Sensor_122,780,15.7,15.79638800255265,15.942257000677701,15.650519004427599,False,True
Sensor_122,781,15.77,15.79638800255265,15.942257000677701,15.650519004427599,False,True
Sensor_122,782,15.78,15.79638800255265,15.942257000677701,15.650519004427599,False,True
Sensor_122,783,15.77,15.79638800255265,15.942257000677701,15.650519004427599,False,True
Sensor_122,784,15.77,15.79638800255265,15.942257000677701,15.650519004427599,False,True
Sensor_122,785,15.78,15.79638800255265,15.942257000677701,15.650519004427599,False,True
Sensor_122,786,15.7,15.79638800255265,15.942257000677701,15.650519004427599,False,True
Sensor_122,787,15.7,15.79638800255265,15.942257000677701,15.650519004427599,False,True
Sensor_122,788,15.75,15.79638800255265,15.942257000677701,15.650519004427599,False,True
Sensor_122,789,15.75,15.79638800255265,15.942257000677701,15.650519004427599,False,True
Sensor_122,790,15.78,15.79638800255265,15.942257000677701,15.650519004427599,False,True
Sensor_122,791,15.7,15.79638800255265,15.942257000677701,15.650519004427599,False,True
Sensor_122,792,15.75,15.79638800255265,15.942257000677701,15.650519004427599,False,True
Sensor_122,793,15.7,15.79638800255265,15.942257000677701,15.650519004427599,False,True
Sensor_122,794,15.77,15.79638800255265,15.942257000677701,15.650519004427599,False,True
Sensor_122,795,15.78,15.79638800255265,15.942257000677701,15.650519004427599,False,True
Sensor_122,796,15.75,15.79638800255265,15.942257000677701,15.650519004427599,False,True
Sensor_122,797,15.77,15.79638800255265,15.942257000677701,15.650519004427599,False,True
Sensor_122,798,15.59,15.79638800255265,15.942257000677701,15.650519004427599,True,True
Sensor_122,799,15.72,15.79638800255265,15.942257000677701,15.650519004427599,False,True
Sensor_122,800,15.59,15.79638800255265,15.942257000677701,15.650519004427599,True,True
Sensor_122,801,15.72,15.79638800255265,15.942257000677701,15.650519004427599,False,True
Sensor_122,802,15.59,15.79638800255265,15.942257000677701,15.650519004427599,True,True
Sensor_122,803,15.65,15.79638800255265,15.942257000677701,15.650519004427599,True,True
Sensor_122,804,15.65,15.79638800255265,15.942257000677701,15.650519004427599,True,True
Sensor_122,805,15.59,15.79638800255265,15.942257000677701,15.650519004427599,True,True
Sensor_122,806,15.59,15.79638800255265,15.942257000677701,15.650519004427599,True,True
Sensor_122,807,15.65,15.79638800255265,15.942257000677701,15.650519004427599,True,True
Sensor_122,808,15.72,15.79638800255265,15.942257000677701,15.650519004427599,False,True
Sensor_122,809,15.65,15.79638800255265,15.942257000677701,15.650519004427599,True,True
Sensor_122,810,15.65,15.79638800255265,15.942257000677701,15.650519004427599,True,True
Sensor_122,811,15.72,15.79638800255265,15.942257000677701,15.650519004427599,False,True
Sensor_122,812,15.72,15.79638800255265,15.942257000677701,15.650519004427599,False,True
Sensor_122,817,15.65,15.79638800255265,15.942257000677701,15.650519004427599,True,False
Sensor_122,818,15.65,15.79638800255265,15.942257000677701,15.650519004427599,True,False
Sensor_122,820,15.59,15.79638800255265,15.942257000677701,15.650519004427599,True,False
Sensor_122,823,15.65,15.79638800255265,15.942257000677701,15.650519004427599,True,False
Sensor_122,831,15.59,15.79638800255265,15.942257000677701,15.650519004427599,True,False
Sensor_122,855,15.73,15.79638800255265,15.942257000677701,15.650519004427599,False,True
Sensor_122,856,15.75,15.79638800255265,15.942257000677701,15.650519004427599,False,True
Sensor_122,857,15.72,15.79638800255265,15.942257000677701,15.650519004427599,False,True
Sensor_122,858,15.73,15.79638800255265,15.942257000677701,15.650519004427599,False,True
Sensor_122,859,15.73,15.79638800255265,15.942257000677701,15.650519004427599,False,True
Sensor_122,860,15.73,15.79638800255265,15.942257000677701,15.650519004427599,False,True
Sensor_122,861,15.73,15.79638800255265,15.942257000677701,15.650519004427599,False,True
Sensor_122,862,15.73,15.79638800255265,15.942257000677701,15.650519004427599,False,True
Sensor_122,873,15.88,15.79638800255265,15.942257000677701,15.650519004427599,False,True
Sensor_122,874,15.85,15.79638800255265,15.942257000677701,15.650519004427599,False,True
Sensor_122,875,15.84,15.79638800255265,15.942257000677701,15.650519004427599,False,True
Sensor_122,876,15.85,15.79638800255265,15.942257000677701,15.650519004427599,False,True
Sensor_122,877,15.86,15.79638800255265,15.942257000677701,15.650519004427599,False,True
Sensor_122,878,15.85,15.79638800255265,15.942257000677701,15.650519004427599,False,True
Sensor_122,879,15.85,15.79638800255265,15.942257000677701,15.650519004427599,False,True
Sensor_122,880,15.86,15.79638800255265,15.942257000677701,15.650519004427599,False,True
Sensor_122,881,15.85,15.79638800255265,15.942257000677701,15.650519004427599,False,True
Sensor_122,882,15.85,15.79638800255265,15.942257000677701,15.650519004427599,False,True
Sensor_122,883,15.81,15.79638800255265,15.942257000677701,15.650519004427599,False,True
Sensor_122,884,15.86,15.79638800255265,15.942257000677701,15.650519004427599,False,True
Sensor_122,918,15.8,15.79638800255265,15.942257000677701,15.650519004427599,False,True
Sensor_122,919,15.8,15.79638800255265,15.942257000677701,15.650519004427599,False,True
Sensor_122,994,15.74,15.79638800255265,15.942257000677701,15.650519004427599,False,True
Sensor_122,1004,15.74,15.79638800255265,15.942257000677701,15.650519004427599,False,True
Sensor_122,1026,16.0,15.79638800255265,15.942257000677701,15.650519004427599,True,False
Sensor_122,1027,16.0,15.79638800255265,15.942257000677701,15.650519004427599,True,False
Sensor_122,1028,16.0,15.79638800255265,15.942257000677701,15.650519004427599,True,False
Sensor_122,1033,16.0,15.79638800255265,15.942257000677701,15.650519004427599,True,False
Sensor_122,1034,16.0,15.79638800255265,15.942257000677701,15.650519004427599,True,False
Sensor_122,1043,15.58,15.79638800255265,15.942257000677701,15.650519004427599,True,False
Sensor_122,1044,15.6,15.79638800255265,15.942257000677701,15.650519004427599,True,False
Sensor_122,1045,15.58,15.79638800255265,15.942257000677701,15.650519004427599,True,False
Sensor_122,1050,15.71,15.79638800255265,15.942257000677701,15.650519004427599,False,True
Sensor_122,1051,15.78,15.79638800255265,15.942257000677701,15.650519004427599,False,True
Sensor_122,1052,16.0,15.79638800255265,15.942257000677701,15.650519004427599,True,False
Sensor_122,1053,16.0,15.79638800255265,15.942257000677701,15.650519004427599,True,False
Sensor_122,1054,15.6,15.79638800255265,15.942257000677701,15.650519004427599,True,False
Sensor_122,1055,15.58,15.79638800255265,15.942257000677701,15.650519004427599,True,False
Sensor_122,1060,15.6,15.79638800255265,15.942257000677701,15.650519004427599,True,False
Sensor_122,1061,16.0,15.79638800255265,15.942257000677701,15.650519004427599,True,False
Sensor_122,1065,16.0,15.79638800255265,15.942257000677701,15.650519004427599,True,False
Sensor_122,1099,15.83,15.79638800255265,15.942257000677701,15.650519004427599,False,True
Sensor_122,1100,15.87,15.79638800255265,15.942257000677701,15.650519004427599,False,True
Sensor_122,1101,15.85,15.79638800255265,15.942257000677701,15.650519004427599,False,True
Sensor_122,1180,15.72,15.79638800255265,15.942257000677701,15.650519004427599,False,True
Sensor_122,1181,15.76,15.79638800255265,15.942257000677701,15.650519004427599,False,True
Sensor_122,1184,15.53,15.79638800255265,15.942257000677701,15.650519004427599,True,False
Sensor_122,1195,15.53,15.79638800255265,15.942257000677701,15.650519004427599,True,False
Sensor_122,1217,15.99,15.79638800255265,15.942257000677701,15.650519004427599,True,False
Sensor_122,1220,15.99,15.79638800255265,15.942257000677701,15.650519004427599,True,False
Sensor_122,1221,16.03,15.79638800255265,15.942257000677701,15.650519004427599,True,False
Sensor_122,1222,16.03,15.79638800255265,15.942257000677701,15.650519004427599,True,False
Sensor_122,1223,16.03,15.79638800255265,15.942257000677701,15.650519004427599,True,False
Sensor_122,1227,16.03,15.79638800255265,15.942257000677701,15.650519004427599,True,False
Sensor_122,1232,16.03,15.79638800255265,15.942257000677701,15.650519004427599,True,False
Sensor_122,1234,16.03,15.79638800255265,15.942257000677701,15.650519004427599,True,False
Sensor_122,1242,16.03,15.79638800255265,15.942257000677701,15.650519004427599,True,False
Sensor_122,1246,15.95,15.79638800255265,15.942257000677701,15.650519004427599,True,False
Sensor_122,1253,15.95,15.79638800255265,15.942257000677701,15.650519004427599,True,False
Sensor_122,1254,15.95,15.79638800255265,15.942257000677701,15.650519004427599,True,False
Sensor_122,1255,15.95,15.79638800255265,15.942257000677701,15.650519004427599,True,False
Sensor_122,1257,15.95,15.79638800255265,15.942257000677701,15.650519004427599,True,False
Sensor_122,1258,15.95,15.79638800255265,15.942257000677701,15.650519004427599,True,False
Sensor_122,1259,16.02,15.79638800255265,15.942257000677701,15.650519004427599,True,False
Sensor_122,1260,16.02,15.79638800255265,15.942257000677701,15.650519004427599,True,False
Sensor_122,1262,15.95,15.79638800255265,15.942257000677701,15.650519004427599,True,False
Sensor_122,1267,15.95,15.79638800255265,15.942257000677701,15.650519004427599,True,False
Sensor_122,1268,15.95,15.79638800255265,15.942257000677701,15.650519004427599,True,False
Sensor_122,1269,15.64,15.79638800255265,15.942257000677701,15.650519004427599,True,False
Sensor_122,1270,16.02,15.79638800255265,15.942257000677701,15.650519004427599,True,False
Sensor_122,1271,16.02,15.79638800255265,15.942257000677701,15.650519004427599,True,False
Sensor_122,1272,16.07,15.79638800255265,15.942257000677701,15.650519004427599,True,False
Sensor_122,1273,15.65,15.79638800255265,15.942257000677701,15.650519004427599,True,False
Sensor_122,1274,15.65,15.79638800255265,15.942257000677701,15.650519004427599,True,False
Sensor_122,1275,15.65,15.79638800255265,15.942257000677701,15.650519004427599,True,False
Sensor_122,1276,15.65,15.79638800255265,15.942257000677701,15.650519004427599,True,False
Sensor_122,1277,15.65,15.79638800255265,15.942257000677701,15.650519004427599,True,False
Sensor_122,1279,16.07,15.79638800255265,15.942257000677701,15.650519004427599,True,False
Sensor_122,1280,16.07,15.79638800255265,15.942257000677701,15.650519004427599,True,False
Sensor_122,1282,16.07,15.79638800255265,15.942257000677701,15.650519004427599,True,False
Sensor_122,1283,15.64,15.79638800255265,15.942257000677701,15.650519004427599,True,False
Sensor_122,1285,15.64,15.79638800255265,15.942257000677701,15.650519004427599,True,False
Sensor_122,1291,15.73,15.79638800255265,15.942257000677701,15.650519004427599,False,True
Sensor_122,1292,15.64,15.79638800255265,15.942257000677701,15.650519004427599,True,True
Sensor_122,1293,15.64,15.79638800255265,15.942257000677701,15.650519004427599,True,True
Sensor_122,1294,16.07,15.79638800255265,15.942257000677701,15.650519004427599,True,False
Sensor_122,1297,15.64,15.79638800255265,15.942257000677701,15.650519004427599,True,False
Sensor_122,1299,16.02,15.79638800255265,15.942257000677701,15.650519004427599,True,False
Sensor_122,1300,16.07,15.79638800255265,15.942257000677701,15.650519004427599,True,False
Sensor_122,1302,16.07,15.79638800255265,15.942257000677701,15.650519004427599,True,False
Sensor_122,1303,16.02,15.79638800255265,15.942257000677701,15.650519004427599,True,False
Sensor_122,1305,16.02,15.79638800255265,15.942257000677701,15.650519004427599,True,False
Sensor_122,1324,16.02,15.79638800255265,15.942257000677701,15.650519004427599,True,False
Sensor_122,1327,15.65,15.79638800255265,15.942257000677701,15.650519004427599,True,False
Sensor_122,1338,15.87,15.79638800255265,15.942257000677701,15.650519004427599,False,True
Sensor_122,1339,15.88,15.79638800255265,15.942257000677701,15.650519004427599,False,True
Sensor_122,1340,15.88,15.79638800255265,15.942257000677701,15.650519004427599,False,True
Sensor_122,1341,15.88,15.79638800255265,15.942257000677701,15.650519004427599,False,True
Sensor_122,1342,15.88,15.79638800255265,15.942257000677701,15.650519004427599,False,True
Sensor_122,1343,16.07,15.79638800255265,15.942257000677701,15.650519004427599,True,True
Sensor_122,1344,15.82,15.79638800255265,15.942257000677701,15.650519004427599,False,True
Sensor_122,1345,15.88,15.79638800255265,15.942257000677701,15.650519004427599,False,True
Sensor_122,1346,15.88,15.79638800255265,15.942257000677701,15.650519004427599,False,True
Sensor_122,1347,15.88,15.79638800255265,15.942257000677701,15.650519004427599,False,True
Sensor_122,1348,15.88,15.79638800255265,15.942257000677701,15.650519004427599,False,True
Sensor_122,1363,16.03,15.79638800255265,15.942257000677701,15.650519004427599,True,False
Sensor_122,1383,15.77,15.79638800255265,15.942257000677701,15.650519004427599,False,True
Sensor_122,1384,15.78,15.79638800255265,15.942257000677701,15.650519004427599,False,True
Sensor_122,1385,15.77,15.79638800255265,15.942257000677701,15.650519004427599,False,True
Sensor_122,1386,15.78,15.79638800255265,15.942257000677701,15.650519004427599,False,True
Sensor_122,1387,15.76,15.79638800255265,15.942257000677701,15.650519004427599,False,True
Sensor_122,1388,15.76,15.79638800255265,15.942257000677701,15.650519004427599,False,True
Sensor_122,1389,15.7,15.79638800255265,15.942257000677701,15.650519004427599,False,True
Sensor_122,1390,15.76,15.79638800255265,15.942257000677701,15.650519004427599,False,True
Sensor_122,1391,15.7,15.79638800255265,15.942257000677701,15.650519004427599,False,True
Sensor_122,1392,15.7,15.79638800255265,15.942257000677701,15.650519004427599,False,True
Sensor_122,1393,15.76,15.79638800255265,15.942257000677701,15.650519004427599,False,True
Sensor_122,1394,15.76,15.79638800255265,15.942257000677701,15.650519004427599,False,True
Sensor_122,1395,15.7,15.79638800255265,15.942257000677701,15.650519004427599,False,True
Sensor_122,1396,15.72,15.79638800255265,15.942257000677701,15.650519004427599,False,True
Sensor_122,1397,15.76,15.79638800255265,15.942257000677701,15.650519004427599,False,True
Sensor_122,1398,15.7,15.79638800255265,15.942257000677701,15.650519004427599,False,True
Sensor_122,1399,15.7,15.79638800255265,15.942257000677701,15.650519004427599,False,True
Sensor_122,1400,16.03,15.79638800255265,15.942257000677701,15.650519004427599,True,False
Sensor_122,1409,15.7,15.79638800255265,15.942257000677701,15.650519004427599,False,True
Sensor_122,1410,15.72,15.79638800255265,15.942257000677701,15.650519004427599,False,True
Sensor_122,1411,15.73,15.79638800255265,15.942257000677701,15.650519004427599,False,True
Sensor_122,1412,15.73,15.79638800255265,15.942257000677701,15.650519004427599,False,True
Sensor_122,1413,15.73,15.79638800255265,15.942257000677701,15.650519004427599,False,True
Sensor_122,1414,15.75,15.79638800255265,15.942257000677701,15.650519004427599,False,True
Sensor_122,1415,15.73,15.79638800255265,15.942257000677701,15.650519004427599,False,True
Sensor_122,1416,15.73,15.79638800255265,15.942257000677701,15.650519004427599,False,True
Sensor_122,1417,15.73,15.79638800255265,15.942257000677701,15.650519004427599,False,True
Sensor_122,1418,15.73,15.79638800255265,15.942257000677701,15.650519004427599,False,True
Sensor_122,1419,15.73,15.79638800255265,15.942257000677701,15.650519004427599,False,True
Sensor_122,1420,15.7,15.79638800255265,15.942257000677701,15.650519004427599,False,True
Sensor_122,1421,15.71,15.79638800255265,15.942257000677701,15.650519004427599,False,True
Sensor_122,1422,15.73,15.79638800255265,15.942257000677701,15.650519004427599,False,True
Sensor_122,1423,15.7,15.79638800255265,15.942257000677701,15.650519004427599,False,True
Sensor_122,1424,15.7,15.79638800255265,15.942257000677701,15.650519004427599,False,True
Sensor_122,1425,15.7,15.79638800255265,15.942257000677701,15.650519004427599,False,True
Sensor_122,1426,15.7,15.79638800255265,15.942257000677701,15.650519004427599,False,True
Sensor_122,1427,15.71,15.79638800255265,15.942257000677701,15.650519004427599,False,True
Sensor_122,1428,15.73,15.79638800255265,15.942257000677701,15.650519004427599,False,True
Sensor_122,1429,15.72,15.79638800255265,15.942257000677701,15.650519004427599,False,True
Sensor_122,1430,15.71,15.79638800255265,15.942257000677701,15.650519004427599,False,True
Sensor_122,1431,15.7,15.79638800255265,15.942257000677701,15.650519004427599,False,True
Sensor_122,1432,15.67,15.79638800255265,15.942257000677701,15.650519004427599,False,True
Sensor_122,1433,15.63,15.79638800255265,15.942257000677701,15.650519004427599,True,True
Sensor_122,1434,15.64,15.79638800255265,15.942257000677701,15.650519004427599,True,True
Sensor_122,1435,15.73,15.79638800255265,15.942257000677701,15.650519004427599,False,True
Sensor_122,1436,15.73,15.79638800255265,15.942257000677701,15.650519004427599,False,True
Sensor_122,1437,15.71,15.79638800255265,15.942257000677701,15.650519004427599,False,True
Sensor_122,1438,15.72,15.79638800255265,15.942257000677701,15.650519004427599,False,True
Sensor_122,1439,15.71,15.79638800255265,15.942257000677701,15.650519004427599,False,True
Sensor_122,1440,15.7,15.79638800255265,15.942257000677701,15.650519004427599,False,True
Sensor_122,1441,15.71,15.79638800255265,15.942257000677701,15.650519004427599,False,True
Sensor_122,1442,15.71,15.79638800255265,15.942257000677701,15.650519004427599,False,True
Sensor_122,1443,15.73,15.79638800255265,15.942257000677701,15.650519004427599,False,True
Sensor_122,1444,15.7,15.79638800255265,15.942257000677701,15.650519004427599,False,True
Sensor_122,1459,15.68,15.79638800255265,15.942257000677701,15.650519004427599,False,True
Sensor_122,1460,15.78,15.79638800255265,15.942257000677701,15.650519004427599,False,True
Sensor_122,1461,15.73,15.79638800255265,15.942257000677701,15.650519004427599,False,True
Sensor_122,1462,15.63,15.79638800255265,15.942257000677701,15.650519004427599,True,True
Sensor_122,1463,15.63,15.79638800255265,15.942257000677701,15.650519004427599,True,True
Sensor_122,1464,15.62,15.79638800255265,15.942257000677701,15.650519004427599,True,True
Sensor_122,1465,15.62,15.79638800255265,15.942257000677701,15.650519004427599,True,True
Sensor_122,1466,15.63,15.79638800255265,15.942257000677701,15.650519004427599,True,True
Sensor_122,1467,15.68,15.79638800255265,15.942257000677701,15.650519004427599,False,True
Sensor_122,1468,15.62,15.79638800255265,15.942257000677701,15.650519004427599,True,True
Sensor_122,1469,15.68,15.79638800255265,15.942257000677701,15.650519004427599,False,True
Sensor_122,1470,15.73,15.79638800255265,15.942257000677701,15.650519004427599,False,True
Sensor_122,1471,15.59,15.79638800255265,15.942257000677701,15.650519004427599,True,True
Sensor_122,1472,15.59,15.79638800255265,15.942257000677701,15.650519004427599,True,True
Sensor_122,1473,15.54,15.79638800255265,15.942257000677701,15.650519004427599,True,True
Sensor_122,1474,15.54,15.79638800255265,15.942257000677701,15.650519004427599,True,True
Sensor_122,1475,15.56,15.79638800255265,15.942257000677701,15.650519004427599,True,True
Sensor_122,1476,15.54,15.79638800255265,15.942257000677701,15.650519004427599,True,True
Sensor_122,1477,15.53,15.79638800255265,15.942257000677701,15.650519004427599,True,True
Sensor_122,1478,15.51,15.79638800255265,15.942257000677701,15.650519004427599,True,True
Sensor_122,1479,15.51,15.79638800255265,15.942257000677701,15.650519004427599,True,True
Sensor_122,1480,15.53,15.79638800255265,15.942257000677701,15.650519004427599,True,True
Sensor_122,1481,15.56,15.79638800255265,15.942257000677701,15.650519004427599,True,True
Sensor_122,1482,15.56,15.79638800255265,15.942257000677701,15.650519004427599,True,True
Sensor_122,1483,15.56,15.79638800255265,15.942257000677701,15.650519004427599,True,True
Sensor_122,1484,15.56,15.79638800255265,15.942257000677701,15.650519004427599,True,True
Sensor_122,1485,15.55,15.79638800255265,15.942257000677701,15.650519004427599,True,True
Sensor_122,1486,15.55,15.79638800255265,15.942257000677701,15.650519004427599,True,True
Sensor_122,1487,15.5,15.79638800255265,15.942257000677701,15.650519004427599,True,True
Sensor_122,1488,15.55,15.79638800255265,15.942257000677701,15.650519004427599,True,True
Sensor_122,1489,15.55,15.79638800255265,15.942257000677701,15.650519004427599,True,True
Sensor_122,1490,15.55,15.79638800255265,15.942257000677701,15.650519004427599,True,True
Sensor_122,1491,15.55,15.79638800255265,15.942257000677701,15.650519004427599,True,True
Sensor_122,1492,15.5,15.79638800255265,15.942257000677701,15.650519004427599,True,True
Sensor_122,1493,15.51,15.79638800255265,15.942257000677701,15.650519004427599,True,True
Sensor_122,1494,15.55,15.79638800255265,15.942257000677701,15.650519004427599,True,True
Sensor_122,1495,15.71,15.79638800255265,15.942257000677701,15.650519004427599,False,True
Sensor_122,1496,15.55,15.79638800255265,15.942257000677701,15.650519004427599,True,True
Sensor_122,1497,15.55,15.79638800255265,15.942257000677701,15.650519004427599,True,True
Sensor_122,1498,15.51,15.79638800255265,15.942257000677701,15.650519004427599,True,True
Sensor_122,1502,15.53,15.79638800255265,15.942257000677701,15.650519004427599,True,False
Sensor_122,1515,15.74,15.79638800255265,15.942257000677701,15.650519004427599,False,True
Sensor_122,1516,15.74,15.79638800255265,15.942257000677701,15.650519004427599,False,True
Sensor_122,1517,15.74,15.79638800255265,15.942257000677701,15.650519004427599,False,True
Sensor_122,1518,15.74,15.79638800255265,15.942257000677701,15.650519004427599,False,True
Sensor_122,1519,15.72,15.79638800255265,15.942257000677701,15.650519004427599,False,True
Sensor_122,1520,15.74,15.79638800255265,15.942257000677701,15.650519004427599,False,True
Sensor_122,1531,15.74,15.79638800255265,15.942257000677701,15.650519004427599,False,True
Sensor_122,1532,15.71,15.79638800255265,15.942257000677701,15.650519004427599,False,True
Sensor_122,1533,15.72,15.79638800255265,15.942257000677701,15.650519004427599,False,True
Sensor_122,1534,15.72,15.79638800255265,15.942257000677701,15.650519004427599,False,True
Sensor_122,1535,15.72,15.79638800255265,15.942257000677701,15.650519004427599,False,True
Sensor_122,1536,15.72,15.79638800255265,15.942257000677701,15.650519004427599,False,True
Sensor_122,1537,15.71,15.79638800255265,15.942257000677701,15.650519004427599,False,True
Sensor_122,1538,15.72,15.79638800255265,15.942257000677701,15.650519004427599,False,True
Sensor_122,1539,15.72,15.79638800255265,15.942257000677701,15.650519004427599,False,True
Sensor_122,1540,15.72,15.79638800255265,15.942257000677701,15.650519004427599,False,True
Sensor_122,1541,15.72,15.79638800255265,15.942257000677701,15.650519004427599,False,True
Sensor_122,1542,15.95,15.79638800255265,15.942257000677701,15.650519004427599,True,False
Sensor_122,1543,15.95,15.79638800255265,15.942257000677701,15.650519004427599,True,False
Sensor_122,1544,15.95,15.79638800255265,15.942257000677701,15.650519004427599,True,False
Sensor_122,1553,15.95,15.79638800255265,15.942257000677701,15.650519004427599,True,False
Sensor_117,8,0.9906,0.9871299298021697,1.0022883154438642,0.9719715441604753,False,True
Sensor_117,9,0.9905,0.9871299298021697,1.0022883154438642,0.9719715441604753,False,True
Sensor_117,10,0.9906,0.9871299298021697,1.0022883154438642,0.9719715441604753,False,True
Sensor_117,11,0.9899,0.9871299298021697,1.0022883154438642,0.9719715441604753,False,True
Sensor_117,12,0.9908,0.9871299298021697,1.0022883154438642,0.9719715441604753,False,True
Sensor_117,13,0.9908,0.9871299298021697,1.0022883154438642,0.9719715441604753,False,True
Sensor_117,14,0.9692,0.9871299298021697,1.0022883154438642,0.9719715441604753,True,False
Sensor_117,15,0.9716,0.9871299298021697,1.0022883154438642,0.9719715441604753,True,False
Sensor_117,23,0.9643,0.9871299298021697,1.0022883154438642,0.9719715441604753,True,False
Sensor_117,29,0.9694,0.9871299298021697,1.0022883154438642,0.9719715441604753,True,False
Sensor_117,31,0.9644,0.9871299298021697,1.0022883154438642,0.9719715441604753,True,False
Sensor_117,34,0.9668,0.9871299298021697,1.0022883154438642,0.9719715441604753,True,False
Sensor_117,36,0.9652,0.9871299298021697,1.0022883154438642,0.9719715441604753,True,False
Sensor_117,45,0.9907,0.9871299298021697,1.0022883154438642,0.9719715441604753,False,True
Sensor_117,46,0.9907,0.9871299298021697,1.0022883154438642,0.9719715441604753,False,True
Sensor_117,47,0.9907,0.9871299298021697,1.0022883154438642,0.9719715441604753,False,True
Sensor_117,48,0.9909,0.9871299298021697,1.0022883154438642,0.9719715441604753,False,True
Sensor_117,49,0.9908,0.9871299298021697,1.0022883154438642,0.9719715441604753,False,True
Sensor_117,50,0.9909,0.9871299298021697,1.0022883154438642,0.9719715441604753,False,True
Sensor_117,51,0.9906,0.9871299298021697,1.0022883154438642,0.9719715441604753,False,True
Sensor_117,52,0.9905,0.9871299298021697,1.0022883154438642,0.9719715441604753,False,True
Sensor_117,53,0.9909,0.9871299298021697,1.0022883154438642,0.9719715441604753,False,True
Sensor_117,54,0.9904,0.9871299298021697,1.0022883154438642,0.9719715441604753,False,True
Sensor_117,55,0.991,0.9871299298021697,1.0022883154438642,0.9719715441604753,False,True
Sensor_117,56,0.9908,0.9871299298021697,1.0022883154438642,0.9719715441604753,False,True
Sensor_117,57,0.9909,0.9871299298021697,1.0022883154438642,0.9719715441604753,False,True
Sensor_117,58,0.9671,0.9871299298021697,1.0022883154438642,0.9719715441604753,True,False
Sensor_117,63,0.9678,0.9871299298021697,1.0022883154438642,0.9719715441604753,True,False
Sensor_117,64,0.9625,0.9871299298021697,1.0022883154438642,0.9719715441604753,True,False
Sensor_117,65,0.967,0.9871299298021697,1.0022883154438642,0.9719715441604753,True,False
Sensor_117,67,0.966,0.9871299298021697,1.0022883154438642,0.9719715441604753,True,False
Sensor_117,70,0.9618,0.9871299298021697,1.0022883154438642,0.9719715441604753,True,False
Sensor_117,71,0.9674,0.9871299298021697,1.0022883154438642,0.9719715441604753,True,False
Sensor_117,72,0.9592,0.9871299298021697,1.0022883154438642,0.9719715441604753,True,False
Sensor_117,76,0.9369,0.9871299298021697,1.0022883154438642,0.9719715441604753,True,False
Sensor_117,77,0.9681,0.9871299298021697,1.0022883154438642,0.9719715441604753,True,False
Sensor_117,79,0.968,0.9871299298021697,1.0022883154438642,0.9719715441604753,True,False
Sensor_117,80,0.9659,0.9871299298021697,1.0022883154438642,0.9719715441604753,True,False
Sensor_117,83,0.9382,0.9871299298021697,1.0022883154438642,0.9719715441604753,True,False
Sensor_117,84,0.9674,0.9871299298021697,1.0022883154438642,0.9719715441604753,True,False
Sensor_117,93,0.9909,0.9871299298021697,1.0022883154438642,0.9719715441604753,False,True
Sensor_117,94,0.9908,0.9871299298021697,1.0022883154438642,0.9719715441604753,False,True
Sensor_117,95,0.9909,0.9871299298021697,1.0022883154438642,0.9719715441604753,False,True
Sensor_117,96,0.9641,0.9871299298021697,1.0022883154438642,0.9719715441604753,True,False
Sensor_117,105,0.9663,0.9871299298021697,1.0022883154438642,0.9719715441604753,True,False
Sensor_117,109,0.89,0.9871299298021697,1.0022883154438642,0.9719715441604753,True,False
Sensor_117,111,0.9613,0.9871299298021697,1.0022883154438642,0.9719715441604753,True,False
Sensor_117,117,0.962,0.9871299298021697,1.0022883154438642,0.9719715441604753,True,False
Sensor_117,120,0.9604,0.9871299298021697,1.0022883154438642,0.9719715441604753,True,False
Sensor_117,122,0.9676,0.9871299298021697,1.0022883154438642,0.9719715441604753,True,False
Sensor_117,123,0.958,0.9871299298021697,1.0022883154438642,0.9719715441604753,True,False
Sensor_117,126,0.967,0.9871299298021697,1.0022883154438642,0.9719715441604753,True,False
Sensor_117,129,0.9643,0.9871299298021697,1.0022883154438642,0.9719715441604753,True,False
Sensor_117,130,0.9586,0.9871299298021697,1.0022883154438642,0.9719715441604753,True,False
Sensor_117,135,0.9692,0.9871299298021697,1.0022883154438642,0.9719715441604753,True,False
Sensor_117,144,0.9907,0.9871299298021697,1.0022883154438642,0.9719715441604753,False,True
Sensor_117,145,0.9907,0.9871299298021697,1.0022883154438642,0.9719715441604753,False,True
Sensor_117,146,0.9683,0.9871299298021697,1.0022883154438642,0.9719715441604753,True,False
Sensor_117,155,0.9907,0.9871299298021697,1.0022883154438642,0.9719715441604753,False,True
Sensor_117,156,0.9894,0.9871299298021697,1.0022883154438642,0.9719715441604753,False,True
Sensor_117,157,0.9906,0.9871299298021697,1.0022883154438642,0.9719715441604753,False,True
Sensor_117,158,0.9907,0.9871299298021697,1.0022883154438642,0.9719715441604753,False,True
Sensor_117,159,0.9901,0.9871299298021697,1.0022883154438642,0.9719715441604753,False,True
Sensor_117,160,0.9902,0.9871299298021697,1.0022883154438642,0.9719715441604753,False,True
Sensor_117,161,0.9904,0.9871299298021697,1.0022883154438642,0.9719715441604753,False,True
Sensor_117,162,0.9905,0.9871299298021697,1.0022883154438642,0.9719715441604753,False,True
Sensor_117,163,0.9905,0.9871299298021697,1.0022883154438642,0.9719715441604753,False,True
Sensor_117,164,0.9907,0.9871299298021697,1.0022883154438642,0.9719715441604753,False,True
Sensor_117,165,0.9905,0.9871299298021697,1.0022883154438642,0.9719715441604753,False,True
Sensor_117,166,0.99,0.9871299298021697,1.0022883154438642,0.9719715441604753,False,True
Sensor_117,167,0.9901,0.9871299298021697,1.0022883154438642,0.9719715441604753,False,True
Sensor_117,168,0.9903,0.9871299298021697,1.0022883154438642,0.9719715441604753,False,True
Sensor_117,169,0.9903,0.9871299298021697,1.0022883154438642,0.9719715441604753,False,True
Sensor_117,170,0.991,0.9871299298021697,1.0022883154438642,0.9719715441604753,False,True
Sensor_117,171,0.9905,0.9871299298021697,1.0022883154438642,0.9719715441604753,False,True
Sensor_117,172,0.9906,0.9871299298021697,1.0022883154438642,0.9719715441604753,False,True
Sensor_117,173,0.9905,0.9871299298021697,1.0022883154438642,0.9719715441604753,False,True
Sensor_117,174,0.9899,0.9871299298021697,1.0022883154438642,0.9719715441604753,False,True
Sensor_117,175,0.9901,0.9871299298021697,1.0022883154438642,0.9719715441604753,False,True
Sensor_117,176,0.991,0.9871299298021697,1.0022883154438642,0.9719715441604753,False,True
Sensor_117,177,0.9907,0.9871299298021697,1.0022883154438642,0.9719715441604753,False,True
Sensor_117,178,0.9904,0.9871299298021697,1.0022883154438642,0.9719715441604753,False,True
Sensor_117,179,0.9906,0.9871299298021697,1.0022883154438642,0.9719715441604753,False,True
Sensor_117,180,0.9898,0.9871299298021697,1.0022883154438642,0.9719715441604753,False,True
Sensor_117,181,0.9902,0.9871299298021697,1.0022883154438642,0.9719715441604753,False,True
Sensor_117,182,0.9905,0.9871299298021697,1.0022883154438642,0.9719715441604753,False,True
Sensor_117,183,0.9908,0.9871299298021697,1.0022883154438642,0.9719715441604753,False,True
Sensor_117,184,0.9907,0.9871299298021697,1.0022883154438642,0.9719715441604753,False,True
Sensor_117,185,0.9904,0.9871299298021697,1.0022883154438642,0.9719715441604753,False,True
Sensor_117,186,0.9904,0.9871299298021697,1.0022883154438642,0.9719715441604753,False,True
Sensor_117,187,0.9906,0.9871299298021697,1.0022883154438642,0.9719715441604753,False,True
Sensor_117,188,0.9905,0.9871299298021697,1.0022883154438642,0.9719715441604753,False,True
Sensor_117,189,0.9905,0.9871299298021697,1.0022883154438642,0.9719715441604753,False,True
Sensor_117,190,0.9915,0.9871299298021697,1.0022883154438642,0.9719715441604753,False,True
Sensor_117,191,0.9905,0.9871299298021697,1.0022883154438642,0.9719715441604753,False,True
Sensor_117,192,0.9903,0.9871299298021697,1.0022883154438642,0.9719715441604753,False,True
Sensor_117,193,0.9908,0.9871299298021697,1.0022883154438642,0.9719715441604753,False,True
Sensor_117,194,0.9905,0.9871299298021697,1.0022883154438642,0.9719715441604753,False,True
Sensor_117,195,0.9907,0.9871299298021697,1.0022883154438642,0.9719715441604753,False,True
Sensor_117,196,0.9908,0.9871299298021697,1.0022883154438642,0.9719715441604753,False,True
Sensor_117,197,0.9915,0.9871299298021697,1.0022883154438642,0.9719715441604753,False,True
Sensor_117,198,0.9907,0.9871299298021697,1.0022883154438642,0.9719715441604753,False,True
Sensor_117,199,0.9903,0.9871299298021697,1.0022883154438642,0.9719715441604753,False,True
Sensor_117,200,0.9901,0.9871299298021697,1.0022883154438642,0.9719715441604753,False,True
Sensor_117,201,0.9906,0.9871299298021697,1.0022883154438642,0.9719715441604753,False,True
Sensor_117,202,0.9898,0.9871299298021697,1.0022883154438642,0.9719715441604753,False,True
Sensor_117,203,0.9903,0.9871299298021697,1.0022883154438642,0.9719715441604753,False,True
Sensor_117,204,0.9909,0.9871299298021697,1.0022883154438642,0.9719715441604753,False,True
Sensor_117,205,0.9917,0.9871299298021697,1.0022883154438642,0.9719715441604753,False,True
Sensor_117,206,0.9905,0.9871299298021697,1.0022883154438642,0.9719715441604753,False,True
Sensor_117,207,0.9903,0.9871299298021697,1.0022883154438642,0.9719715441604753,False,True
Sensor_117,208,0.991,0.9871299298021697,1.0022883154438642,0.9719715441604753,False,True
Sensor_117,209,0.99,0.9871299298021697,1.0022883154438642,0.9719715441604753,False,True
Sensor_117,210,0.9907,0.9871299298021697,1.0022883154438642,0.9719715441604753,False,True
Sensor_117,211,0.9912,0.9871299298021697,1.0022883154438642,0.9719715441604753,False,True
Sensor_117,212,0.9903,0.9871299298021697,1.0022883154438642,0.9719715441604753,False,True
Sensor_117,213,0.9904,0.9871299298021697,1.0022883154438642,0.9719715441604753,False,True
Sensor_117,214,0.9904,0.9871299298021697,1.0022883154438642,0.9719715441604753,False,True
Sensor_117,215,0.9901,0.9871299298021697,1.0022883154438642,0.9719715441604753,False,True
Sensor_117,216,0.9902,0.9871299298021697,1.0022883154438642,0.9719715441604753,False,True
Sensor_117,217,0.9908,0.9871299298021697,1.0022883154438642,0.9719715441604753,False,True
Sensor_117,218,0.9901,0.9871299298021697,1.0022883154438642,0.9719715441604753,False,True
Sensor_117,219,0.9905,0.9871299298021697,1.0022883154438642,0.9719715441604753,False,True
Sensor_117,220,0.9905,0.9871299298021697,1.0022883154438642,0.9719715441604753,False,True
Sensor_117,221,0.9909,0.9871299298021697,1.0022883154438642,0.9719715441604753,False,True
Sensor_117,222,0.9905,0.9871299298021697,1.0022883154438642,0.9719715441604753,False,True
Sensor_117,223,0.9906,0.9871299298021697,1.0022883154438642,0.9719715441604753,False,True
Sensor_117,224,0.9905,0.9871299298021697,1.0022883154438642,0.9719715441604753,False,True
Sensor_117,225,0.9906,0.9871299298021697,1.0022883154438642,0.9719715441604753,False,True
Sensor_117,226,0.9907,0.9871299298021697,1.0022883154438642,0.9719715441604753,False,True
Sensor_117,227,0.9907,0.9871299298021697,1.0022883154438642,0.9719715441604753,False,True
Sensor_117,228,0.9906,0.9871299298021697,1.0022883154438642,0.9719715441604753,False,True
Sensor_117,229,0.991,0.9871299298021697,1.0022883154438642,0.9719715441604753,False,True
Sensor_117,230,0.9905,0.9871299298021697,1.0022883154438642,0.9719715441604753,False,True
Sensor_117,231,0.9909,0.9871299298021697,1.0022883154438642,0.9719715441604753,False,True
Sensor_117,239,0.9656,0.9871299298021697,1.0022883154438642,0.9719715441604753,True,False
Sensor_117,246,0.9631,0.9871299298021697,1.0022883154438642,0.9719715441604753,True,False
Sensor_117,249,0.9627,0.9871299298021697,1.0022883154438642,0.9719715441604753,True,False
Sensor_117,258,0.9909,0.9871299298021697,1.0022883154438642,0.9719715441604753,False,True
Sensor_117,259,0.9904,0.9871299298021697,1.0022883154438642,0.9719715441604753,False,True
Sensor_117,260,0.9905,0.9871299298021697,1.0022883154438642,0.9719715441604753,False,True
Sensor_117,261,0.9911,0.9871299298021697,1.0022883154438642,0.9719715441604753,False,True
Sensor_117,262,0.9605,0.9871299298021697,1.0022883154438642,0.9719715441604753,True,False
Sensor_117,271,0.9901,0.9871299298021697,1.0022883154438642,0.9719715441604753,False,True
Sensor_117,272,0.9648,0.9871299298021697,1.0022883154438642,0.9719715441604753,True,False
Sensor_117,273,0.9665,0.9871299298021697,1.0022883154438642,0.9719715441604753,True,False
Sensor_117,280,0.9642,0.9871299298021697,1.0022883154438642,0.9719715441604753,True,False
Sensor_117,288,0.966,0.9871299298021697,1.0022883154438642,0.9719715441604753,True,False
Sensor_117,289,0.9607,0.9871299298021697,1.0022883154438642,0.9719715441604753,True,False
Sensor_117,293,0.9658,0.9871299298021697,1.0022883154438642,0.9719715441604753,True,False
Sensor_117,295,0.9657,0.9871299298021697,1.0022883154438642,0.9719715441604753,True,False
Sensor_117,298,0.9653,0.9871299298021697,1.0022883154438642,0.9719715441604753,True,False
Sensor_117,301,0.9627,0.9871299298021697,1.0022883154438642,0.9719715441604753,True,False
Sensor_117,310,0.9906,0.9871299298021697,1.0022883154438642,0.9719715441604753,False,True
Sensor_117,311,0.9902,0.9871299298021697,1.0022883154438642,0.9719715441604753,False,True
Sensor_117,312,0.99,0.9871299298021697,1.0022883154438642,0.9719715441604753,False,True
Sensor_117,313,0.9904,0.9871299298021697,1.0022883154438642,0.9719715441604753,False,True
Sensor_117,314,0.965,0.9871299298021697,1.0022883154438642,0.9719715441604753,True,False
Sensor_117,318,0.9642,0.9871299298021697,1.0022883154438642,0.9719715441604753,True,False
Sensor_117,324,0.9663,0.9871299298021697,1.0022883154438642,0.9719715441604753,True,False
Sensor_117,329,0.9643,0.9871299298021697,1.0022883154438642,0.9719715441604753,True,False
Sensor_117,334,0.9639,0.9871299298021697,1.0022883154438642,0.9719715441604753,True,False
Sensor_117,336,0.9659,0.9871299298021697,1.0022883154438642,0.9719715441604753,True,False
Sensor_117,338,0.9636,0.9871299298021697,1.0022883154438642,0.9719715441604753,True,False
Sensor_117,339,0.9658,0.9871299298021697,1.0022883154438642,0.9719715441604753,True,False
Sensor_117,348,0.9902,0.9871299298021697,1.0022883154438642,0.9719715441604753,False,True
Sensor_117,349,0.9914,0.9871299298021697,1.0022883154438642,0.9719715441604753,False,True
Sensor_117,350,0.9912,0.9871299298021697,1.0022883154438642,0.9719715441604753,False,True
Sensor_117,351,0.9909,0.9871299298021697,1.0022883154438642,0.9719715441604753,False,True
Sensor_117,352,0.9908,0.9871299298021697,1.0022883154438642,0.9719715441604753,False,True
Sensor_117,353,0.9911,0.9871299298021697,1.0022883154438642,0.9719715441604753,False,True
Sensor_117,354,0.9642,0.9871299298021697,1.0022883154438642,0.9719715441604753,True,False
Sensor_117,363,0.9909,0.9871299298021697,1.0022883154438642,0.9719715441604753,False,True
Sensor_117,364,0.9903,0.9871299298021697,1.0022883154438642,0.9719715441604753,False,True
Sensor_117,365,0.9909,0.9871299298021697,1.0022883154438642,0.9719715441604753,False,True
Sensor_117,366,0.9905,0.9871299298021697,1.0022883154438642,0.9719715441604753,False,True
Sensor_117,367,0.9624,0.9871299298021697,1.0022883154438642,0.9719715441604753,True,False
Sensor_117,372,0.963,0.9871299298021697,1.0022883154438642,0.9719715441604753,True,False
Sensor_117,375,0.9628,0.9871299298021697,1.0022883154438642,0.9719715441604753,True,False
Sensor_117,376,0.9664,0.9871299298021697,1.0022883154438642,0.9719715441604753,True,False
Sensor_117,385,0.9641,0.9871299298021697,1.0022883154438642,0.9719715441604753,True,False
Sensor_117,394,0.9905,0.9871299298021697,1.0022883154438642,0.9719715441604753,False,True
Sensor_117,395,0.9908,0.9871299298021697,1.0022883154438642,0.9719715441604753,False,True
Sensor_117,396,0.9908,0.9871299298021697,1.0022883154438642,0.9719715441604753,False,True
Sensor_117,397,0.9902,0.9871299298021697,1.0022883154438642,0.9719715441604753,False,True
Sensor_117,398,0.9907,0.9871299298021697,1.0022883154438642,0.9719715441604753,False,True
Sensor_117,399,0.9613,0.9871299298021697,1.0022883154438642,0.9719715441604753,True,False
Sensor_117,401,0.9673,0.9871299298021697,1.0022883154438642,0.9719715441604753,True,False
Sensor_117,407,0.9642,0.9871299298021697,1.0022883154438642,0.9719715441604753,True,False
Sensor_117,408,0.9642,0.9871299298021697,1.0022883154438642,0.9719715441604753,True,False
Sensor_117,411,0.9643,0.9871299298021697,1.0022883154438642,0.9719715441604753,True,False
Sensor_117,413,0.9678,0.9871299298021697,1.0022883154438642,0.9719715441604753,True,False
Sensor_117,414,0.9615,0.9871299298021697,1.0022883154438642,0.9719715441604753,True,False
Sensor_117,418,0.9623,0.9871299298021697,1.0022883154438642,0.9719715441604753,True,False
Sensor_117,426,0.9672,0.9871299298021697,1.0022883154438642,0.9719715441604753,True,False
Sensor_117,427,0.9589,0.9871299298021697,1.0022883154438642,0.9719715441604753,True,False
Sensor_117,432,0.9621,0.9871299298021697,1.0022883154438642,0.9719715441604753,True,False
Sensor_117,433,0.9671,0.9871299298021697,1.0022883154438642,0.9719715441604753,True,False
Sensor_117,438,0.9649,0.9871299298021697,1.0022883154438642,0.9719715441604753,True,False
Sensor_117,444,0.9671,0.9871299298021697,1.0022883154438642,0.9719715441604753,True,False
Sensor_117,445,0.961,0.9871299298021697,1.0022883154438642,0.9719715441604753,True,False
Sensor_117,449,0.9625,0.9871299298021697,1.0022883154438642,0.9719715441604753,True,False
Sensor_117,457,0.9077,0.9871299298021697,1.0022883154438642,0.9719715441604753,True,False
Sensor_117,460,0.962,0.9871299298021697,1.0022883154438642,0.9719715441604753,True,False
Sensor_117,467,0.9662,0.9871299298021697,1.0022883154438642,0.9719715441604753,True,False
Sensor_117,470,0.9621,0.9871299298021697,1.0022883154438642,0.9719715441604753,True,False
Sensor_117,471,0.9647,0.9871299298021697,1.0022883154438642,0.9719715441604753,True,False
Sensor_117,473,0.9635,0.9871299298021697,1.0022883154438642,0.9719715441604753,True,False
Sensor_117,477,0.9659,0.9871299298021697,1.0022883154438642,0.9719715441604753,True,False
Sensor_117,479,0.9664,0.9871299298021697,1.0022883154438642,0.9719715441604753,True,False
Sensor_117,484,0.9641,0.9871299298021697,1.0022883154438642,0.9719715441604753,True,False
Sensor_117,489,0.964,0.9871299298021697,1.0022883154438642,0.9719715441604753,True,False
Sensor_117,498,0.9908,0.9871299298021697,1.0022883154438642,0.9719715441604753,False,True
Sensor_117,499,0.9907,0.9871299298021697,1.0022883154438642,0.9719715441604753,False,True
Sensor_117,500,0.9904,0.9871299298021697,1.0022883154438642,0.9719715441604753,False,True
Sensor_117,501,0.9907,0.9871299298021697,1.0022883154438642,0.9719715441604753,False,True
Sensor_117,502,0.9909,0.9871299298021697,1.0022883154438642,0.9719715441604753,False,True
Sensor_117,503,0.9908,0.9871299298021697,1.0022883154438642,0.9719715441604753,False,True
Sensor_117,504,0.9912,0.9871299298021697,1.0022883154438642,0.9719715441604753,False,True
Sensor_117,505,0.9903,0.9871299298021697,1.0022883154438642,0.9719715441604753,False,True
Sensor_117,506,0.961,0.9871299298021697,1.0022883154438642,0.9719715441604753,True,False
Sensor_117,508,0.9658,0.9871299298021697,1.0022883154438642,0.9719715441604753,True,False
Sensor_117,509,0.9623,0.9871299298021697,1.0022883154438642,0.9719715441604753,True,False
Sensor_117,510,0.9682,0.9871299298021697,1.0022883154438642,0.9719715441604753,True,False
Sensor_117,514,0.9636,0.9871299298021697,1.0022883154438642,0.9719715441604753,True,False
Sensor_117,518,0.9657,0.9871299298021697,1.0022883154438642,0.9719715441604753,True,False
Sensor_117,527,0.9905,0.9871299298021697,1.0022883154438642,0.9719715441604753,False,True
Sensor_117,528,0.991,0.9871299298021697,1.0022883154438642,0.9719715441604753,False,True
Sensor_117,529,0.9905,0.9871299298021697,1.0022883154438642,0.9719715441604753,False,True
Sensor_117,530,0.9911,0.9871299298021697,1.0022883154438642,0.9719715441604753,False,True
Sensor_117,531,0.9908,0.9871299298021697,1.0022883154438642,0.9719715441604753,False,True
Sensor_117,532,0.9912,0.9871299298021697,1.0022883154438642,0.9719715441604753,False,True
Sensor_117,533,0.9913,0.9871299298021697,1.0022883154438642,0.9719715441604753,False,True
Sensor_117,534,0.9908,0.9871299298021697,1.0022883154438642,0.9719715441604753,False,True
Sensor_117,535,0.9907,0.9871299298021697,1.0022883154438642,0.9719715441604753,False,True
Sensor_117,536,0.9909,0.9871299298021697,1.0022883154438642,0.9719715441604753,False,True
Sensor_117,537,0.9909,0.9871299298021697,1.0022883154438642,0.9719715441604753,False,True
Sensor_117,538,0.9911,0.9871299298021697,1.0022883154438642,0.9719715441604753,False,True
Sensor_117,539,0.9904,0.9871299298021697,1.0022883154438642,0.9719715441604753,False,True
Sensor_117,540,0.9903,0.9871299298021697,1.0022883154438642,0.9719715441604753,False,True
Sensor_117,541,0.9908,0.9871299298021697,1.0022883154438642,0.9719715441604753,False,True
Sensor_117,542,0.9908,0.9871299298021697,1.0022883154438642,0.9719715441604753,False,True
Sensor_117,543,0.991,0.9871299298021697,1.0022883154438642,0.9719715441604753,False,True
Sensor_117,544,0.9905,0.9871299298021697,1.0022883154438642,0.9719715441604753,False,True
Sensor_117,545,0.9904,0.9871299298021697,1.0022883154438642,0.9719715441604753,False,True
Sensor_117,546,0.9904,0.9871299298021697,1.0022883154438642,0.9719715441604753,False,True
Sensor_117,547,0.9906,0.9871299298021697,1.0022883154438642,0.9719715441604753,False,True
Sensor_117,548,0.9919,0.9871299298021697,1.0022883154438642,0.9719715441604753,False,True
Sensor_117,549,0.992,0.9871299298021697,1.0022883154438642,0.9719715441604753,False,True
Sensor_117,550,0.9912,0.9871299298021697,1.0022883154438642,0.9719715441604753,False,True
Sensor_117,551,0.9909,0.9871299298021697,1.0022883154438642,0.9719715441604753,False,True
Sensor_117,552,0.9914,0.9871299298021697,1.0022883154438642,0.9719715441604753,False,True
Sensor_117,553,0.9903,0.9871299298021697,1.0022883154438642,0.9719715441604753,False,True
Sensor_117,554,0.9908,0.9871299298021697,1.0022883154438642,0.9719715441604753,False,True
Sensor_117,555,0.9917,0.9871299298021697,1.0022883154438642,0.9719715441604753,False,True
Sensor_117,556,0.9909,0.9871299298021697,1.0022883154438642,0.9719715441604753,False,True
Sensor_117,557,0.9905,0.9871299298021697,1.0022883154438642,0.9719715441604753,False,True
Sensor_117,558,0.9912,0.9871299298021697,1.0022883154438642,0.9719715441604753,False,True
Sensor_117,559,0.9914,0.9871299298021697,1.0022883154438642,0.9719715441604753,False,True
Sensor_117,560,0.9905,0.9871299298021697,1.0022883154438642,0.9719715441604753,False,True
Sensor_117,561,0.9914,0.9871299298021697,1.0022883154438642,0.9719715441604753,False,True
Sensor_117,562,0.9914,0.9871299298021697,1.0022883154438642,0.9719715441604753,False,True
Sensor_117,563,0.9905,0.9871299298021697,1.0022883154438642,0.9719715441604753,False,True
Sensor_117,564,0.9903,0.9871299298021697,1.0022883154438642,0.9719715441604753,False,True
Sensor_117,565,0.9906,0.9871299298021697,1.0022883154438642,0.9719715441604753,False,True
Sensor_117,566,0.9905,0.9871299298021697,1.0022883154438642,0.9719715441604753,False,True
Sensor_117,567,0.9907,0.9871299298021697,1.0022883154438642,0.9719715441604753,False,True
Sensor_117,568,0.9906,0.9871299298021697,1.0022883154438642,0.9719715441604753,False,True
Sensor_117,569,0.9912,0.9871299298021697,1.0022883154438642,0.9719715441604753,False,True
Sensor_117,570,0.9902,0.9871299298021697,1.0022883154438642,0.9719715441604753,False,True
Sensor_117,571,0.9903,0.9871299298021697,1.0022883154438642,0.9719715441604753,False,True
Sensor_117,572,0.9907,0.9871299298021697,1.0022883154438642,0.9719715441604753,False,True
Sensor_117,573,0.9912,0.9871299298021697,1.0022883154438642,0.9719715441604753,False,True
Sensor_117,574,0.9909,0.9871299298021697,1.0022883154438642,0.9719715441604753,False,True
Sensor_117,575,0.9904,0.9871299298021697,1.0022883154438642,0.9719715441604753,False,True
Sensor_117,576,0.9903,0.9871299298021697,1.0022883154438642,0.9719715441604753,False,True
Sensor_117,577,0.9911,0.9871299298021697,1.0022883154438642,0.9719715441604753,False,True
Sensor_117,578,0.9916,0.9871299298021697,1.0022883154438642,0.9719715441604753,False,True
Sensor_117,579,0.9907,0.9871299298021697,1.0022883154438642,0.9719715441604753,False,True
Sensor_117,580,0.9905,0.9871299298021697,1.0022883154438642,0.9719715441604753,False,True
Sensor_117,581,0.9909,0.9871299298021697,1.0022883154438642,0.9719715441604753,False,True
Sensor_117,582,0.9914,0.9871299298021697,1.0022883154438642,0.9719715441604753,False,True
Sensor_117,583,0.9646,0.9871299298021697,1.0022883154438642,0.9719715441604753,True,False
Sensor_117,592,0.9915,0.9871299298021697,1.0022883154438642,0.9719715441604753,False,True
Sensor_117,593,0.9922,0.9871299298021697,1.0022883154438642,0.9719715441604753,False,True
Sensor_117,594,0.9915,0.9871299298021697,1.0022883154438642,0.9719715441604753,False,True
Sensor_117,595,0.9614,0.9871299298021697,1.0022883154438642,0.9719715441604753,True,False
Sensor_117,604,0.9911,0.9871299298021697,1.0022883154438642,0.9719715441604753,False,True
Sensor_117,605,0.9915,0.9871299298021697,1.0022883154438642,0.9719715441604753,False,True
Sensor_117,606,0.9911,0.9871299298021697,1.0022883154438642,0.9719715441604753,False,True
Sensor_117,607,0.9911,0.9871299298021697,1.0022883154438642,0.9719715441604753,False,True
Sensor_117,608,0.9911,0.9871299298021697,1.0022883154438642,0.9719715441604753,False,True
Sensor_117,609,0.9902,0.9871299298021697,1.0022883154438642,0.9719715441604753,False,True
Sensor_117,610,0.9904,0.9871299298021697,1.0022883154438642,0.9719715441604753,False,True
Sensor_117,611,0.9911,0.9871299298021697,1.0022883154438642,0.9719715441604753,False,True
Sensor_117,612,0.9909,0.9871299298021697,1.0022883154438642,0.9719715441604753,False,True
Sensor_117,613,0.9909,0.9871299298021697,1.0022883154438642,0.9719715441604753,False,True
Sensor_117,614,0.9907,0.9871299298021697,1.0022883154438642,0.9719715441604753,False,True
Sensor_117,615,0.9907,0.9871299298021697,1.0022883154438642,0.9719715441604753,False,True
Sensor_117,616,0.9909,0.9871299298021697,1.0022883154438642,0.9719715441604753,False,True
Sensor_117,617,0.9904,0.9871299298021697,1.0022883154438642,0.9719715441604753,False,True
Sensor_117,618,0.9908,0.9871299298021697,1.0022883154438642,0.9719715441604753,False,True
Sensor_117,619,0.9907,0.9871299298021697,1.0022883154438642,0.9719715441604753,False,True
Sensor_117,620,0.9908,0.9871299298021697,1.0022883154438642,0.9719715441604753,False,True
Sensor_117,621,0.9909,0.9871299298021697,1.0022883154438642,0.9719715441604753,False,True
Sensor_117,622,0.9908,0.9871299298021697,1.0022883154438642,0.9719715441604753,False,True
Sensor_117,623,0.9904,0.9871299298021697,1.0022883154438642,0.9719715441604753,False,True
Sensor_117,624,0.9906,0.9871299298021697,1.0022883154438642,0.9719715441604753,False,True
Sensor_117,625,0.9908,0.9871299298021697,1.0022883154438642,0.9719715441604753,False,True
Sensor_117,626,0.9906,0.9871299298021697,1.0022883154438642,0.9719715441604753,False,True
Sensor_117,627,0.9909,0.9871299298021697,1.0022883154438642,0.9719715441604753,False,True
Sensor_117,628,0.9909,0.9871299298021697,1.0022883154438642,0.9719715441604753,False,True
Sensor_117,629,0.9909,0.9871299298021697,1.0022883154438642,0.9719715441604753,False,True
Sensor_117,630,0.9906,0.9871299298021697,1.0022883154438642,0.9719715441604753,False,True
Sensor_117,631,0.9912,0.9871299298021697,1.0022883154438642,0.9719715441604753,False,True
Sensor_117,632,0.9907,0.9871299298021697,1.0022883154438642,0.9719715441604753,False,True
Sensor_117,633,0.9908,0.9871299298021697,1.0022883154438642,0.9719715441604753,False,True
Sensor_117,634,0.991,0.9871299298021697,1.0022883154438642,0.9719715441604753,False,True
Sensor_117,635,0.991,0.9871299298021697,1.0022883154438642,0.9719715441604753,False,True
Sensor_117,636,0.9908,0.9871299298021697,1.0022883154438642,0.9719715441604753,False,True
Sensor_117,637,0.9908,0.9871299298021697,1.0022883154438642,0.9719715441604753,False,True
Sensor_117,638,0.991,0.9871299298021697,1.0022883154438642,0.9719715441604753,False,True
Sensor_117,639,0.991,0.9871299298021697,1.0022883154438642,0.9719715441604753,False,True
Sensor_117,640,0.9911,0.9871299298021697,1.0022883154438642,0.9719715441604753,False,True
Sensor_117,641,0.9904,0.9871299298021697,1.0022883154438642,0.9719715441604753,False,True
Sensor_117,642,0.9914,0.9871299298021697,1.0022883154438642,0.9719715441604753,False,True
Sensor_117,643,0.9908,0.9871299298021697,1.0022883154438642,0.9719715441604753,False,True
Sensor_117,644,0.9908,0.9871299298021697,1.0022883154438642,0.9719715441604753,False,True
Sensor_117,645,0.9913,0.9871299298021697,1.0022883154438642,0.9719715441604753,False,True
Sensor_117,646,0.9909,0.9871299298021697,1.0022883154438642,0.9719715441604753,False,True
Sensor_117,647,0.9908,0.9871299298021697,1.0022883154438642,0.9719715441604753,False,True
Sensor_117,648,0.9904,0.9871299298021697,1.0022883154438642,0.9719715441604753,False,True
Sensor_117,649,0.9913,0.9871299298021697,1.0022883154438642,0.9719715441604753,False,True
Sensor_117,650,0.9914,0.9871299298021697,1.0022883154438642,0.9719715441604753,False,True
Sensor_117,651,0.9912,0.9871299298021697,1.0022883154438642,0.9719715441604753,False,True
Sensor_117,652,0.9904,0.9871299298021697,1.0022883154438642,0.9719715441604753,False,True
Sensor_117,653,0.9907,0.9871299298021697,1.0022883154438642,0.9719715441604753,False,True
Sensor_117,654,0.9912,0.9871299298021697,1.0022883154438642,0.9719715441604753,False,True
Sensor_117,655,0.991,0.9871299298021697,1.0022883154438642,0.9719715441604753,False,True
Sensor_117,656,0.9906,0.9871299298021697,1.0022883154438642,0.9719715441604753,False,True
Sensor_117,657,0.9905,0.9871299298021697,1.0022883154438642,0.9719715441604753,False,True
Sensor_117,658,0.9912,0.9871299298021697,1.0022883154438642,0.9719715441604753,False,True
Sensor_117,659,0.9909,0.9871299298021697,1.0022883154438642,0.9719715441604753,False,True
Sensor_117,660,0.9906,0.9871299298021697,1.0022883154438642,0.9719715441604753,False,True
Sensor_117,661,0.9911,0.9871299298021697,1.0022883154438642,0.9719715441604753,False,True
Sensor_117,662,0.9911,0.9871299298021697,1.0022883154438642,0.9719715441604753,False,True
Sensor_117,663,0.9907,0.9871299298021697,1.0022883154438642,0.9719715441604753,False,True
Sensor_117,664,0.9911,0.9871299298021697,1.0022883154438642,0.9719715441604753,False,True
Sensor_117,665,0.9908,0.9871299298021697,1.0022883154438642,0.9719715441604753,False,True
Sensor_117,666,0.991,0.9871299298021697,1.0022883154438642,0.9719715441604753,False,True
Sensor_117,667,0.9908,0.9871299298021697,1.0022883154438642,0.9719715441604753,False,True
Sensor_117,668,0.9905,0.9871299298021697,1.0022883154438642,0.9719715441604753,False,True
Sensor_117,669,0.9909,0.9871299298021697,1.0022883154438642,0.9719715441604753,False,True
Sensor_117,670,0.9904,0.9871299298021697,1.0022883154438642,0.9719715441604753,False,True
Sensor_117,671,0.9911,0.9871299298021697,1.0022883154438642,0.9719715441604753,False,True
Sensor_117,672,0.9911,0.9871299298021697,1.0022883154438642,0.9719715441604753,False,True
Sensor_117,673,0.9915,0.9871299298021697,1.0022883154438642,0.9719715441604753,False,True
Sensor_117,674,0.9909,0.9871299298021697,1.0022883154438642,0.9719715441604753,False,True
Sensor_117,675,0.9903,0.9871299298021697,1.0022883154438642,0.9719715441604753,False,True
Sensor_117,676,0.9909,0.9871299298021697,1.0022883154438642,0.9719715441604753,False,True
Sensor_117,677,0.9904,0.9871299298021697,1.0022883154438642,0.9719715441604753,False,True
Sensor_117,678,0.9912,0.9871299298021697,1.0022883154438642,0.9719715441604753,False,True
Sensor_117,679,0.9908,0.9871299298021697,1.0022883154438642,0.9719715441604753,False,True
Sensor_117,680,0.9908,0.9871299298021697,1.0022883154438642,0.9719715441604753,False,True
Sensor_117,681,0.9907,0.9871299298021697,1.0022883154438642,0.9719715441604753,False,True
Sensor_117,682,0.991,0.9871299298021697,1.0022883154438642,0.9719715441604753,False,True
Sensor_117,683,0.9909,0.9871299298021697,1.0022883154438642,0.9719715441604753,False,True
Sensor_117,684,0.9906,0.9871299298021697,1.0022883154438642,0.9719715441604753,False,True
Sensor_117,685,0.9904,0.9871299298021697,1.0022883154438642,0.9719715441604753,False,True
Sensor_117,686,0.9905,0.9871299298021697,1.0022883154438642,0.9719715441604753,False,True
Sensor_117,687,0.991,0.9871299298021697,1.0022883154438642,0.9719715441604753,False,True
Sensor_117,688,0.9905,0.9871299298021697,1.0022883154438642,0.9719715441604753,False,True
Sensor_117,689,0.9912,0.9871299298021697,1.0022883154438642,0.9719715441604753,False,True
Sensor_117,690,0.9909,0.9871299298021697,1.0022883154438642,0.9719715441604753,False,True
Sensor_117,691,0.9909,0.9871299298021697,1.0022883154438642,0.9719715441604753,False,True
Sensor_117,692,0.9909,0.9871299298021697,1.0022883154438642,0.9719715441604753,False,True
Sensor_117,693,0.9907,0.9871299298021697,1.0022883154438642,0.9719715441604753,False,True
Sensor_117,694,0.9908,0.9871299298021697,1.0022883154438642,0.9719715441604753,False,True
Sensor_117,695,0.9904,0.9871299298021697,1.0022883154438642,0.9719715441604753,False,True
Sensor_117,696,0.9908,0.9871299298021697,1.0022883154438642,0.9719715441604753,False,True
Sensor_117,697,0.991,0.9871299298021697,1.0022883154438642,0.9719715441604753,False,True
Sensor_117,698,0.9905,0.9871299298021697,1.0022883154438642,0.9719715441604753,False,True
Sensor_117,699,0.9907,0.9871299298021697,1.0022883154438642,0.9719715441604753,False,True
Sensor_117,700,0.9911,0.9871299298021697,1.0022883154438642,0.9719715441604753,False,True
Sensor_117,701,0.991,0.9871299298021697,1.0022883154438642,0.9719715441604753,False,True
Sensor_117,702,0.9908,0.9871299298021697,1.0022883154438642,0.9719715441604753,False,True
Sensor_117,703,0.9911,0.9871299298021697,1.0022883154438642,0.9719715441604753,False,True
Sensor_117,704,0.991,0.9871299298021697,1.0022883154438642,0.9719715441604753,False,True
Sensor_117,705,0.9906,0.9871299298021697,1.0022883154438642,0.9719715441604753,False,True
Sensor_117,706,0.9913,0.9871299298021697,1.0022883154438642,0.9719715441604753,False,True
Sensor_117,707,0.9908,0.9871299298021697,1.0022883154438642,0.9719715441604753,False,True
Sensor_117,708,0.9903,0.9871299298021697,1.0022883154438642,0.9719715441604753,False,True
Sensor_117,709,0.9906,0.9871299298021697,1.0022883154438642,0.9719715441604753,False,True
Sensor_117,710,0.9911,0.9871299298021697,1.0022883154438642,0.9719715441604753,False,True
Sensor_117,711,0.9908,0.9871299298021697,1.0022883154438642,0.9719715441604753,False,True
Sensor_117,712,0.9911,0.9871299298021697,1.0022883154438642,0.9719715441604753,False,True
Sensor_117,713,0.9911,0.9871299298021697,1.0022883154438642,0.9719715441604753,False,True
Sensor_117,714,0.9917,0.9871299298021697,1.0022883154438642,0.9719715441604753,False,True
Sensor_117,715,0.9904,0.9871299298021697,1.0022883154438642,0.9719715441604753,False,True
Sensor_117,716,0.9909,0.9871299298021697,1.0022883154438642,0.9719715441604753,False,True
Sensor_117,717,0.9908,0.9871299298021697,1.0022883154438642,0.9719715441604753,False,True
Sensor_117,718,0.9908,0.9871299298021697,1.0022883154438642,0.9719715441604753,False,True
Sensor_117,719,0.9908,0.9871299298021697,1.0022883154438642,0.9719715441604753,False,True
Sensor_117,720,0.9913,0.9871299298021697,1.0022883154438642,0.9719715441604753,False,True
Sensor_117,721,0.9905,0.9871299298021697,1.0022883154438642,0.9719715441604753,False,True
Sensor_117,722,0.9906,0.9871299298021697,1.0022883154438642,0.9719715441604753,False,True
Sensor_117,723,0.9918,0.9871299298021697,1.0022883154438642,0.9719715441604753,False,True
Sensor_117,724,0.9909,0.9871299298021697,1.0022883154438642,0.9719715441604753,False,True
Sensor_117,725,0.9918,0.9871299298021697,1.0022883154438642,0.9719715441604753,False,True
Sensor_117,726,0.9906,0.9871299298021697,1.0022883154438642,0.9719715441604753,False,True
Sensor_117,727,0.9919,0.9871299298021697,1.0022883154438642,0.9719715441604753,False,True
Sensor_117,728,0.9909,0.9871299298021697,1.0022883154438642,0.9719715441604753,False,True
Sensor_117,729,0.9916,0.9871299298021697,1.0022883154438642,0.9719715441604753,False,True
Sensor_117,730,0.9908,0.9871299298021697,1.0022883154438642,0.9719715441604753,False,True
Sensor_117,731,0.9916,0.9871299298021697,1.0022883154438642,0.9719715441604753,False,True
Sensor_117,732,0.9919,0.9871299298021697,1.0022883154438642,0.9719715441604753,False,True
Sensor_117,733,0.9914,0.9871299298021697,1.0022883154438642,0.9719715441604753,False,True
Sensor_117,734,0.9905,0.9871299298021697,1.0022883154438642,0.9719715441604753,False,True
Sensor_117,735,0.9918,0.9871299298021697,1.0022883154438642,0.9719715441604753,False,True
Sensor_117,736,0.9908,0.9871299298021697,1.0022883154438642,0.9719715441604753,False,True
Sensor_117,737,0.9909,0.9871299298021697,1.0022883154438642,0.9719715441604753,False,True
Sensor_117,738,0.9908,0.9871299298021697,1.0022883154438642,0.9719715441604753,False,True
Sensor_117,739,0.9906,0.9871299298021697,1.0022883154438642,0.9719715441604753,False,True
Sensor_117,740,0.9912,0.9871299298021697,1.0022883154438642,0.9719715441604753,False,True
Sensor_117,741,0.9917,0.9871299298021697,1.0022883154438642,0.9719715441604753,False,True
Sensor_117,742,0.9905,0.9871299298021697,1.0022883154438642,0.9719715441604753,False,True
Sensor_117,743,0.9909,0.9871299298021697,1.0022883154438642,0.9719715441604753,False,True
Sensor_117,744,0.9909,0.9871299298021697,1.0022883154438642,0.9719715441604753,False,True
Sensor_117,745,0.991,0.9871299298021697,1.0022883154438642,0.9719715441604753,False,True
Sensor_117,746,0.9906,0.9871299298021697,1.0022883154438642,0.9719715441604753,False,True
Sensor_117,747,0.9907,0.9871299298021697,1.0022883154438642,0.9719715441604753,False,True
Sensor_117,748,0.9908,0.9871299298021697,1.0022883154438642,0.9719715441604753,False,True
Sensor_117,749,0.9913,0.9871299298021697,1.0022883154438642,0.9719715441604753,False,True
Sensor_117,750,0.9914,0.9871299298021697,1.0022883154438642,0.9719715441604753,False,True
Sensor_117,751,0.9908,0.9871299298021697,1.0022883154438642,0.9719715441604753,False,True
Sensor_117,752,0.9915,0.9871299298021697,1.0022883154438642,0.9719715441604753,False,True
Sensor_117,753,0.9909,0.9871299298021697,1.0022883154438642,0.9719715441604753,False,True
Sensor_117,754,0.9914,0.9871299298021697,1.0022883154438642,0.9719715441604753,False,True
Sensor_117,755,0.9909,0.9871299298021697,1.0022883154438642,0.9719715441604753,False,True
Sensor_117,756,0.9905,0.9871299298021697,1.0022883154438642,0.9719715441604753,False,True
Sensor_117,757,0.9911,0.9871299298021697,1.0022883154438642,0.9719715441604753,False,True
Sensor_117,758,0.9904,0.9871299298021697,1.0022883154438642,0.9719715441604753,False,True
Sensor_117,759,0.9907,0.9871299298021697,1.0022883154438642,0.9719715441604753,False,True
Sensor_117,760,0.991,0.9871299298021697,1.0022883154438642,0.9719715441604753,False,True
Sensor_117,761,0.9905,0.9871299298021697,1.0022883154438642,0.9719715441604753,False,True
Sensor_117,762,0.9907,0.9871299298021697,1.0022883154438642,0.9719715441604753,False,True
Sensor_117,763,0.9905,0.9871299298021697,1.0022883154438642,0.9719715441604753,False,True
Sensor_117,764,0.9908,0.9871299298021697,1.0022883154438642,0.9719715441604753,False,True
Sensor_117,765,0.9905,0.9871299298021697,1.0022883154438642,0.9719715441604753,False,True
Sensor_117,766,0.9909,0.9871299298021697,1.0022883154438642,0.9719715441604753,False,True
Sensor_117,767,0.9908,0.9871299298021697,1.0022883154438642,0.9719715441604753,False,True
Sensor_117,768,0.9911,0.9871299298021697,1.0022883154438642,0.9719715441604753,False,True
Sensor_117,769,0.9915,0.9871299298021697,1.0022883154438642,0.9719715441604753,False,True
Sensor_117,770,0.9912,0.9871299298021697,1.0022883154438642,0.9719715441604753,False,True
Sensor_117,771,0.9908,0.9871299298021697,1.0022883154438642,0.9719715441604753,False,True
Sensor_117,772,0.9916,0.9871299298021697,1.0022883154438642,0.9719715441604753,False,True
Sensor_117,773,0.9915,0.9871299298021697,1.0022883154438642,0.9719715441604753,False,True
Sensor_117,774,0.9907,0.9871299298021697,1.0022883154438642,0.9719715441604753,False,True
Sensor_117,775,0.9914,0.9871299298021697,1.0022883154438642,0.9719715441604753,False,True
Sensor_117,776,0.9908,0.9871299298021697,1.0022883154438642,0.9719715441604753,False,True
Sensor_117,777,0.9905,0.9871299298021697,1.0022883154438642,0.9719715441604753,False,True
Sensor_117,778,0.9904,0.9871299298021697,1.0022883154438642,0.9719715441604753,False,True
Sensor_117,779,0.9909,0.9871299298021697,1.0022883154438642,0.9719715441604753,False,True
Sensor_117,780,0.9907,0.9871299298021697,1.0022883154438642,0.9719715441604753,False,True
Sensor_117,781,0.9908,0.9871299298021697,1.0022883154438642,0.9719715441604753,False,True
Sensor_117,782,0.9905,0.9871299298021697,1.0022883154438642,0.9719715441604753,False,True
Sensor_117,783,0.991,0.9871299298021697,1.0022883154438642,0.9719715441604753,False,True
Sensor_117,784,0.9912,0.9871299298021697,1.0022883154438642,0.9719715441604753,False,True
Sensor_117,785,0.9909,0.9871299298021697,1.0022883154438642,0.9719715441604753,False,True
Sensor_117,786,0.9919,0.9871299298021697,1.0022883154438642,0.9719715441604753,False,True
Sensor_117,787,0.9905,0.9871299298021697,1.0022883154438642,0.9719715441604753,False,True
Sensor_117,788,0.9906,0.9871299298021697,1.0022883154438642,0.9719715441604753,False,True
Sensor_117,789,0.9906,0.9871299298021697,1.0022883154438642,0.9719715441604753,False,True
Sensor_117,790,0.9909,0.9871299298021697,1.0022883154438642,0.9719715441604753,False,True
Sensor_117,791,0.991,0.9871299298021697,1.0022883154438642,0.9719715441604753,False,True
Sensor_117,792,0.9907,0.9871299298021697,1.0022883154438642,0.9719715441604753,False,True
Sensor_117,793,0.9906,0.9871299298021697,1.0022883154438642,0.9719715441604753,False,True
Sensor_117,794,0.9915,0.9871299298021697,1.0022883154438642,0.9719715441604753,False,True
Sensor_117,795,0.9906,0.9871299298021697,1.0022883154438642,0.9719715441604753,False,True
Sensor_117,796,0.9895,0.9871299298021697,1.0022883154438642,0.9719715441604753,False,True
Sensor_117,797,0.9906,0.9871299298021697,1.0022883154438642,0.9719715441604753,False,True
Sensor_117,798,0.9905,0.9871299298021697,1.0022883154438642,0.9719715441604753,False,True
Sensor_117,799,0.9907,0.9871299298021697,1.0022883154438642,0.9719715441604753,False,True
Sensor_117,800,0.9908,0.9871299298021697,1.0022883154438642,0.9719715441604753,False,True
Sensor_117,801,0.9907,0.9871299298021697,1.0022883154438642,0.9719715441604753,False,True
Sensor_117,802,0.9916,0.9871299298021697,1.0022883154438642,0.9719715441604753,False,True
Sensor_117,803,0.9905,0.9871299298021697,1.0022883154438642,0.9719715441604753,False,True
Sensor_117,804,0.9913,0.9871299298021697,1.0022883154438642,0.9719715441604753,False,True
Sensor_117,805,0.9919,0.9871299298021697,1.0022883154438642,0.9719715441604753,False,True
Sensor_117,806,0.9915,0.9871299298021697,1.0022883154438642,0.9719715441604753,False,True
Sensor_117,807,0.9904,0.9871299298021697,1.0022883154438642,0.9719715441604753,False,True
Sensor_117,808,0.9915,0.9871299298021697,1.0022883154438642,0.9719715441604753,False,True
Sensor_117,809,0.9906,0.9871299298021697,1.0022883154438642,0.9719715441604753,False,True
Sensor_117,810,0.9908,0.9871299298021697,1.0022883154438642,0.9719715441604753,False,True
Sensor_117,811,0.9911,0.9871299298021697,1.0022883154438642,0.9719715441604753,False,True
Sensor_117,812,0.9917,0.9871299298021697,1.0022883154438642,0.9719715441604753,False,True
Sensor_117,813,0.9914,0.9871299298021697,1.0022883154438642,0.9719715441604753,False,True
Sensor_117,814,0.991,0.9871299298021697,1.0022883154438642,0.9719715441604753,False,True
Sensor_117,815,0.9905,0.9871299298021697,1.0022883154438642,0.9719715441604753,False,True
Sensor_117,816,0.9914,0.9871299298021697,1.0022883154438642,0.9719715441604753,False,True
Sensor_117,817,0.9904,0.9871299298021697,1.0022883154438642,0.9719715441604753,False,True
Sensor_117,818,0.9916,0.9871299298021697,1.0022883154438642,0.9719715441604753,False,True
Sensor_117,819,0.9907,0.9871299298021697,1.0022883154438642,0.9719715441604753,False,True
Sensor_117,820,0.9906,0.9871299298021697,1.0022883154438642,0.9719715441604753,False,True
Sensor_117,821,0.9911,0.9871299298021697,1.0022883154438642,0.9719715441604753,False,True
Sensor_117,822,0.9907,0.9871299298021697,1.0022883154438642,0.9719715441604753,False,True
Sensor_117,823,0.9907,0.9871299298021697,1.0022883154438642,0.9719715441604753,False,True
Sensor_117,824,0.9911,0.9871299298021697,1.0022883154438642,0.9719715441604753,False,True
Sensor_117,825,0.9909,0.9871299298021697,1.0022883154438642,0.9719715441604753,False,True
Sensor_117,826,0.9907,0.9871299298021697,1.0022883154438642,0.9719715441604753,False,True
Sensor_117,827,0.991,0.9871299298021697,1.0022883154438642,0.9719715441604753,False,True
Sensor_117,828,0.9906,0.9871299298021697,1.0022883154438642,0.9719715441604753,False,True
Sensor_117,829,0.9905,0.9871299298021697,1.0022883154438642,0.9719715441604753,False,True
Sensor_117,830,0.9909,0.9871299298021697,1.0022883154438642,0.9719715441604753,False,True
Sensor_117,831,0.9906,0.9871299298021697,1.0022883154438642,0.9719715441604753,False,True
Sensor_117,832,0.9908,0.9871299298021697,1.0022883154438642,0.9719715441604753,False,True
Sensor_117,833,0.9913,0.9871299298021697,1.0022883154438642,0.9719715441604753,False,True
Sensor_117,834,0.9909,0.9871299298021697,1.0022883154438642,0.9719715441604753,False,True
Sensor_117,835,0.9911,0.9871299298021697,1.0022883154438642,0.9719715441604753,False,True
Sensor_117,836,0.9915,0.9871299298021697,1.0022883154438642,0.9719715441604753,False,True
Sensor_117,837,0.9906,0.9871299298021697,1.0022883154438642,0.9719715441604753,False,True
Sensor_117,838,0.9913,0.9871299298021697,1.0022883154438642,0.9719715441604753,False,True
Sensor_117,839,0.9905,0.9871299298021697,1.0022883154438642,0.9719715441604753,False,True
Sensor_117,840,0.9912,0.9871299298021697,1.0022883154438642,0.9719715441604753,False,True
Sensor_117,841,0.9908,0.9871299298021697,1.0022883154438642,0.9719715441604753,False,True
Sensor_117,842,0.9911,0.9871299298021697,1.0022883154438642,0.9719715441604753,False,True
Sensor_117,843,0.9905,0.9871299298021697,1.0022883154438642,0.9719715441604753,False,True
Sensor_117,844,0.9916,0.9871299298021697,1.0022883154438642,0.9719715441604753,False,True
Sensor_117,845,0.9908,0.9871299298021697,1.0022883154438642,0.9719715441604753,False,True
Sensor_117,846,0.9905,0.9871299298021697,1.0022883154438642,0.9719715441604753,False,True
Sensor_117,847,0.9906,0.9871299298021697,1.0022883154438642,0.9719715441604753,False,True
Sensor_117,848,0.9911,0.9871299298021697,1.0022883154438642,0.9719715441604753,False,True
Sensor_117,849,0.9911,0.9871299298021697,1.0022883154438642,0.9719715441604753,False,True
Sensor_117,850,0.992,0.9871299298021697,1.0022883154438642,0.9719715441604753,False,True
Sensor_117,851,0.9909,0.9871299298021697,1.0022883154438642,0.9719715441604753,False,True
Sensor_117,852,0.9905,0.9871299298021697,1.0022883154438642,0.9719715441604753,False,True
Sensor_117,853,0.991,0.9871299298021697,1.0022883154438642,0.9719715441604753,False,True
Sensor_117,854,0.9906,0.9871299298021697,1.0022883154438642,0.9719715441604753,False,True
Sensor_117,855,0.9916,0.9871299298021697,1.0022883154438642,0.9719715441604753,False,True
Sensor_117,856,0.9908,0.9871299298021697,1.0022883154438642,0.9719715441604753,False,True
Sensor_117,857,0.9915,0.9871299298021697,1.0022883154438642,0.9719715441604753,False,True
Sensor_117,858,0.9906,0.9871299298021697,1.0022883154438642,0.9719715441604753,False,True
Sensor_117,859,0.9905,0.9871299298021697,1.0022883154438642,0.9719715441604753,False,True
Sensor_117,860,0.9898,0.9871299298021697,1.0022883154438642,0.9719715441604753,False,True
Sensor_117,861,0.9918,0.9871299298021697,1.0022883154438642,0.9719715441604753,False,True
Sensor_117,862,0.9907,0.9871299298021697,1.0022883154438642,0.9719715441604753,False,True
Sensor_117,863,0.9908,0.9871299298021697,1.0022883154438642,0.9719715441604753,False,True
Sensor_117,864,0.9909,0.9871299298021697,1.0022883154438642,0.9719715441604753,False,True
Sensor_117,865,0.9907,0.9871299298021697,1.0022883154438642,0.9719715441604753,False,True
Sensor_117,866,0.9911,0.9871299298021697,1.0022883154438642,0.9719715441604753,False,True
Sensor_117,867,0.9909,0.9871299298021697,1.0022883154438642,0.9719715441604753,False,True
Sensor_117,868,0.9911,0.9871299298021697,1.0022883154438642,0.9719715441604753,False,True
Sensor_117,869,0.9909,0.9871299298021697,1.0022883154438642,0.9719715441604753,False,True
Sensor_117,870,0.9909,0.9871299298021697,1.0022883154438642,0.9719715441604753,False,True
Sensor_117,871,0.9912,0.9871299298021697,1.0022883154438642,0.9719715441604753,False,True
Sensor_117,872,0.9905,0.9871299298021697,1.0022883154438642,0.9719715441604753,False,True
Sensor_117,873,0.9911,0.9871299298021697,1.0022883154438642,0.9719715441604753,False,True
Sensor_117,874,0.9907,0.9871299298021697,1.0022883154438642,0.9719715441604753,False,True
Sensor_117,875,0.9918,0.9871299298021697,1.0022883154438642,0.9719715441604753,False,True
Sensor_117,876,0.9628,0.9871299298021697,1.0022883154438642,0.9719715441604753,True,False
Sensor_117,883,0.9587,0.9871299298021697,1.0022883154438642,0.9719715441604753,True,False
Sensor_117,885,0.9627,0.9871299298021697,1.0022883154438642,0.9719715441604753,True,False
Sensor_117,887,0.9643,0.9871299298021697,1.0022883154438642,0.9719715441604753,True,False
Sensor_117,888,0.9606,0.9871299298021697,1.0022883154438642,0.9719715441604753,True,False
Sensor_117,893,0.9642,0.9871299298021697,1.0022883154438642,0.9719715441604753,True,False
Sensor_117,894,0.9642,0.9871299298021697,1.0022883154438642,0.9719715441604753,True,False
Sensor_117,902,0.9666,0.9871299298021697,1.0022883154438642,0.9719715441604753,True,False
Sensor_117,904,0.9617,0.9871299298021697,1.0022883154438642,0.9719715441604753,True,False
Sensor_117,909,0.9644,0.9871299298021697,1.0022883154438642,0.9719715441604753,True,False
Sensor_117,912,0.962,0.9871299298021697,1.0022883154438642,0.9719715441604753,True,False
Sensor_117,913,0.9628,0.9871299298021697,1.0022883154438642,0.9719715441604753,True,False
Sensor_117,916,0.9579,0.9871299298021697,1.0022883154438642,0.9719715441604753,True,False
Sensor_117,917,0.9598,0.9871299298021697,1.0022883154438642,0.9719715441604753,True,False
Sensor_117,921,0.9651,0.9871299298021697,1.0022883154438642,0.9719715441604753,True,False
Sensor_117,922,0.9593,0.9871299298021697,1.0022883154438642,0.9719715441604753,True,False
Sensor_117,929,0.9632,0.9871299298021697,1.0022883154438642,0.9719715441604753,True,False
Sensor_117,930,0.9639,0.9871299298021697,1.0022883154438642,0.9719715441604753,True,False
Sensor_117,931,0.9665,0.9871299298021697,1.0022883154438642,0.9719715441604753,True,False
Sensor_117,932,0.9625,0.9871299298021697,1.0022883154438642,0.9719715441604753,True,False
Sensor_117,936,0.9639,0.9871299298021697,1.0022883154438642,0.9719715441604753,True,False
Sensor_117,940,0.9603,0.9871299298021697,1.0022883154438642,0.9719715441604753,True,False
Sensor_117,941,0.9642,0.9871299298021697,1.0022883154438642,0.9719715441604753,True,False
Sensor_117,942,0.959,0.9871299298021697,1.0022883154438642,0.9719715441604753,True,False
Sensor_117,944,0.9603,0.9871299298021697,1.0022883154438642,0.9719715441604753,True,False
Sensor_117,947,0.9604,0.9871299298021697,1.0022883154438642,0.9719715441604753,True,False
Sensor_117,952,0.9614,0.9871299298021697,1.0022883154438642,0.9719715441604753,True,False
Sensor_117,954,0.9586,0.9871299298021697,1.0022883154438642,0.9719715441604753,True,False
Sensor_117,956,0.9659,0.9871299298021697,1.0022883154438642,0.9719715441604753,True,False
Sensor_117,958,0.9663,0.9871299298021697,1.0022883154438642,0.9719715441604753,True,False
Sensor_117,964,0.962,0.9871299298021697,1.0022883154438642,0.9719715441604753,True,False
Sensor_117,965,0.9631,0.9871299298021697,1.0022883154438642,0.9719715441604753,True,False
Sensor_117,966,0.9635,0.9871299298021697,1.0022883154438642,0.9719715441604753,True,False
Sensor_117,968,0.9637,0.9871299298021697,1.0022883154438642,0.9719715441604753,True,False
Sensor_117,969,0.964,0.9871299298021697,1.0022883154438642,0.9719715441604753,True,False
Sensor_117,973,0.9643,0.9871299298021697,1.0022883154438642,0.9719715441604753,True,False
Sensor_117,978,0.9614,0.9871299298021697,1.0022883154438642,0.9719715441604753,True,False
Sensor_117,987,0.9907,0.9871299298021697,1.0022883154438642,0.9719715441604753,False,True
Sensor_117,988,0.9911,0.9871299298021697,1.0022883154438642,0.9719715441604753,False,True
Sensor_117,989,0.9905,0.9871299298021697,1.0022883154438642,0.9719715441604753,False,True
Sensor_117,990,0.9903,0.9871299298021697,1.0022883154438642,0.9719715441604753,False,True
Sensor_117,991,0.9906,0.9871299298021697,1.0022883154438642,0.9719715441604753,False,True
Sensor_117,992,0.9906,0.9871299298021697,1.0022883154438642,0.9719715441604753,False,True
Sensor_117,993,0.9615,0.9871299298021697,1.0022883154438642,0.9719715441604753,True,False
Sensor_117,999,0.9594,0.9871299298021697,1.0022883154438642,0.9719715441604753,True,False
Sensor_117,1001,0.9655,0.9871299298021697,1.0022883154438642,0.9719715441604753,True,False
Sensor_117,1005,0.965,0.9871299298021697,1.0022883154438642,0.9719715441604753,True,False
Sensor_117,1006,0.963,0.9871299298021697,1.0022883154438642,0.9719715441604753,True,False
Sensor_117,1007,0.9624,0.9871299298021697,1.0022883154438642,0.9719715441604753,True,False
Sensor_117,1008,0.9644,0.9871299298021697,1.0022883154438642,0.9719715441604753,True,False
Sensor_117,1010,0.9644,0.9871299298021697,1.0022883154438642,0.9719715441604753,True,False
Sensor_117,1011,0.9616,0.9871299298021697,1.0022883154438642,0.9719715441604753,True,False
Sensor_117,1020,0.9907,0.9871299298021697,1.0022883154438642,0.9719715441604753,False,True
Sensor_117,1021,0.9907,0.9871299298021697,1.0022883154438642,0.9719715441604753,False,True
Sensor_117,1022,0.9613,0.9871299298021697,1.0022883154438642,0.9719715441604753,True,False
Sensor_117,1031,0.9909,0.9871299298021697,1.0022883154438642,0.9719715441604753,False,True
Sensor_117,1032,0.9694,0.9871299298021697,1.0022883154438642,0.9719715441604753,True,False
Sensor_117,1035,0.97,0.9871299298021697,1.0022883154438642,0.9719715441604753,True,False
Sensor_117,1044,0.9908,0.9871299298021697,1.0022883154438642,0.9719715441604753,False,True
Sensor_117,1045,0.9911,0.9871299298021697,1.0022883154438642,0.9719715441604753,False,True
Sensor_117,1046,0.9912,0.9871299298021697,1.0022883154438642,0.9719715441604753,False,True
Sensor_117,1047,0.991,0.9871299298021697,1.0022883154438642,0.9719715441604753,False,True
Sensor_117,1048,0.99,0.9871299298021697,1.0022883154438642,0.9719715441604753,False,True
Sensor_117,1049,0.9915,0.9871299298021697,1.0022883154438642,0.9719715441604753,False,True
Sensor_117,1050,0.9658,0.9871299298021697,1.0022883154438642,0.9719715441604753,True,False
Sensor_117,1059,0.991,0.9871299298021697,1.0022883154438642,0.9719715441604753,False,True
Sensor_117,1060,0.9911,0.9871299298021697,1.0022883154438642,0.9719715441604753,False,True
Sensor_117,1061,0.9909,0.9871299298021697,1.0022883154438642,0.9719715441604753,False,True
Sensor_117,1062,0.9916,0.9871299298021697,1.0022883154438642,0.9719715441604753,False,True
Sensor_117,1063,0.9911,0.9871299298021697,1.0022883154438642,0.9719715441604753,False,True
Sensor_117,1064,0.9909,0.9871299298021697,1.0022883154438642,0.9719715441604753,False,True
Sensor_117,1065,0.9914,0.9871299298021697,1.0022883154438642,0.9719715441604753,False,True
Sensor_117,1066,0.9905,0.9871299298021697,1.0022883154438642,0.9719715441604753,False,True
Sensor_117,1067,0.9903,0.9871299298021697,1.0022883154438642,0.9719715441604753,False,True
Sensor_117,1068,0.9913,0.9871299298021697,1.0022883154438642,0.9719715441604753,False,True
Sensor_117,1069,0.9911,0.9871299298021697,1.0022883154438642,0.9719715441604753,False,True
Sensor_117,1070,0.9908,0.9871299298021697,1.0022883154438642,0.9719715441604753,False,True
Sensor_117,1071,0.989,0.9871299298021697,1.0022883154438642,0.9719715441604753,False,True
Sensor_117,1072,0.9909,0.9871299298021697,1.0022883154438642,0.9719715441604753,False,True
Sensor_117,1073,0.9665,0.9871299298021697,1.0022883154438642,0.9719715441604753,True,False
Sensor_117,1081,0.9641,0.9871299298021697,1.0022883154438642,0.9719715441604753,True,False
Sensor_117,1084,0.9657,0.9871299298021697,1.0022883154438642,0.9719715441604753,True,False
Sensor_117,1088,0.9659,0.9871299298021697,1.0022883154438642,0.9719715441604753,True,False
Sensor_117,1097,0.9906,0.9871299298021697,1.0022883154438642,0.9719715441604753,False,True
Sensor_117,1098,0.9884,0.9871299298021697,1.0022883154438642,0.9719715441604753,False,True
Sensor_117,1099,0.9912,0.9871299298021697,1.0022883154438642,0.9719715441604753,False,True
Sensor_117,1100,0.9916,0.9871299298021697,1.0022883154438642,0.9719715441604753,False,True
Sensor_117,1101,0.991,0.9871299298021697,1.0022883154438642,0.9719715441604753,False,True
Sensor_117,1102,0.9916,0.9871299298021697,1.0022883154438642,0.9719715441604753,False,True
Sensor_117,1103,0.9912,0.9871299298021697,1.0022883154438642,0.9719715441604753,False,True
Sensor_117,1104,0.991,0.9871299298021697,1.0022883154438642,0.9719715441604753,False,True
Sensor_117,1105,0.9913,0.9871299298021697,1.0022883154438642,0.9719715441604753,False,True
Sensor_117,1106,0.9913,0.9871299298021697,1.0022883154438642,0.9719715441604753,False,True
Sensor_117,1107,0.9906,0.9871299298021697,1.0022883154438642,0.9719715441604753,False,True
Sensor_117,1108,0.9892,0.9871299298021697,1.0022883154438642,0.9719715441604753,False,True
Sensor_117,1109,0.9911,0.9871299298021697,1.0022883154438642,0.9719715441604753,False,True
Sensor_117,1110,0.9883,0.9871299298021697,1.0022883154438642,0.9719715441604753,False,True
Sensor_117,1111,0.9893,0.9871299298021697,1.0022883154438642,0.9719715441604753,False,True
Sensor_117,1112,0.9909,0.9871299298021697,1.0022883154438642,0.9719715441604753,False,True
Sensor_117,1113,0.991,0.9871299298021697,1.0022883154438642,0.9719715441604753,False,True
Sensor_117,1114,0.9913,0.9871299298021697,1.0022883154438642,0.9719715441604753,False,True
Sensor_117,1115,0.9907,0.9871299298021697,1.0022883154438642,0.9719715441604753,False,True
Sensor_117,1116,0.9912,0.9871299298021697,1.0022883154438642,0.9719715441604753,False,True
Sensor_117,1117,0.9909,0.9871299298021697,1.0022883154438642,0.9719715441604753,False,True
Sensor_117,1118,0.991,0.9871299298021697,1.0022883154438642,0.9719715441604753,False,True
Sensor_117,1119,0.9913,0.9871299298021697,1.0022883154438642,0.9719715441604753,False,True
Sensor_117,1120,0.9893,0.9871299298021697,1.0022883154438642,0.9719715441604753,False,True
Sensor_117,1121,0.99,0.9871299298021697,1.0022883154438642,0.9719715441604753,False,True
Sensor_117,1122,0.9894,0.9871299298021697,1.0022883154438642,0.9719715441604753,False,True
Sensor_117,1123,0.963,0.9871299298021697,1.0022883154438642,0.9719715441604753,True,False
Sensor_117,1132,0.9893,0.9871299298021697,1.0022883154438642,0.9719715441604753,False,True
Sensor_117,1133,0.9912,0.9871299298021697,1.0022883154438642,0.9719715441604753,False,True
Sensor_117,1134,0.9908,0.9871299298021697,1.0022883154438642,0.9719715441604753,False,True
Sensor_117,1135,0.9907,0.9871299298021697,1.0022883154438642,0.9719715441604753,False,True
Sensor_117,1136,0.989,0.9871299298021697,1.0022883154438642,0.9719715441604753,False,True
Sensor_117,1137,0.9894,0.9871299298021697,1.0022883154438642,0.9719715441604753,False,True
Sensor_117,1138,0.9911,0.9871299298021697,1.0022883154438642,0.9719715441604753,False,True
Sensor_117,1139,0.9911,0.9871299298021697,1.0022883154438642,0.9719715441604753,False,True
Sensor_117,1140,0.9907,0.9871299298021697,1.0022883154438642,0.9719715441604753,False,True
Sensor_117,1141,0.991,0.9871299298021697,1.0022883154438642,0.9719715441604753,False,True
Sensor_117,1142,0.9888,0.9871299298021697,1.0022883154438642,0.9719715441604753,False,True
Sensor_117,1143,0.9924,0.9871299298021697,1.0022883154438642,0.9719715441604753,False,True
Sensor_117,1144,0.9891,0.9871299298021697,1.0022883154438642,0.9719715441604753,False,True
Sensor_117,1145,0.9896,0.9871299298021697,1.0022883154438642,0.9719715441604753,False,True
Sensor_117,1146,0.9896,0.9871299298021697,1.0022883154438642,0.9719715441604753,False,True
Sensor_117,1147,0.9893,0.9871299298021697,1.0022883154438642,0.9719715441604753,False,True
Sensor_117,1148,0.9914,0.9871299298021697,1.0022883154438642,0.9719715441604753,False,True
Sensor_117,1149,0.9915,0.9871299298021697,1.0022883154438642,0.9719715441604753,False,True
Sensor_117,1150,0.9907,0.9871299298021697,1.0022883154438642,0.9719715441604753,False,True
Sensor_117,1151,0.9888,0.9871299298021697,1.0022883154438642,0.9719715441604753,False,True
Sensor_117,1152,0.9902,0.9871299298021697,1.0022883154438642,0.9719715441604753,False,True
Sensor_117,1153,0.9894,0.9871299298021697,1.0022883154438642,0.9719715441604753,False,True
Sensor_117,1154,0.9891,0.9871299298021697,1.0022883154438642,0.9719715441604753,False,True
Sensor_117,1155,0.9891,0.9871299298021697,1.0022883154438642,0.9719715441604753,False,True
Sensor_117,1156,0.9893,0.9871299298021697,1.0022883154438642,0.9719715441604753,False,True
Sensor_117,1157,0.9893,0.9871299298021697,1.0022883154438642,0.9719715441604753,False,True
Sensor_117,1158,0.9891,0.9871299298021697,1.0022883154438642,0.9719715441604753,False,True
Sensor_117,1159,0.9894,0.9871299298021697,1.0022883154438642,0.9719715441604753,False,True
Sensor_117,1160,0.9907,0.9871299298021697,1.0022883154438642,0.9719715441604753,False,True
Sensor_117,1161,0.9676,0.9871299298021697,1.0022883154438642,0.9719715441604753,True,False
Sensor_117,1170,0.9889,0.9871299298021697,1.0022883154438642,0.9719715441604753,False,True
Sensor_117,1171,0.9892,0.9871299298021697,1.0022883154438642,0.9719715441604753,False,True
Sensor_117,1172,0.99,0.9871299298021697,1.0022883154438642,0.9719715441604753,False,True
Sensor_117,1173,0.9907,0.9871299298021697,1.0022883154438642,0.9719715441604753,False,True
Sensor_117,1174,0.9889,0.9871299298021697,1.0022883154438642,0.9719715441604753,False,True
Sensor_117,1175,0.9895,0.9871299298021697,1.0022883154438642,0.9719715441604753,False,True
Sensor_117,1176,0.989,0.9871299298021697,1.0022883154438642,0.9719715441604753,False,True
Sensor_117,1177,0.9893,0.9871299298021697,1.0022883154438642,0.9719715441604753,False,True
Sensor_117,1178,0.9908,0.9871299298021697,1.0022883154438642,0.9719715441604753,False,True
Sensor_117,1179,0.9897,0.9871299298021697,1.0022883154438642,0.9719715441604753,False,True
Sensor_117,1180,0.989,0.9871299298021697,1.0022883154438642,0.9719715441604753,False,True
Sensor_117,1181,0.9898,0.9871299298021697,1.0022883154438642,0.9719715441604753,False,True
Sensor_117,1182,0.9893,0.9871299298021697,1.0022883154438642,0.9719715441604753,False,True
Sensor_117,1183,0.9892,0.9871299298021697,1.0022883154438642,0.9719715441604753,False,True
Sensor_117,1184,0.9914,0.9871299298021697,1.0022883154438642,0.9719715441604753,False,True
Sensor_117,1185,0.9909,0.9871299298021697,1.0022883154438642,0.9719715441604753,False,True
Sensor_117,1186,0.9912,0.9871299298021697,1.0022883154438642,0.9719715441604753,False,True
Sensor_117,1187,0.9897,0.9871299298021697,1.0022883154438642,0.9719715441604753,False,True
Sensor_117,1195,0.9705,0.9871299298021697,1.0022883154438642,0.9719715441604753,True,False
Sensor_117,1203,0.9335,0.9871299298021697,1.0022883154438642,0.9719715441604753,True,False
Sensor_117,1212,0.989,0.9871299298021697,1.0022883154438642,0.9719715441604753,False,True
Sensor_117,1213,0.9917,0.9871299298021697,1.0022883154438642,0.9719715441604753,False,True
Sensor_117,1214,0.9889,0.9871299298021697,1.0022883154438642,0.9719715441604753,False,True
Sensor_117,1215,0.9903,0.9871299298021697,1.0022883154438642,0.9719715441604753,False,True
Sensor_117,1216,0.9889,0.9871299298021697,1.0022883154438642,0.9719715441604753,False,True
Sensor_117,1217,0.9906,0.9871299298021697,1.0022883154438642,0.9719715441604753,False,True
Sensor_117,1218,0.9886,0.9871299298021697,1.0022883154438642,0.9719715441604753,False,True
Sensor_117,1219,0.9908,0.9871299298021697,1.0022883154438642,0.9719715441604753,False,True
Sensor_117,1220,0.9647,0.9871299298021697,1.0022883154438642,0.9719715441604753,True,False
Sensor_117,1222,0.9697,0.9871299298021697,1.0022883154438642,0.9719715441604753,True,False
Sensor_117,1223,0.914,0.9871299298021697,1.0022883154438642,0.9719715441604753,True,False
Sensor_117,1226,0.9703,0.9871299298021697,1.0022883154438642,0.9719715441604753,True,False
Sensor_117,1235,0.9644,0.9871299298021697,1.0022883154438642,0.9719715441604753,True,False
Sensor_117,1247,0.9897,0.9871299298021697,1.0022883154438642,0.9719715441604753,False,True
Sensor_117,1248,0.9896,0.9871299298021697,1.0022883154438642,0.9719715441604753,False,True
Sensor_117,1249,0.9897,0.9871299298021697,1.0022883154438642,0.9719715441604753,False,True
Sensor_117,1250,0.9916,0.9871299298021697,1.0022883154438642,0.9719715441604753,False,True
Sensor_117,1251,0.9915,0.9871299298021697,1.0022883154438642,0.9719715441604753,False,True
Sensor_117,1252,0.9891,0.9871299298021697,1.0022883154438642,0.9719715441604753,False,True
Sensor_117,1254,0.9716,0.9871299298021697,1.0022883154438642,0.9719715441604753,True,False
Sensor_117,1263,0.9891,0.9871299298021697,1.0022883154438642,0.9719715441604753,False,True
Sensor_117,1264,0.9918,0.9871299298021697,1.0022883154438642,0.9719715441604753,False,True
Sensor_117,1265,0.9897,0.9871299298021697,1.0022883154438642,0.9719715441604753,False,True
Sensor_117,1266,0.9893,0.9871299298021697,1.0022883154438642,0.9719715441604753,False,True
Sensor_117,1267,0.9914,0.9871299298021697,1.0022883154438642,0.9719715441604753,False,True
Sensor_117,1268,0.9891,0.9871299298021697,1.0022883154438642,0.9719715441604753,False,True
Sensor_117,1269,0.9904,0.9871299298021697,1.0022883154438642,0.9719715441604753,False,True
Sensor_117,1270,0.9915,0.9871299298021697,1.0022883154438642,0.9719715441604753,False,True
Sensor_117,1271,0.989,0.9871299298021697,1.0022883154438642,0.9719715441604753,False,True
Sensor_117,1272,0.9917,0.9871299298021697,1.0022883154438642,0.9719715441604753,False,True
Sensor_117,1273,0.9896,0.9871299298021697,1.0022883154438642,0.9719715441604753,False,True
Sensor_117,1274,0.9896,0.9871299298021697,1.0022883154438642,0.9719715441604753,False,True
Sensor_117,1275,0.9895,0.9871299298021697,1.0022883154438642,0.9719715441604753,False,True
Sensor_117,1276,0.9894,0.9871299298021697,1.0022883154438642,0.9719715441604753,False,True
Sensor_117,1277,0.9893,0.9871299298021697,1.0022883154438642,0.9719715441604753,False,True
Sensor_117,1278,0.9891,0.9871299298021697,1.0022883154438642,0.9719715441604753,False,True
Sensor_117,1279,0.9908,0.9871299298021697,1.0022883154438642,0.9719715441604753,False,True
Sensor_117,1280,0.9888,0.9871299298021697,1.0022883154438642,0.9719715441604753,False,True
Sensor_117,1281,0.9896,0.9871299298021697,1.0022883154438642,0.9719715441604753,False,True
Sensor_117,1282,0.9656,0.9871299298021697,1.0022883154438642,0.9719715441604753,True,False
Sensor_117,1291,0.9896,0.9871299298021697,1.0022883154438642,0.9719715441604753,False,True
Sensor_117,1292,0.9916,0.9871299298021697,1.0022883154438642,0.9719715441604753,False,True
Sensor_117,1293,0.9891,0.9871299298021697,1.0022883154438642,0.9719715441604753,False,True
Sensor_117,1294,0.9915,0.9871299298021697,1.0022883154438642,0.9719715441604753,False,True
Sensor_117,1295,0.9893,0.9871299298021697,1.0022883154438642,0.9719715441604753,False,True
Sensor_117,1296,0.9914,0.9871299298021697,1.0022883154438642,0.9719715441604753,False,True
Sensor_117,1297,0.9912,0.9871299298021697,1.0022883154438642,0.9719715441604753,False,True
Sensor_117,1298,0.989,0.9871299298021697,1.0022883154438642,0.9719715441604753,False,True
Sensor_117,1299,0.9902,0.9871299298021697,1.0022883154438642,0.9719715441604753,False,True
Sensor_117,1300,0.9913,0.9871299298021697,1.0022883154438642,0.9719715441604753,False,True
Sensor_117,1301,0.989,0.9871299298021697,1.0022883154438642,0.9719715441604753,False,True
Sensor_117,1302,0.9895,0.9871299298021697,1.0022883154438642,0.9719715441604753,False,True
Sensor_117,1303,0.9689,0.9871299298021697,1.0022883154438642,0.9719715441604753,True,False
Sensor_117,1312,0.9906,0.9871299298021697,1.0022883154438642,0.9719715441604753,False,True
Sensor_117,1313,0.9895,0.9871299298021697,1.0022883154438642,0.9719715441604753,False,True
Sensor_117,1314,0.991,0.9871299298021697,1.0022883154438642,0.9719715441604753,False,True
Sensor_117,1315,0.9892,0.9871299298021697,1.0022883154438642,0.9719715441604753,False,True
Sensor_117,1316,0.99,0.9871299298021697,1.0022883154438642,0.9719715441604753,False,True
Sensor_117,1317,0.9894,0.9871299298021697,1.0022883154438642,0.9719715441604753,False,True
Sensor_117,1318,0.9889,0.9871299298021697,1.0022883154438642,0.9719715441604753,False,True
Sensor_117,1319,0.9915,0.9871299298021697,1.0022883154438642,0.9719715441604753,False,True
Sensor_117,1320,0.99,0.9871299298021697,1.0022883154438642,0.9719715441604753,False,True
Sensor_117,1321,0.9901,0.9871299298021697,1.0022883154438642,0.9719715441604753,False,True
Sensor_117,1322,0.9898,0.9871299298021697,1.0022883154438642,0.9719715441604753,False,True
Sensor_117,1323,0.9899,0.9871299298021697,1.0022883154438642,0.9719715441604753,False,True
Sensor_117,1324,0.9888,0.9871299298021697,1.0022883154438642,0.9719715441604753,False,True
Sensor_117,1325,0.9885,0.9871299298021697,1.0022883154438642,0.9719715441604753,False,True
Sensor_117,1326,0.9914,0.9871299298021697,1.0022883154438642,0.9719715441604753,False,True
Sensor_117,1327,0.9889,0.9871299298021697,1.0022883154438642,0.9719715441604753,False,True
Sensor_117,1328,0.9893,0.9871299298021697,1.0022883154438642,0.9719715441604753,False,True
Sensor_117,1329,0.9891,0.9871299298021697,1.0022883154438642,0.9719715441604753,False,True
Sensor_117,1330,0.9891,0.9871299298021697,1.0022883154438642,0.9719715441604753,False,True
Sensor_117,1331,0.9898,0.9871299298021697,1.0022883154438642,0.9719715441604753,False,True
Sensor_117,1332,0.9891,0.9871299298021697,1.0022883154438642,0.9719715441604753,False,True
Sensor_117,1333,0.99,0.9871299298021697,1.0022883154438642,0.9719715441604753,False,True
Sensor_117,1334,0.9893,0.9871299298021697,1.0022883154438642,0.9719715441604753,False,True
Sensor_117,1335,0.9901,0.9871299298021697,1.0022883154438642,0.9719715441604753,False,True
Sensor_117,1336,0.9891,0.9871299298021697,1.0022883154438642,0.9719715441604753,False,True
Sensor_117,1337,0.9894,0.9871299298021697,1.0022883154438642,0.9719715441604753,False,True
Sensor_117,1338,0.9889,0.9871299298021697,1.0022883154438642,0.9719715441604753,False,True
Sensor_117,1339,0.991,0.9871299298021697,1.0022883154438642,0.9719715441604753,False,True
Sensor_117,1340,0.9894,0.9871299298021697,1.0022883154438642,0.9719715441604753,False,True
Sensor_117,1341,0.9896,0.9871299298021697,1.0022883154438642,0.9719715441604753,False,True
Sensor_117,1342,0.9892,0.9871299298021697,1.0022883154438642,0.9719715441604753,False,True
Sensor_117,1343,0.991,0.9871299298021697,1.0022883154438642,0.9719715441604753,False,True
Sensor_117,1344,0.989,0.9871299298021697,1.0022883154438642,0.9719715441604753,False,True
Sensor_117,1345,0.9902,0.9871299298021697,1.0022883154438642,0.9719715441604753,False,True
Sensor_117,1346,0.9629,0.9871299298021697,1.0022883154438642,0.9719715441604753,True,False
Sensor_117,1354,0.9634,0.9871299298021697,1.0022883154438642,0.9719715441604753,True,False
Sensor_117,1355,0.9661,0.9871299298021697,1.0022883154438642,0.9719715441604753,True,False
Sensor_117,1358,0.9625,0.9871299298021697,1.0022883154438642,0.9719715441604753,True,False
Sensor_117,1360,0.967,0.9871299298021697,1.0022883154438642,0.9719715441604753,True,False
Sensor_117,1365,0.9631,0.9871299298021697,1.0022883154438642,0.9719715441604753,True,False
Sensor_117,1366,0.9624,0.9871299298021697,1.0022883154438642,0.9719715441604753,True,False
Sensor_117,1368,0.9642,0.9871299298021697,1.0022883154438642,0.9719715441604753,True,False
Sensor_117,1372,0.9672,0.9871299298021697,1.0022883154438642,0.9719715441604753,True,False
Sensor_117,1380,0.9667,0.9871299298021697,1.0022883154438642,0.9719715441604753,True,False
Sensor_117,1389,0.9889,0.9871299298021697,1.0022883154438642,0.9719715441604753,False,True
Sensor_117,1390,0.9899,0.9871299298021697,1.0022883154438642,0.9719715441604753,False,True
Sensor_117,1391,0.9899,0.9871299298021697,1.0022883154438642,0.9719715441604753,False,True
Sensor_117,1392,0.9902,0.9871299298021697,1.0022883154438642,0.9719715441604753,False,True
Sensor_117,1393,0.9898,0.9871299298021697,1.0022883154438642,0.9719715441604753,False,True
Sensor_117,1394,0.9896,0.9871299298021697,1.0022883154438642,0.9719715441604753,False,True
Sensor_117,1395,0.9897,0.9871299298021697,1.0022883154438642,0.9719715441604753,False,True
Sensor_117,1396,0.9893,0.9871299298021697,1.0022883154438642,0.9719715441604753,False,True
Sensor_117,1397,0.9897,0.9871299298021697,1.0022883154438642,0.9719715441604753,False,True
Sensor_117,1398,0.9893,0.9871299298021697,1.0022883154438642,0.9719715441604753,False,True
Sensor_117,1399,0.9897,0.9871299298021697,1.0022883154438642,0.9719715441604753,False,True
Sensor_117,1400,0.9897,0.9871299298021697,1.0022883154438642,0.9719715441604753,False,True
Sensor_117,1401,0.9899,0.9871299298021697,1.0022883154438642,0.9719715441604753,False,True
Sensor_117,1402,0.99,0.9871299298021697,1.0022883154438642,0.9719715441604753,False,True
Sensor_117,1403,0.99,0.9871299298021697,1.0022883154438642,0.9719715441604753,False,True
Sensor_117,1404,0.9893,0.9871299298021697,1.0022883154438642,0.9719715441604753,False,True
Sensor_117,1405,0.9896,0.9871299298021697,1.0022883154438642,0.9719715441604753,False,True
Sensor_117,1406,0.9897,0.9871299298021697,1.0022883154438642,0.9719715441604753,False,True
Sensor_117,1407,0.9894,0.9871299298021697,1.0022883154438642,0.9719715441604753,False,True
Sensor_117,1408,0.9641,0.9871299298021697,1.0022883154438642,0.9719715441604753,True,False
Sensor_117,1417,0.9899,0.9871299298021697,1.0022883154438642,0.9719715441604753,False,True
Sensor_117,1418,0.9899,0.9871299298021697,1.0022883154438642,0.9719715441604753,False,True
Sensor_117,1419,0.9892,0.9871299298021697,1.0022883154438642,0.9719715441604753,False,True
Sensor_117,1420,0.989,0.9871299298021697,1.0022883154438642,0.9719715441604753,False,True
Sensor_117,1421,0.9892,0.9871299298021697,1.0022883154438642,0.9719715441604753,False,True
Sensor_117,1422,0.9911,0.9871299298021697,1.0022883154438642,0.9719715441604753,False,True
Sensor_117,1423,0.9894,0.9871299298021697,1.0022883154438642,0.9719715441604753,False,True
Sensor_117,1424,0.9892,0.9871299298021697,1.0022883154438642,0.9719715441604753,False,True
Sensor_117,1425,0.9887,0.9871299298021697,1.0022883154438642,0.9719715441604753,False,True
Sensor_117,1426,0.989,0.9871299298021697,1.0022883154438642,0.9719715441604753,False,True
Sensor_117,1427,0.9892,0.9871299298021697,1.0022883154438642,0.9719715441604753,False,True
Sensor_117,1428,0.9891,0.9871299298021697,1.0022883154438642,0.9719715441604753,False,True
Sensor_117,1429,0.9898,0.9871299298021697,1.0022883154438642,0.9719715441604753,False,True
Sensor_117,1430,0.9899,0.9871299298021697,1.0022883154438642,0.9719715441604753,False,True
Sensor_117,1431,0.99,0.9871299298021697,1.0022883154438642,0.9719715441604753,False,True
Sensor_117,1432,0.9895,0.9871299298021697,1.0022883154438642,0.9719715441604753,False,True
Sensor_117,1433,0.9896,0.9871299298021697,1.0022883154438642,0.9719715441604753,False,True
Sensor_117,1434,0.99,0.9871299298021697,1.0022883154438642,0.9719715441604753,False,True
Sensor_117,1435,0.9898,0.9871299298021697,1.0022883154438642,0.9719715441604753,False,True
Sensor_117,1436,0.9901,0.9871299298021697,1.0022883154438642,0.9719715441604753,False,True
Sensor_117,1437,0.9889,0.9871299298021697,1.0022883154438642,0.9719715441604753,False,True
Sensor_117,1438,0.99,0.9871299298021697,1.0022883154438642,0.9719715441604753,False,True
Sensor_117,1439,0.9895,0.9871299298021697,1.0022883154438642,0.9719715441604753,False,True
Sensor_117,1440,0.9899,0.9871299298021697,1.0022883154438642,0.9719715441604753,False,True
Sensor_117,1441,0.9894,0.9871299298021697,1.0022883154438642,0.9719715441604753,False,True
Sensor_117,1442,0.9888,0.9871299298021697,1.0022883154438642,0.9719715441604753,False,True
Sensor_117,1443,0.9899,0.9871299298021697,1.0022883154438642,0.9719715441604753,False,True
Sensor_117,1444,0.9892,0.9871299298021697,1.0022883154438642,0.9719715441604753,False,True
Sensor_117,1445,0.9914,0.9871299298021697,1.0022883154438642,0.9719715441604753,False,True
Sensor_117,1446,0.9619,0.9871299298021697,1.0022883154438642,0.9719715441604753,True,False
Sensor_117,1448,0.9621,0.9871299298021697,1.0022883154438642,0.9719715441604753,True,False
Sensor_117,1457,0.9894,0.9871299298021697,1.0022883154438642,0.9719715441604753,False,True
Sensor_117,1458,0.9914,0.9871299298021697,1.0022883154438642,0.9719715441604753,False,True
Sensor_117,1459,0.9896,0.9871299298021697,1.0022883154438642,0.9719715441604753,False,True
Sensor_117,1460,0.9891,0.9871299298021697,1.0022883154438642,0.9719715441604753,False,True
Sensor_117,1461,0.9903,0.9871299298021697,1.0022883154438642,0.9719715441604753,False,True
Sensor_117,1462,0.9674,0.9871299298021697,1.0022883154438642,0.9719715441604753,True,False
Sensor_117,1463,0.9662,0.9871299298021697,1.0022883154438642,0.9719715441604753,True,False
Sensor_117,1465,0.9672,0.9871299298021697,1.0022883154438642,0.9719715441604753,True,False
Sensor_117,1474,0.9893,0.9871299298021697,1.0022883154438642,0.9719715441604753,False,True
Sensor_117,1475,0.9662,0.9871299298021697,1.0022883154438642,0.9719715441604753,True,False
Sensor_117,1484,0.9895,0.9871299298021697,1.0022883154438642,0.9719715441604753,False,True
Sensor_117,1485,0.9648,0.9871299298021697,1.0022883154438642,0.9719715441604753,True,False
Sensor_117,1494,0.9895,0.9871299298021697,1.0022883154438642,0.9719715441604753,False,True
Sensor_117,1495,0.9889,0.9871299298021697,1.0022883154438642,0.9719715441604753,False,True
Sensor_117,1496,0.9625,0.9871299298021697,1.0022883154438642,0.9719715441604753,True,False
Sensor_117,1502,0.9643,0.9871299298021697,1.0022883154438642,0.9719715441604753,True,False
Sensor_117,1509,0.9642,0.9871299298021697,1.0022883154438642,0.9719715441604753,True,False
Sensor_117,1514,0.962,0.9871299298021697,1.0022883154438642,0.9719715441604753,True,False
Sensor_117,1518,0.9664,0.9871299298021697,1.0022883154438642,0.9719715441604753,True,False
Sensor_117,1519,0.9605,0.9871299298021697,1.0022883154438642,0.9719715441604753,True,False
Sensor_117,1528,0.9899,0.9871299298021697,1.0022883154438642,0.9719715441604753,False,True
Sensor_117,1529,0.9889,0.9871299298021697,1.0022883154438642,0.9719715441604753,False,True
Sensor_117,1530,0.9894,0.9871299298021697,1.0022883154438642,0.9719715441604753,False,True
Sensor_117,1531,0.9897,0.9871299298021697,1.0022883154438642,0.9719715441604753,False,True
Sensor_117,1532,0.9892,0.9871299298021697,1.0022883154438642,0.9719715441604753,False,True
Sensor_117,1533,0.989,0.9871299298021697,1.0022883154438642,0.9719715441604753,False,True
Sensor_117,1534,0.9894,0.9871299298021697,1.0022883154438642,0.9719715441604753,False,True
Sensor_117,1535,0.9888,0.9871299298021697,1.0022883154438642,0.9719715441604753,False,True
Sensor_117,1536,0.9887,0.9871299298021697,1.0022883154438642,0.9719715441604753,False,True
Sensor_117,1537,0.9887,0.9871299298021697,1.0022883154438642,0.9719715441604753,False,True
Sensor_117,1538,0.989,0.9871299298021697,1.0022883154438642,0.9719715441604753,False,True
Sensor_117,1539,0.9897,0.9871299298021697,1.0022883154438642,0.9719715441604753,False,True
Sensor_117,1540,0.9899,0.9871299298021697,1.0022883154438642,0.9719715441604753,False,True
Sensor_117,1541,0.9897,0.9871299298021697,1.0022883154438642,0.9719715441604753,False,True
Sensor_117,1542,0.9893,0.9871299298021697,1.0022883154438642,0.9719715441604753,False,True
Sensor_117,1543,0.9894,0.9871299298021697,1.0022883154438642,0.9719715441604753,False,True
Sensor_117,1544,0.9891,0.9871299298021697,1.0022883154438642,0.9719715441604753,False,True
Sensor_117,1545,0.9892,0.9871299298021697,1.0022883154438642,0.9719715441604753,False,True
Sensor_117,1546,0.9893,0.9871299298021697,1.0022883154438642,0.9719715441604753,False,True
Sensor_117,1547,0.9898,0.9871299298021697,1.0022883154438642,0.9719715441604753,False,True
Sensor_117,1548,0.9893,0.9871299298021697,1.0022883154438642,0.9719715441604753,False,True
Sensor_117,1549,0.9895,0.9871299298021697,1.0022883154438642,0.9719715441604753,False,True
Sensor_117,1550,0.9895,0.9871299298021697,1.0022883154438642,0.9719715441604753,False,True
Sensor_117,1551,0.9896,0.9871299298021697,1.0022883154438642,0.9719715441604753,False,True
Sensor_117,1552,0.9668,0.9871299298021697,1.0022883154438642,0.9719715441604753,True,False
Sensor_117,1560,0.9648,0.9871299298021697,1.0022883154438642,0.9719715441604753,True,False
Sensor_022,8,-4196.5,-5618.2721761327375,-4263.280973448028,-6973.263378817447,True,False
Sensor_022,10,-2727.5,-5618.2721761327375,-4263.280973448028,-6973.263378817447,True,False
Sensor_022,14,-1431.5,-5618.2721761327375,-4263.280973448028,-6973.263378817447,True,False
Sensor_022,15,-2694.75,-5618.2721761327375,-4263.280973448028,-6973.263378817447,True,False
Sensor_022,23,-2664.25,-5618.2721761327375,-4263.280973448028,-6973.263378817447,True,False
Sensor_022,24,-2681.75,-5618.2721761327375,-4263.280973448028,-6973.263378817447,True,False
Sensor_022,25,-2706.0,-5618.2721761327375,-4263.280973448028,-6973.263378817447,True,True
Sensor_022,26,-5611.75,-5618.2721761327375,-4263.280973448028,-6973.263378817447,False,True
Sensor_022,27,-5369.0,-5618.2721761327375,-4263.280973448028,-6973.263378817447,False,True
Sensor_022,28,-5217.5,-5618.2721761327375,-4263.280973448028,-6973.263378817447,False,True
Sensor_022,29,-5416.0,-5618.2721761327375,-4263.280973448028,-6973.263378817447,False,True
Sensor_022,30,-5500.5,-5618.2721761327375,-4263.280973448028,-6973.263378817447,False,True
Sensor_022,31,-5497.75,-5618.2721761327375,-4263.280973448028,-6973.263378817447,False,True
Sensor_022,32,-5507.75,-5618.2721761327375,-4263.280973448028,-6973.263378817447,False,True
Sensor_022,33,-2622.5,-5618.2721761327375,-4263.280973448028,-6973.263378817447,True,True
Sensor_022,36,-1362.0,-5618.2721761327375,-4263.280973448028,-6973.263378817447,True,False
Sensor_022,46,-3281.0,-5618.2721761327375,-4263.280973448028,-6973.263378817447,True,False
Sensor_022,51,-2575.5,-5618.2721761327375,-4263.280973448028,-6973.263378817447,True,True
Sensor_022,52,-5175.5,-5618.2721761327375,-4263.280973448028,-6973.263378817447,False,True
Sensor_022,53,-5545.0,-5618.2721761327375,-4263.280973448028,-6973.263378817447,False,True
Sensor_022,54,-4520.75,-5618.2721761327375,-4263.280973448028,-6973.263378817447,False,True
Sensor_022,57,-1368.75,-5618.2721761327375,-4263.280973448028,-6973.263378817447,True,False
Sensor_022,61,-2597.0,-5618.2721761327375,-4263.280973448028,-6973.263378817447,True,False
Sensor_022,72,-2649.25,-5618.2721761327375,-4263.280973448028,-6973.263378817447,True,False
Sensor_022,91,-2665.5,-5618.2721761327375,-4263.280973448028,-6973.263378817447,True,False
Sensor_022,96,-2609.25,-5618.2721761327375,-4263.280973448028,-6973.263378817447,True,True
Sensor_022,97,-5497.75,-5618.2721761327375,-4263.280973448028,-6973.263378817447,False,True
Sensor_022,98,-5522.25,-5618.2721761327375,-4263.280973448028,-6973.263378817447,False,True
Sensor_022,99,-1502.75,-5618.2721761327375,-4263.280973448028,-6973.263378817447,True,True
Sensor_022,100,-5443.0,-5618.2721761327375,-4263.280973448028,-6973.263378817447,False,True
Sensor_022,143,-3293.5,-5618.2721761327375,-4263.280973448028,-6973.263378817447,True,False
Sensor_022,144,-1918.25,-5618.2721761327375,-4263.280973448028,-6973.263378817447,True,False
Sensor_022,163,-4228.0,-5618.2721761327375,-4263.280973448028,-6973.263378817447,True,False
Sensor_022,183,-2595.0,-5618.2721761327375,-4263.280973448028,-6973.263378817447,True,False
Sensor_022,186,-1480.75,-5618.2721761327375,-4263.280973448028,-6973.263378817447,True,False
Sensor_022,189,-7150.25,-5618.2721761327375,-4263.280973448028,-6973.263378817447,True,False
Sensor_022,195,-3345.75,-5618.2721761327375,-4263.280973448028,-6973.263378817447,True,False
Sensor_022,196,-2668.5,-5618.2721761327375,-4263.280973448028,-6973.263378817447,True,False
Sensor_022,526,-7148.0,-5618.2721761327375,-4263.280973448028,-6973.263378817447,True,False
Sensor_022,667,0.0,-5618.2721761327375,-4263.280973448028,-6973.263378817447,True,False
Sensor_022,800,-1263.5,-5618.2721761327375,-4263.280973448028,-6973.263378817447,True,False
Sensor_022,808,-5456.75,-5618.2721761327375,-4263.280973448028,-6973.263378817447,False,True
Sensor_022,809,-5196.75,-5618.2721761327375,-4263.280973448028,-6973.263378817447,False,True
Sensor_022,810,-5612.5,-5618.2721761327375,-4263.280973448028,-6973.263378817447,False,True
Sensor_022,853,-5261.0,-5618.2721761327375,-4263.280973448028,-6973.263378817447,False,True
Sensor_022,866,-5418.75,-5618.2721761327375,-4263.280973448028,-6973.263378817447,False,True
Sensor_022,903,-5394.75,-5618.2721761327375,-4263.280973448028,-6973.263378817447,False,True
Sensor_022,904,-5397.5,-5618.2721761327375,-4263.280973448028,-6973.263378817447,False,True
Sensor_022,905,-5543.0,-5618.2721761327375,-4263.280973448028,-6973.263378817447,False,True
Sensor_022,906,-5526.0,-5618.2721761327375,-4263.280973448028,-6973.263378817447,False,True
Sensor_022,907,-5445.5,-5618.2721761327375,-4263.280973448028,-6973.263378817447,False,True
Sensor_022,908,-4971.75,-5618.2721761327375,-4263.280973448028,-6973.263378817447,False,True
Sensor_022,909,-5001.0,-5618.2721761327375,-4263.280973448028,-6973.263378817447,False,True
Sensor_022,910,-5368.75,-5618.2721761327375,-4263.280973448028,-6973.263378817447,False,True
Sensor_022,927,-5515.0,-5618.2721761327375,-4263.280973448028,-6973.263378817447,False,True
Sensor_022,1030,-5573.0,-5618.2721761327375,-4263.280973448028,-6973.263378817447,False,True
Sensor_022,1031,-5334.5,-5618.2721761327375,-4263.280973448028,-6973.263378817447,False,True
Sensor_022,1032,-5181.75,-5618.2721761327375,-4263.280973448028,-6973.263378817447,False,True
Sensor_022,1033,-5450.0,-5618.2721761327375,-4263.280973448028,-6973.263378817447,False,True
Sensor_022,1056,-5479.25,-5618.2721761327375,-4263.280973448028,-6973.263378817447,False,True
Sensor_022,1057,-5278.0,-5618.2721761327375,-4263.280973448028,-6973.263378817447,False,True
Sensor_022,1058,-5611.75,-5618.2721761327375,-4263.280973448028,-6973.263378817447,False,True
Sensor_022,1059,-5320.0,-5618.2721761327375,-4263.280973448028,-6973.263378817447,False,True
Sensor_022,1060,-5511.5,-5618.2721761327375,-4263.280973448028,-6973.263378817447,False,True
Sensor_022,1061,-5535.0,-5618.2721761327375,-4263.280973448028,-6973.263378817447,False,True
Sensor_022,1062,-5477.0,-5618.2721761327375,-4263.280973448028,-6973.263378817447,False,True
Sensor_022,1063,-5408.75,-5618.2721761327375,-4263.280973448028,-6973.263378817447,False,True
Sensor_022,1138,-5469.75,-5618.2721761327375,-4263.280973448028,-6973.263378817447,False,True
Sensor_022,1181,-5343.75,-5618.2721761327375,-4263.280973448028,-6973.263378817447,False,True
Sensor_022,1182,-5593.5,-5618.2721761327375,-4263.280973448028,-6973.263378817447,False,True
Sensor_022,1183,-4994.25,-5618.2721761327375,-4263.280973448028,-6973.263378817447,False,True
Sensor_022,1184,-5489.0,-5618.2721761327375,-4263.280973448028,-6973.263378817447,False,True
Sensor_022,1208,-5190.0,-5618.2721761327375,-4263.280973448028,-6973.263378817447,False,True
Sensor_022,1209,-5191.5,-5618.2721761327375,-4263.280973448028,-6973.263378817447,False,True
Sensor_022,1210,-5422.25,-5618.2721761327375,-4263.280973448028,-6973.263378817447,False,True
Sensor_022,1211,-5459.75,-5618.2721761327375,-4263.280973448028,-6973.263378817447,False,True
Sensor_022,1224,-5552.0,-5618.2721761327375,-4263.280973448028,-6973.263378817447,False,True
Sensor_022,1225,-5523.25,-5618.2721761327375,-4263.280973448028,-6973.263378817447,False,True
Sensor_022,1226,-5609.5,-5618.2721761327375,-4263.280973448028,-6973.263378817447,False,True
Sensor_022,1227,-5261.25,-5618.2721761327375,-4263.280973448028,-6973.263378817447,False,True
Sensor_022,1228,-5370.5,-5618.2721761327375,-4263.280973448028,-6973.263378817447,False,True
Sensor_022,1229,-5215.5,-5618.2721761327375,-4263.280973448028,-6973.263378817447,False,True
Sensor_022,1279,-5422.25,-5618.2721761327375,-4263.280973448028,-6973.263378817447,False,True
Sensor_022,1280,-5294.5,-5618.2721761327375,-4263.280973448028,-6973.263378817447,False,True
Sensor_022,1281,-5264.5,-5618.2721761327375,-4263.280973448028,-6973.263378817447,False,True
Sensor_022,1282,-5612.25,-5618.2721761327375,-4263.280973448028,-6973.263378817447,False,True
Sensor_022,1283,-5407.25,-5618.2721761327375,-4263.280973448028,-6973.263378817447,False,True
Sensor_022,1284,-5517.75,-5618.2721761327375,-4263.280973448028,-6973.263378817447,False,True
Sensor_022,1298,-5526.5,-5618.2721761327375,-4263.280973448028,-6973.263378817447,False,True
Sensor_022,1299,-5295.25,-5618.2721761327375,-4263.280973448028,-6973.263378817447,False,True
Sensor_022,1300,-5426.0,-5618.2721761327375,-4263.280973448028,-6973.263378817447,False,True
Sensor_022,1301,-5186.25,-5618.2721761327375,-4263.280973448028,-6973.263378817447,False,True
Sensor_022,1302,-5389.5,-5618.2721761327375,-4263.280973448028,-6973.263378817447,False,True
Sensor_022,1303,-5233.75,-5618.2721761327375,-4263.280973448028,-6973.263378817447,False,True
Sensor_022,1314,-5424.5,-5618.2721761327375,-4263.280973448028,-6973.263378817447,False,True
Sensor_022,1315,-5092.25,-5618.2721761327375,-4263.280973448028,-6973.263378817447,False,True
Sensor_022,1316,-5440.5,-5618.2721761327375,-4263.280973448028,-6973.263378817447,False,True
Sensor_022,1317,-5412.75,-5618.2721761327375,-4263.280973448028,-6973.263378817447,False,True
Sensor_022,1343,-5486.5,-5618.2721761327375,-4263.280973448028,-6973.263378817447,False,True
Sensor_022,1344,-5546.0,-5618.2721761327375,-4263.280973448028,-6973.263378817447,False,True
Sensor_022,1345,-5285.0,-5618.2721761327375,-4263.280973448028,-6973.263378817447,False,True
Sensor_022,1346,-5312.75,-5618.2721761327375,-4263.280973448028,-6973.263378817447,False,True
Sensor_022,1347,-5260.25,-5618.2721761327375,-4263.280973448028,-6973.263378817447,False,True
Sensor_022,1348,-5445.25,-5618.2721761327375,-4263.280973448028,-6973.263378817447,False,True
Sensor_022,1349,-5431.75,-5618.2721761327375,-4263.280973448028,-6973.263378817447,False,True
Sensor_022,1350,-5483.0,-5618.2721761327375,-4263.280973448028,-6973.263378817447,False,True
Sensor_022,1351,-5149.0,-5618.2721761327375,-4263.280973448028,-6973.263378817447,False,True
Sensor_022,1352,-5398.75,-5618.2721761327375,-4263.280973448028,-6973.263378817447,False,True
Sensor_022,1353,-5238.0,-5618.2721761327375,-4263.280973448028,-6973.263378817447,False,True
Sensor_022,1354,-5305.25,-5618.2721761327375,-4263.280973448028,-6973.263378817447,False,True
Sensor_022,1355,-5516.5,-5618.2721761327375,-4263.280973448028,-6973.263378817447,False,True
Sensor_022,1356,-5206.0,-5618.2721761327375,-4263.280973448028,-6973.263378817447,False,True
Sensor_022,1357,-4977.5,-5618.2721761327375,-4263.280973448028,-6973.263378817447,False,True
Sensor_022,1358,-5404.5,-5618.2721761327375,-4263.280973448028,-6973.263378817447,False,True
Sensor_022,1359,-5241.0,-5618.2721761327375,-4263.280973448028,-6973.263378817447,False,True
Sensor_022,1360,-5393.5,-5618.2721761327375,-4263.280973448028,-6973.263378817447,False,True
Sensor_022,1361,-5422.75,-5618.2721761327375,-4263.280973448028,-6973.263378817447,False,True
Sensor_022,1362,-5130.75,-5618.2721761327375,-4263.280973448028,-6973.263378817447,False,True
Sensor_022,1363,-5392.25,-5618.2721761327375,-4263.280973448028,-6973.263378817447,False,True
Sensor_022,1364,-5390.0,-5618.2721761327375,-4263.280973448028,-6973.263378817447,False,True
Sensor_022,1365,-5274.25,-5618.2721761327375,-4263.280973448028,-6973.263378817447,False,True
Sensor_022,1366,-5043.5,-5618.2721761327375,-4263.280973448028,-6973.263378817447,False,True
Sensor_022,1367,-5547.5,-5618.2721761327375,-4263.280973448028,-6973.263378817447,False,True
Sensor_022,1368,-5294.5,-5618.2721761327375,-4263.280973448028,-6973.263378817447,False,True
Sensor_022,1369,-5259.25,-5618.2721761327375,-4263.280973448028,-6973.263378817447,False,True
Sensor_022,1370,-5395.5,-5618.2721761327375,-4263.280973448028,-6973.263378817447,False,True
Sensor_022,1371,-5573.75,-5618.2721761327375,-4263.280973448028,-6973.263378817447,False,True
Sensor_022,1372,-5487.0,-5618.2721761327375,-4263.280973448028,-6973.263378817447,False,True
Sensor_022,1373,-5364.75,-5618.2721761327375,-4263.280973448028,-6973.263378817447,False,True
Sensor_022,1374,-5464.5,-5618.2721761327375,-4263.280973448028,-6973.263378817447,False,True
Sensor_022,1375,-5362.5,-5618.2721761327375,-4263.280973448028,-6973.263378817447,False,True
Sensor_022,1376,-5378.0,-5618.2721761327375,-4263.280973448028,-6973.263378817447,False,True
Sensor_022,1377,-5339.75,-5618.2721761327375,-4263.280973448028,-6973.263378817447,False,True
Sensor_022,1378,-5492.75,-5618.2721761327375,-4263.280973448028,-6973.263378817447,False,True
Sensor_022,1379,-5342.0,-5618.2721761327375,-4263.280973448028,-6973.263378817447,False,True
Sensor_022,1405,-5429.25,-5618.2721761327375,-4263.280973448028,-6973.263378817447,False,True
Sensor_022,1483,-5405.5,-5618.2721761327375,-4263.280973448028,-6973.263378817447,False,True
Sensor_022,1484,-5175.5,-5618.2721761327375,-4263.280973448028,-6973.263378817447,False,True
Sensor_022,1485,-4821.5,-5618.2721761327375,-4263.280973448028,-6973.263378817447,False,True
Sensor_022,1486,-5552.0,-5618.2721761327375,-4263.280973448028,-6973.263378817447,False,True
Sensor_022,1487,-5393.5,-5618.2721761327375,-4263.280973448028,-6973.263378817447,False,True
Sensor_022,1488,-5304.75,-5618.2721761327375,-4263.280973448028,-6973.263378817447,False,True
Sensor_022,1489,-5475.0,-5618.2721761327375,-4263.280973448028,-6973.263378817447,False,True
Sensor_022,1490,-5591.75,-5618.2721761327375,-4263.280973448028,-6973.263378817447,False,True
Sensor_022,1491,-5592.25,-5618.2721761327375,-4263.280973448028,-6973.263378817447,False,True
Sensor_022,1492,-5394.25,-5618.2721761327375,-4263.280973448028,-6973.263378817447,False,True
Sensor_511,1,141.4365,55.75230561582642,127.39193769104179,-15.887326459388937,True,False
Sensor_511,2,240.7767,55.75230561582642,127.39193769104179,-15.887326459388937,True,False
Sensor_511,4,148.0663,55.75230561582642,127.39193769104179,-15.887326459388937,True,False
Sensor_511,6,159.5238,55.75230561582642,127.39193769104179,-15.887326459388937,True,False
Sensor_511,8,138.5827,55.75230561582642,127.39193769104179,-15.887326459388937,True,True
Sensor_511,9,86.0068,55.75230561582642,127.39193769104179,-15.887326459388937,False,True
Sensor_511,10,87.1111,55.75230561582642,127.39193769104179,-15.887326459388937,False,True
Sensor_511,11,67.9406,55.75230561582642,127.39193769104179,-15.887326459388937,False,True
Sensor_511,12,94.8247,55.75230561582642,127.39193769104179,-15.887326459388937,False,True
Sensor_511,15,263.4538,55.75230561582642,127.39193769104179,-15.887326459388937,True,False
Sensor_511,19,349.2063,55.75230561582642,127.39193769104179,-15.887326459388937,True,False
Sensor_511,38,172.0755,55.75230561582642,127.39193769104179,-15.887326459388937,True,False
Sensor_511,54,200.7117,55.75230561582642,127.39193769104179,-15.887326459388937,True,False
Sensor_511,61,218.1818,55.75230561582642,127.39193769104179,-15.887326459388937,True,False
Sensor_511,72,174.8988,55.75230561582642,127.39193769104179,-15.887326459388937,True,False
Sensor_511,95,65.2361,55.75230561582642,127.39193769104179,-15.887326459388937,False,True
Sensor_511,96,117.8744,55.75230561582642,127.39193769104179,-15.887326459388937,False,True
Sensor_511,97,116.5829,55.75230561582642,127.39193769104179,-15.887326459388937,False,True
Sensor_511,98,100.7557,55.75230561582642,127.39193769104179,-15.887326459388937,False,True
Sensor_511,99,103.3333,55.75230561582642,127.39193769104179,-15.887326459388937,False,True
Sensor_511,110,127.4827,55.75230561582642,127.39193769104179,-15.887326459388937,True,False
Sensor_511,111,151.5152,55.75230561582642,127.39193769104179,-15.887326459388937,True,False
Sensor_511,116,136.9193,55.75230561582642,127.39193769104179,-15.887326459388937,True,False
Sensor_511,120,301.4493,55.75230561582642,127.39193769104179,-15.887326459388937,True,False
Sensor_511,123,243.4783,55.75230561582642,127.39193769104179,-15.887326459388937,True,False
Sensor_511,127,79.661,55.75230561582642,127.39193769104179,-15.887326459388937,False,True
Sensor_511,128,113.0667,55.75230561582642,127.39193769104179,-15.887326459388937,False,True
Sensor_511,129,62.5793,55.75230561582642,127.39193769104179,-15.887326459388937,False,True
Sensor_511,130,89.6861,55.75230561582642,127.39193769104179,-15.887326459388937,False,True
Sensor_511,140,162.3188,55.75230561582642,127.39193769104179,-15.887326459388937,True,False
Sensor_511,148,58.5714,55.75230561582642,127.39193769104179,-15.887326459388937,False,True
Sensor_511,155,142.6901,55.75230561582642,127.39193769104179,-15.887326459388937,True,False
Sensor_511,158,141.0405,55.75230561582642,127.39193769104179,-15.887326459388937,True,True
Sensor_511,159,117.2237,55.75230561582642,127.39193769104179,-15.887326459388937,False,True
Sensor_511,160,97.7778,55.75230561582642,127.39193769104179,-15.887326459388937,False,True
Sensor_511,161,289.6552,55.75230561582642,127.39193769104179,-15.887326459388937,True,True
Sensor_511,162,68.046,55.75230561582642,127.39193769104179,-15.887326459388937,False,True
Sensor_511,163,79.5411,55.75230561582642,127.39193769104179,-15.887326459388937,False,True
Sensor_511,164,63.8037,55.75230561582642,127.39193769104179,-15.887326459388937,False,True
Sensor_511,165,81.106,55.75230561582642,127.39193769104179,-15.887326459388937,False,True
Sensor_511,166,61.5385,55.75230561582642,127.39193769104179,-15.887326459388937,False,True
Sensor_511,167,111.7043,55.75230561582642,127.39193769104179,-15.887326459388937,False,True
Sensor_511,168,93.8462,55.75230561582642,127.39193769104179,-15.887326459388937,False,True
Sensor_511,169,74.1021,55.75230561582642,127.39193769104179,-15.887326459388937,False,True
Sensor_511,170,205.5866,55.75230561582642,127.39193769104179,-15.887326459388937,True,True
Sensor_511,171,147.4201,55.75230561582642,127.39193769104179,-15.887326459388937,True,True
Sensor_511,172,136.0231,55.75230561582642,127.39193769104179,-15.887326459388937,True,True
Sensor_511,173,160.0,55.75230561582642,127.39193769104179,-15.887326459388937,True,True
Sensor_511,174,113.6364,55.75230561582642,127.39193769104179,-15.887326459388937,False,True
Sensor_511,175,252.6316,55.75230561582642,127.39193769104179,-15.887326459388937,True,True
Sensor_511,176,126.9231,55.75230561582642,127.39193769104179,-15.887326459388937,False,True
Sensor_511,184,202.7397,55.75230561582642,127.39193769104179,-15.887326459388937,True,False
Sensor_511,186,74.6667,55.75230561582642,127.39193769104179,-15.887326459388937,False,True
Sensor_511,187,126.8966,55.75230561582642,127.39193769104179,-15.887326459388937,False,True
Sensor_511,188,123.5443,55.75230561582642,127.39193769104179,-15.887326459388937,False,True
Sensor_511,189,171.1628,55.75230561582642,127.39193769104179,-15.887326459388937,True,True
Sensor_511,190,60.1626,55.75230561582642,127.39193769104179,-15.887326459388937,False,True
Sensor_511,191,56.7164,55.75230561582642,127.39193769104179,-15.887326459388937,False,True
Sensor_511,192,101.8182,55.75230561582642,127.39193769104179,-15.887326459388937,False,True
Sensor_511,193,157.377,55.75230561582642,127.39193769104179,-15.887326459388937,True,True
Sensor_511,194,160.4938,55.75230561582642,127.39193769104179,-15.887326459388937,True,True
Sensor_511,195,95.5975,55.75230561582642,127.39193769104179,-15.887326459388937,False,True
Sensor_511,199,150.8046,55.75230561582642,127.39193769104179,-15.887326459388937,True,False
Sensor_511,201,167.2026,55.75230561582642,127.39193769104179,-15.887326459388937,True,False
Sensor_511,211,90.9953,55.75230561582642,127.39193769104179,-15.887326459388937,False,True
Sensor_511,212,65.3846,55.75230561582642,127.39193769104179,-15.887326459388937,False,True
Sensor_511,213,62.3377,55.75230561582642,127.39193769104179,-15.887326459388937,False,True
Sensor_511,214,175.3425,55.75230561582642,127.39193769104179,-15.887326459388937,True,True
Sensor_511,215,92.6503,55.75230561582642,127.39193769104179,-15.887326459388937,False,True
Sensor_511,236,132.5301,55.75230561582642,127.39193769104179,-15.887326459388937,True,False
Sensor_511,238,129.4964,55.75230561582642,127.39193769104179,-15.887326459388937,True,False
Sensor_511,240,400.0,55.75230561582642,127.39193769104179,-15.887326459388937,True,False
Sensor_511,241,149.1124,55.75230561582642,127.39193769104179,-15.887326459388937,True,False
Sensor_511,247,143.2836,55.75230561582642,127.39193769104179,-15.887326459388937,True,False
Sensor_511,248,439.2157,55.75230561582642,127.39193769104179,-15.887326459388937,True,False
Sensor_511,304,136.0996,55.75230561582642,127.39193769104179,-15.887326459388937,True,False
Sensor_511,317,184.3478,55.75230561582642,127.39193769104179,-15.887326459388937,True,False
Sensor_511,345,247.343,55.75230561582642,127.39193769104179,-15.887326459388937,True,False
Sensor_511,394,51.3369,55.75230561582642,127.39193769104179,-15.887326459388937,False,True
Sensor_511,395,26.8344,55.75230561582642,127.39193769104179,-15.887326459388937,False,True
Sensor_511,396,54.3689,55.75230561582642,127.39193769104179,-15.887326459388937,False,True
Sensor_511,397,55.0607,55.75230561582642,127.39193769104179,-15.887326459388937,False,True
Sensor_511,398,52.3977,55.75230561582642,127.39193769104179,-15.887326459388937,False,True
Sensor_511,415,37.8517,55.75230561582642,127.39193769104179,-15.887326459388937,False,True
Sensor_511,416,51.4412,55.75230561582642,127.39193769104179,-15.887326459388937,False,True
Sensor_511,421,174.8072,55.75230561582642,127.39193769104179,-15.887326459388937,True,False
Sensor_511,464,148.9879,55.75230561582642,127.39193769104179,-15.887326459388937,True,False
Sensor_511,484,253.7931,55.75230561582642,127.39193769104179,-15.887326459388937,True,False
Sensor_511,580,451.4851,55.75230561582642,127.39193769104179,-15.887326459388937,True,False
Sensor_511,603,249.711,55.75230561582642,127.39193769104179,-15.887326459388937,True,False
Sensor_511,625,129.0807,55.75230561582642,127.39193769104179,-15.887326459388937,True,False
Sensor_511,634,217.1429,55.75230561582642,127.39193769104179,-15.887326459388937,True,False
Sensor_511,702,196.0199,55.75230561582642,127.39193769104179,-15.887326459388937,True,False
Sensor_511,732,200.823,55.75230561582642,127.39193769104179,-15.887326459388937,True,False
Sensor_511,769,206.2222,55.75230561582642,127.39193769104179,-15.887326459388937,True,False
Sensor_511,843,35.5363,55.75230561582642,127.39193769104179,-15.887326459388937,False,True
Sensor_511,844,30.3318,55.75230561582642,127.39193769104179,-15.887326459388937,False,True
Sensor_511,845,34.4322,55.75230561582642,127.39193769104179,-15.887326459388937,False,True
Sensor_511,846,42.3963,55.75230561582642,127.39193769104179,-15.887326459388937,False,True
Sensor_511,847,51.2418,55.75230561582642,127.39193769104179,-15.887326459388937,False,True
Sensor_511,848,46.3158,55.75230561582642,127.39193769104179,-15.887326459388937,False,True
Sensor_511,849,50.6232,55.75230561582642,127.39193769104179,-15.887326459388937,False,True
Sensor_511,850,38.7824,55.75230561582642,127.39193769104179,-15.887326459388937,False,True
Sensor_511,851,41.6912,55.75230561582642,127.39193769104179,-15.887326459388937,False,True
Sensor_511,852,27.0205,55.75230561582642,127.39193769104179,-15.887326459388937,False,True
Sensor_511,853,24.9541,55.75230561582642,127.39193769104179,-15.887326459388937,False,True
Sensor_511,854,46.6472,55.75230561582642,127.39193769104179,-15.887326459388937,False,True
Sensor_511,883,35.3506,55.75230561582642,127.39193769104179,-15.887326459388937,False,True
Sensor_511,884,23.6735,55.75230561582642,127.39193769104179,-15.887326459388937,False,True
Sensor_511,885,49.1979,55.75230561582642,127.39193769104179,-15.887326459388937,False,True
Sensor_511,886,45.6244,55.75230561582642,127.39193769104179,-15.887326459388937,False,True
Sensor_511,887,44.8065,55.75230561582642,127.39193769104179,-15.887326459388937,False,True
Sensor_511,888,24.2845,55.75230561582642,127.39193769104179,-15.887326459388937,False,True
Sensor_511,889,37.3507,55.75230561582642,127.39193769104179,-15.887326459388937,False,True
Sensor_511,890,28.2139,55.75230561582642,127.39193769104179,-15.887326459388937,False,True
Sensor_511,891,35.3846,55.75230561582642,127.39193769104179,-15.887326459388937,False,True
Sensor_511,892,35.7942,55.75230561582642,127.39193769104179,-15.887326459388937,False,True
Sensor_511,893,31.0536,55.75230561582642,127.39193769104179,-15.887326459388937,False,True
Sensor_511,894,30.9963,55.75230561582642,127.39193769104179,-15.887326459388937,False,True
Sensor_511,895,22.5705,55.75230561582642,127.39193769104179,-15.887326459388937,False,True
Sensor_511,913,17.0758,55.75230561582642,127.39193769104179,-15.887326459388937,False,True
Sensor_511,914,35.3266,55.75230561582642,127.39193769104179,-15.887326459388937,False,True
Sensor_511,915,52.6708,55.75230561582642,127.39193769104179,-15.887326459388937,False,True
Sensor_511,916,30.9051,55.75230561582642,127.39193769104179,-15.887326459388937,False,True
Sensor_511,917,45.1193,55.75230561582642,127.39193769104179,-15.887326459388937,False,True
Sensor_511,918,42.4178,55.75230561582642,127.39193769104179,-15.887326459388937,False,True
Sensor_511,919,36.534,55.75230561582642,127.39193769104179,-15.887326459388937,False,True
Sensor_511,920,49.6063,55.75230561582642,127.39193769104179,-15.887326459388937,False,True
Sensor_511,921,39.005,55.75230561582642,127.39193769104179,-15.887326459388937,False,True
Sensor_511,922,45.9364,55.75230561582642,127.39193769104179,-15.887326459388937,False,True
Sensor_511,923,36.3151,55.75230561582642,127.39193769104179,-15.887326459388937,False,True
Sensor_511,953,40.423,55.75230561582642,127.39193769104179,-15.887326459388937,False,True
Sensor_511,954,14.1454,55.75230561582642,127.39193769104179,-15.887326459388937,False,True
Sensor_511,955,31.8725,55.75230561582642,127.39193769104179,-15.887326459388937,False,True
Sensor_511,956,47.8016,55.75230561582642,127.39193769104179,-15.887326459388937,False,True
Sensor_511,957,34.3096,55.75230561582642,127.39193769104179,-15.887326459388937,False,True
Sensor_511,958,37.7649,55.75230561582642,127.39193769104179,-15.887326459388937,False,True
Sensor_511,959,33.9623,55.75230561582642,127.39193769104179,-15.887326459388937,False,True
Sensor_511,960,38.1798,55.75230561582642,127.39193769104179,-15.887326459388937,False,True
Sensor_511,961,51.0451,55.75230561582642,127.39193769104179,-15.887326459388937,False,True
Sensor_511,962,46.7991,55.75230561582642,127.39193769104179,-15.887326459388937,False,True
Sensor_511,963,32.9502,55.75230561582642,127.39193769104179,-15.887326459388937,False,True
Sensor_511,964,53.211,55.75230561582642,127.39193769104179,-15.887326459388937,False,True
Sensor_511,965,42.3645,55.75230561582642,127.39193769104179,-15.887326459388937,False,True
Sensor_511,966,50.7104,55.75230561582642,127.39193769104179,-15.887326459388937,False,True
Sensor_511,967,47.9042,55.75230561582642,127.39193769104179,-15.887326459388937,False,True
Sensor_511,968,32.8205,55.75230561582642,127.39193769104179,-15.887326459388937,False,True
Sensor_511,969,19.1126,55.75230561582642,127.39193769104179,-15.887326459388937,False,True
Sensor_511,970,19.2192,55.75230561582642,127.39193769104179,-15.887326459388937,False,True
Sensor_511,971,51.5188,55.75230561582642,127.39193769104179,-15.887326459388937,False,True
Sensor_511,972,20.7207,55.75230561582642,127.39193769104179,-15.887326459388937,False,True
Sensor_511,973,22.6562,55.75230561582642,127.39193769104179,-15.887326459388937,False,True
Sensor_511,974,37.3396,55.75230561582642,127.39193769104179,-15.887326459388937,False,True
Sensor_511,998,204.5307,55.75230561582642,127.39193769104179,-15.887326459388937,True,False
Sensor_511,1039,27.464,55.75230561582642,127.39193769104179,-15.887326459388937,False,True
Sensor_511,1040,39.708,55.75230561582642,127.39193769104179,-15.887326459388937,False,True
Sensor_511,1041,38.6617,55.75230561582642,127.39193769104179,-15.887326459388937,False,True
Sensor_511,1042,32.9614,55.75230561582642,127.39193769104179,-15.887326459388937,False,True
Sensor_511,1043,26.5836,55.75230561582642,127.39193769104179,-15.887326459388937,False,True
Sensor_511,1060,30.2976,55.75230561582642,127.39193769104179,-15.887326459388937,False,True
Sensor_511,1061,19.0476,55.75230561582642,127.39193769104179,-15.887326459388937,False,True
Sensor_511,1062,38.9189,55.75230561582642,127.39193769104179,-15.887326459388937,False,True
Sensor_511,1075,19.6118,55.75230561582642,127.39193769104179,-15.887326459388937,False,True
Sensor_511,1076,43.7557,55.75230561582642,127.39193769104179,-15.887326459388937,False,True
Sensor_511,1077,21.6008,55.75230561582642,127.39193769104179,-15.887326459388937,False,True
Sensor_511,1078,25.3365,55.75230561582642,127.39193769104179,-15.887326459388937,False,True
Sensor_511,1079,37.032,55.75230561582642,127.39193769104179,-15.887326459388937,False,True
Sensor_511,1080,26.455,55.75230561582642,127.39193769104179,-15.887326459388937,False,True
Sensor_511,1081,35.122,55.75230561582642,127.39193769104179,-15.887326459388937,False,True
Sensor_511,1082,45.4115,55.75230561582642,127.39193769104179,-15.887326459388937,False,True
Sensor_511,1124,221.6216,55.75230561582642,127.39193769104179,-15.887326459388937,True,False
Sensor_511,1142,38.6473,55.75230561582642,127.39193769104179,-15.887326459388937,False,True
Sensor_511,1143,34.0852,55.75230561582642,127.39193769104179,-15.887326459388937,False,True
Sensor_511,1144,53.5059,55.75230561582642,127.39193769104179,-15.887326459388937,False,True
Sensor_511,1145,39.0033,55.75230561582642,127.39193769104179,-15.887326459388937,False,True
Sensor_511,1146,26.1937,55.75230561582642,127.39193769104179,-15.887326459388937,False,True
Sensor_511,1170,27.758,55.75230561582642,127.39193769104179,-15.887326459388937,False,True
Sensor_511,1171,54.9865,55.75230561582642,127.39193769104179,-15.887326459388937,False,True
Sensor_511,1172,20.4255,55.75230561582642,127.39193769104179,-15.887326459388937,False,True
Sensor_511,1191,37.0299,55.75230561582642,127.39193769104179,-15.887326459388937,False,True
Sensor_511,1192,35.1145,55.75230561582642,127.39193769104179,-15.887326459388937,False,True
Sensor_511,1227,210.596,55.75230561582642,127.39193769104179,-15.887326459388937,True,False
Sensor_511,1277,38.6813,55.75230561582642,127.39193769104179,-15.887326459388937,False,True
Sensor_511,1278,136.9193,55.75230561582642,127.39193769104179,-15.887326459388937,True,False
Sensor_511,1344,32.9718,55.75230561582642,127.39193769104179,-15.887326459388937,False,True
Sensor_511,1345,48.4048,55.75230561582642,127.39193769104179,-15.887326459388937,False,True
Sensor_511,1346,54.8223,55.75230561582642,127.39193769104179,-15.887326459388937,False,True
Sensor_511,1358,31.9202,55.75230561582642,127.39193769104179,-15.887326459388937,False,True
Sensor_511,1359,53.5032,55.75230561582642,127.39193769104179,-15.887326459388937,False,True
Sensor_511,1360,51.5254,55.75230561582642,127.39193769104179,-15.887326459388937,False,True
Sensor_511,1361,26.4901,55.75230561582642,127.39193769104179,-15.887326459388937,False,True
Sensor_511,1362,25.4882,55.75230561582642,127.39193769104179,-15.887326459388937,False,True
Sensor_511,1372,53.584,55.75230561582642,127.39193769104179,-15.887326459388937,False,True
Sensor_511,1373,38.8215,55.75230561582642,127.39193769104179,-15.887326459388937,False,True
Sensor_511,1374,50.8728,55.75230561582642,127.39193769104179,-15.887326459388937,False,True
Sensor_511,1375,45.0512,55.75230561582642,127.39193769104179,-15.887326459388937,False,True
Sensor_511,1376,25.5591,55.75230561582642,127.39193769104179,-15.887326459388937,False,True
Sensor_511,1377,35.4481,55.75230561582642,127.39193769104179,-15.887326459388937,False,True
Sensor_511,1416,28.3114,55.75230561582642,127.39193769104179,-15.887326459388937,False,True
Sensor_511,1431,44.8845,55.75230561582642,127.39193769104179,-15.887326459388937,False,True
Sensor_511,1432,39.604,55.75230561582642,127.39193769104179,-15.887326459388937,False,True
Sensor_511,1433,29.8507,55.75230561582642,127.39193769104179,-15.887326459388937,False,True
Sensor_511,1443,36.9942,55.75230561582642,127.39193769104179,-15.887326459388937,False,True
Sensor_511,1444,174.0988,55.75230561582642,127.39193769104179,-15.887326459388937,True,False
Sensor_511,1453,24.2669,55.75230561582642,127.39193769104179,-15.887326459388937,False,True
Sensor_511,1454,29.9137,55.75230561582642,127.39193769104179,-15.887326459388937,False,True
Sensor_511,1455,33.4786,55.75230561582642,127.39193769104179,-15.887326459388937,False,True
Sensor_511,1456,39.8804,55.75230561582642,127.39193769104179,-15.887326459388937,False,True
Sensor_511,1457,36.4312,55.75230561582642,127.39193769104179,-15.887326459388937,False,True
Sensor_511,1458,30.727,55.75230561582642,127.39193769104179,-15.887326459388937,False,True
Sensor_511,1459,41.4734,55.75230561582642,127.39193769104179,-15.887326459388937,False,True
Sensor_511,1469,27.8884,55.75230561582642,127.39193769104179,-15.887326459388937,False,True
Sensor_511,1470,29.2027,55.75230561582642,127.39193769104179,-15.887326459388937,False,True
Sensor_511,1471,30.1288,55.75230561582642,127.39193769104179,-15.887326459388937,False,True
Sensor_511,1472,52.4053,55.75230561582642,127.39193769104179,-15.887326459388937,False,True
Sensor_511,1473,36.5442,55.75230561582642,127.39193769104179,-15.887326459388937,False,True
Sensor_511,1474,54.7804,55.75230561582642,127.39193769104179,-15.887326459388937,False,True
Sensor_511,1475,54.4651,55.75230561582642,127.39193769104179,-15.887326459388937,False,True
Sensor_511,1476,23.3364,55.75230561582642,127.39193769104179,-15.887326459388937,False,True
Sensor_511,1503,24.948,55.75230561582642,127.39193769104179,-15.887326459388937,False,True
Sensor_511,1513,42.0499,55.75230561582642,127.39193769104179,-15.887326459388937,False,True
Sensor_511,1514,31.8091,55.75230561582642,127.39193769104179,-15.887326459388937,False,True
Sensor_511,1515,40.0,55.75230561582642,127.39193769104179,-15.887326459388937,False,True
Sensor_511,1516,36.0287,55.75230561582642,127.39193769104179,-15.887326459388937,False,True
Sensor_511,1517,49.0296,55.75230561582642,127.39193769104179,-15.887326459388937,False,True
Sensor_511,1518,38.7824,55.75230561582642,127.39193769104179,-15.887326459388937,False,True
Sensor_511,1519,244.2748,55.75230561582642,127.39193769104179,-15.887326459388937,True,False
Sensor_511,1529,21.646,55.75230561582642,127.39193769104179,-15.887326459388937,False,True
Sensor_511,1530,35.9788,55.75230561582642,127.39193769104179,-15.887326459388937,False,True
Sensor_511,1531,43.2184,55.75230561582642,127.39193769104179,-15.887326459388937,False,True
Sensor_511,1532,32.7185,55.75230561582642,127.39193769104179,-15.887326459388937,False,True
Sensor_511,1533,29.8795,55.75230561582642,127.39193769104179,-15.887326459388937,False,True
Sensor_511,1534,32.4723,55.75230561582642,127.39193769104179,-15.887326459388937,False,True
Sensor_511,1535,27.0153,55.75230561582642,127.39193769104179,-15.887326459388937,False,True
Sensor_511,1545,44.0831,55.75230561582642,127.39193769104179,-15.887326459388937,False,True
Sensor_511,1546,37.684,55.75230561582642,127.39193769104179,-15.887326459388937,False,True
Sensor_511,1547,30.0107,55.75230561582642,127.39193769104179,-15.887326459388937,False,True
Sensor_511,1548,35.094,55.75230561582642,127.39193769104179,-15.887326459388937,False,True
Sensor_511,1549,31.7101,55.75230561582642,127.39193769104179,-15.887326459388937,False,True
Sensor_511,1550,42.1053,55.75230561582642,127.39193769104179,-15.887326459388937,False,True
Sensor_511,1551,36.715,55.75230561582642,127.39193769104179,-15.887326459388937,False,True
Sensor_511,1552,40.0932,55.75230561582642,127.39193769104179,-15.887326459388937,False,True
Sensor_511,1553,37.4312,55.75230561582642,127.39193769104179,-15.887326459388937,False,True
Sensor_511,1554,46.022,55.75230561582642,127.39193769104179,-15.887326459388937,False,True
Sensor_511,1555,21.9931,55.75230561582642,127.39193769104179,-15.887326459388937,False,True
Sensor_511,1556,46.6586,55.75230561582642,127.39193769104179,-15.887326459388937,False,True
Sensor_511,1557,55.4855,55.75230561582642,127.39193769104179,-15.887326459388937,False,True
Sensor_511,1558,44.9761,55.75230561582642,127.39193769104179,-15.887326459388937,False,True
Sensor_125,3,15.59,15.794620293554562,15.963654423061913,15.625586164047212,True,False
Sensor_125,19,15.84,15.794620293554562,15.963654423061913,15.625586164047212,False,True
Sensor_125,20,15.84,15.794620293554562,15.963654423061913,15.625586164047212,False,True
Sensor_125,21,15.84,15.794620293554562,15.963654423061913,15.625586164047212,False,True
Sensor_125,22,15.88,15.794620293554562,15.963654423061913,15.625586164047212,False,True
Sensor_125,23,16.03,15.794620293554562,15.963654423061913,15.625586164047212,True,True
Sensor_125,25,16.01,15.794620293554562,15.963654423061913,15.625586164047212,True,False
Sensor_125,26,16.01,15.794620293554562,15.963654423061913,15.625586164047212,True,False
Sensor_125,27,16.05,15.794620293554562,15.963654423061913,15.625586164047212,True,False
Sensor_125,28,16.01,15.794620293554562,15.963654423061913,15.625586164047212,True,False
Sensor_125,30,16.05,15.794620293554562,15.963654423061913,15.625586164047212,True,False
Sensor_125,31,16.01,15.794620293554562,15.963654423061913,15.625586164047212,True,False
Sensor_125,33,15.87,15.794620293554562,15.963654423061913,15.625586164047212,False,True
Sensor_125,34,15.93,15.794620293554562,15.963654423061913,15.625586164047212,False,True
Sensor_125,35,15.87,15.794620293554562,15.963654423061913,15.625586164047212,False,True
Sensor_125,36,15.93,15.794620293554562,15.963654423061913,15.625586164047212,False,True
Sensor_125,37,15.93,15.794620293554562,15.963654423061913,15.625586164047212,False,True
Sensor_125,38,15.93,15.794620293554562,15.963654423061913,15.625586164047212,False,True
Sensor_125,39,15.96,15.794620293554562,15.963654423061913,15.625586164047212,False,True
Sensor_125,40,15.93,15.794620293554562,15.963654423061913,15.625586164047212,False,True
Sensor_125,41,15.87,15.794620293554562,15.963654423061913,15.625586164047212,False,True
Sensor_125,42,15.87,15.794620293554562,15.963654423061913,15.625586164047212,False,True
Sensor_125,43,16.1,15.794620293554562,15.963654423061913,15.625586164047212,True,True
Sensor_125,44,15.83,15.794620293554562,15.963654423061913,15.625586164047212,False,True
Sensor_125,45,15.83,15.794620293554562,15.963654423061913,15.625586164047212,False,True
Sensor_125,46,15.9,15.794620293554562,15.963654423061913,15.625586164047212,False,True
Sensor_125,47,15.9,15.794620293554562,15.963654423061913,15.625586164047212,False,True
Sensor_125,48,15.96,15.794620293554562,15.963654423061913,15.625586164047212,False,True
Sensor_125,49,15.83,15.794620293554562,15.963654423061913,15.625586164047212,False,True
Sensor_125,50,15.83,15.794620293554562,15.963654423061913,15.625586164047212,False,True
Sensor_125,51,15.82,15.794620293554562,15.963654423061913,15.625586164047212,False,True
Sensor_125,52,15.82,15.794620293554562,15.963654423061913,15.625586164047212,False,True
Sensor_125,53,15.9,15.794620293554562,15.963654423061913,15.625586164047212,False,True
Sensor_125,54,15.9,15.794620293554562,15.963654423061913,15.625586164047212,False,True
Sensor_125,55,15.9,15.794620293554562,15.963654423061913,15.625586164047212,False,True
Sensor_125,56,15.81,15.794620293554562,15.963654423061913,15.625586164047212,False,True
Sensor_125,57,15.82,15.794620293554562,15.963654423061913,15.625586164047212,False,True
Sensor_125,105,15.74,15.794620293554562,15.963654423061913,15.625586164047212,False,True
Sensor_125,106,15.68,15.794620293554562,15.963654423061913,15.625586164047212,False,True
Sensor_125,107,15.68,15.794620293554562,15.963654423061913,15.625586164047212,False,True
Sensor_125,108,15.68,15.794620293554562,15.963654423061913,15.625586164047212,False,True
Sensor_125,109,15.76,15.794620293554562,15.963654423061913,15.625586164047212,False,True
Sensor_125,110,15.64,15.794620293554562,15.963654423061913,15.625586164047212,False,True
Sensor_125,111,15.76,15.794620293554562,15.963654423061913,15.625586164047212,False,True
Sensor_125,112,15.74,15.794620293554562,15.963654423061913,15.625586164047212,False,True
Sensor_125,113,15.64,15.794620293554562,15.963654423061913,15.625586164047212,False,True
Sensor_125,114,15.76,15.794620293554562,15.963654423061913,15.625586164047212,False,True
Sensor_125,115,15.74,15.794620293554562,15.963654423061913,15.625586164047212,False,True
Sensor_125,116,15.76,15.794620293554562,15.963654423061913,15.625586164047212,False,True
Sensor_125,117,15.64,15.794620293554562,15.963654423061913,15.625586164047212,False,True
Sensor_125,118,15.74,15.794620293554562,15.963654423061913,15.625586164047212,False,True
Sensor_125,119,15.73,15.794620293554562,15.963654423061913,15.625586164047212,False,True
Sensor_125,120,15.65,15.794620293554562,15.963654423061913,15.625586164047212,False,True
Sensor_125,121,15.64,15.794620293554562,15.963654423061913,15.625586164047212,False,True
Sensor_125,210,15.91,15.794620293554562,15.963654423061913,15.625586164047212,False,True
Sensor_125,211,15.87,15.794620293554562,15.963654423061913,15.625586164047212,False,True
Sensor_125,212,15.91,15.794620293554562,15.963654423061913,15.625586164047212,False,True
Sensor_125,213,15.96,15.794620293554562,15.963654423061913,15.625586164047212,False,True
Sensor_125,214,15.96,15.794620293554562,15.963654423061913,15.625586164047212,False,True
Sensor_125,215,15.96,15.794620293554562,15.963654423061913,15.625586164047212,False,True
Sensor_125,216,15.96,15.794620293554562,15.963654423061913,15.625586164047212,False,True
Sensor_125,217,15.96,15.794620293554562,15.963654423061913,15.625586164047212,False,True
Sensor_125,218,15.91,15.794620293554562,15.963654423061913,15.625586164047212,False,True
Sensor_125,219,15.83,15.794620293554562,15.963654423061913,15.625586164047212,False,True
Sensor_125,220,15.83,15.794620293554562,15.963654423061913,15.625586164047212,False,True
Sensor_125,221,15.83,15.794620293554562,15.963654423061913,15.625586164047212,False,True
Sensor_125,222,15.96,15.794620293554562,15.963654423061913,15.625586164047212,False,True
Sensor_125,223,15.83,15.794620293554562,15.963654423061913,15.625586164047212,False,True
Sensor_125,224,15.83,15.794620293554562,15.963654423061913,15.625586164047212,False,True
Sensor_125,225,15.83,15.794620293554562,15.963654423061913,15.625586164047212,False,True
Sensor_125,226,15.83,15.794620293554562,15.963654423061913,15.625586164047212,False,True
Sensor_125,227,15.83,15.794620293554562,15.963654423061913,15.625586164047212,False,True
Sensor_125,228,15.83,15.794620293554562,15.963654423061913,15.625586164047212,False,True
Sensor_125,229,15.83,15.794620293554562,15.963654423061913,15.625586164047212,False,True
Sensor_125,230,15.83,15.794620293554562,15.963654423061913,15.625586164047212,False,True
Sensor_125,231,15.83,15.794620293554562,15.963654423061913,15.625586164047212,False,True
Sensor_125,232,15.83,15.794620293554562,15.963654423061913,15.625586164047212,False,True
Sensor_125,233,15.83,15.794620293554562,15.963654423061913,15.625586164047212,False,True
Sensor_125,234,15.82,15.794620293554562,15.963654423061913,15.625586164047212,False,True
Sensor_125,235,15.82,15.794620293554562,15.963654423061913,15.625586164047212,False,True
Sensor_125,236,15.83,15.794620293554562,15.963654423061913,15.625586164047212,False,True
Sensor_125,278,15.82,15.794620293554562,15.963654423061913,15.625586164047212,False,True
Sensor_125,279,15.85,15.794620293554562,15.963654423061913,15.625586164047212,False,True
Sensor_125,280,15.82,15.794620293554562,15.963654423061913,15.625586164047212,False,True
Sensor_125,281,15.82,15.794620293554562,15.963654423061913,15.625586164047212,False,True
Sensor_125,282,15.85,15.794620293554562,15.963654423061913,15.625586164047212,False,True
Sensor_125,283,15.85,15.794620293554562,15.963654423061913,15.625586164047212,False,True
Sensor_125,284,15.9,15.794620293554562,15.963654423061913,15.625586164047212,False,True
Sensor_125,285,15.9,15.794620293554562,15.963654423061913,15.625586164047212,False,True
Sensor_125,286,15.85,15.794620293554562,15.963654423061913,15.625586164047212,False,True
Sensor_125,287,15.9,15.794620293554562,15.963654423061913,15.625586164047212,False,True
Sensor_125,288,15.85,15.794620293554562,15.963654423061913,15.625586164047212,False,True
Sensor_125,289,15.84,15.794620293554562,15.963654423061913,15.625586164047212,False,True
Sensor_125,290,15.85,15.794620293554562,15.963654423061913,15.625586164047212,False,True
Sensor_125,291,15.85,15.794620293554562,15.963654423061913,15.625586164047212,False,True
Sensor_125,292,15.85,15.794620293554562,15.963654423061913,15.625586164047212,False,True
Sensor_125,293,15.87,15.794620293554562,15.963654423061913,15.625586164047212,False,True
Sensor_125,294,15.85,15.794620293554562,15.963654423061913,15.625586164047212,False,True
Sensor_125,295,15.87,15.794620293554562,15.963654423061913,15.625586164047212,False,True
Sensor_125,296,15.9,15.794620293554562,15.963654423061913,15.625586164047212,False,True
Sensor_125,297,15.9,15.794620293554562,15.963654423061913,15.625586164047212,False,True
Sensor_125,298,15.87,15.794620293554562,15.963654423061913,15.625586164047212,False,True
Sensor_125,308,15.8,15.794620293554562,15.963654423061913,15.625586164047212,False,True
Sensor_125,309,15.84,15.794620293554562,15.963654423061913,15.625586164047212,False,True
Sensor_125,310,15.87,15.794620293554562,15.963654423061913,15.625586164047212,False,True
Sensor_125,311,15.92,15.794620293554562,15.963654423061913,15.625586164047212,False,True
Sensor_125,312,15.88,15.794620293554562,15.963654423061913,15.625586164047212,False,True
Sensor_125,313,15.88,15.794620293554562,15.963654423061913,15.625586164047212,False,True
Sensor_125,314,15.88,15.794620293554562,15.963654423061913,15.625586164047212,False,True
Sensor_125,315,15.88,15.794620293554562,15.963654423061913,15.625586164047212,False,True
Sensor_125,430,15.88,15.794620293554562,15.963654423061913,15.625586164047212,False,True
Sensor_125,431,15.88,15.794620293554562,15.963654423061913,15.625586164047212,False,True
Sensor_125,432,15.85,15.794620293554562,15.963654423061913,15.625586164047212,False,True
Sensor_125,433,15.85,15.794620293554562,15.963654423061913,15.625586164047212,False,True
Sensor_125,434,15.85,15.794620293554562,15.963654423061913,15.625586164047212,False,True
Sensor_125,435,15.85,15.794620293554562,15.963654423061913,15.625586164047212,False,True
Sensor_125,436,15.85,15.794620293554562,15.963654423061913,15.625586164047212,False,True
Sensor_125,464,15.74,15.794620293554562,15.963654423061913,15.625586164047212,False,True
Sensor_125,465,15.75,15.794620293554562,15.963654423061913,15.625586164047212,False,True
Sensor_125,466,15.74,15.794620293554562,15.963654423061913,15.625586164047212,False,True
Sensor_125,467,15.75,15.794620293554562,15.963654423061913,15.625586164047212,False,True
Sensor_125,477,15.77,15.794620293554562,15.963654423061913,15.625586164047212,False,True
Sensor_125,478,15.78,15.794620293554562,15.963654423061913,15.625586164047212,False,True
Sensor_125,479,15.69,15.794620293554562,15.963654423061913,15.625586164047212,False,True
Sensor_125,499,15.99,15.794620293554562,15.963654423061913,15.625586164047212,True,False
Sensor_125,500,15.99,15.794620293554562,15.963654423061913,15.625586164047212,True,False
Sensor_125,502,15.99,15.794620293554562,15.963654423061913,15.625586164047212,True,False
Sensor_125,503,15.99,15.794620293554562,15.963654423061913,15.625586164047212,True,False
Sensor_125,504,15.99,15.794620293554562,15.963654423061913,15.625586164047212,True,False
Sensor_125,506,15.99,15.794620293554562,15.963654423061913,15.625586164047212,True,False
Sensor_125,507,15.99,15.794620293554562,15.963654423061913,15.625586164047212,True,False
Sensor_125,508,15.99,15.794620293554562,15.963654423061913,15.625586164047212,True,False
Sensor_125,509,15.99,15.794620293554562,15.963654423061913,15.625586164047212,True,False
Sensor_125,512,15.99,15.794620293554562,15.963654423061913,15.625586164047212,True,False
Sensor_125,514,15.99,15.794620293554562,15.963654423061913,15.625586164047212,True,False
Sensor_125,515,15.99,15.794620293554562,15.963654423061913,15.625586164047212,True,False
Sensor_125,518,15.99,15.794620293554562,15.963654423061913,15.625586164047212,True,False
Sensor_125,519,15.91,15.794620293554562,15.963654423061913,15.625586164047212,False,True
Sensor_125,520,15.91,15.794620293554562,15.963654423061913,15.625586164047212,False,True
Sensor_125,521,15.99,15.794620293554562,15.963654423061913,15.625586164047212,True,True
Sensor_125,522,15.99,15.794620293554562,15.963654423061913,15.625586164047212,True,True
Sensor_125,523,15.91,15.794620293554562,15.963654423061913,15.625586164047212,False,True
Sensor_125,524,15.9,15.794620293554562,15.963654423061913,15.625586164047212,False,True
Sensor_125,525,15.99,15.794620293554562,15.963654423061913,15.625586164047212,True,True
Sensor_125,526,15.91,15.794620293554562,15.963654423061913,15.625586164047212,False,True
Sensor_125,527,15.9,15.794620293554562,15.963654423061913,15.625586164047212,False,True
Sensor_125,528,15.91,15.794620293554562,15.963654423061913,15.625586164047212,False,True
Sensor_125,529,15.9,15.794620293554562,15.963654423061913,15.625586164047212,False,True
Sensor_125,530,15.99,15.794620293554562,15.963654423061913,15.625586164047212,True,True
Sensor_125,531,15.9,15.794620293554562,15.963654423061913,15.625586164047212,False,True
Sensor_125,532,15.9,15.794620293554562,15.963654423061913,15.625586164047212,False,True
Sensor_125,533,15.89,15.794620293554562,15.963654423061913,15.625586164047212,False,True
Sensor_125,534,15.91,15.794620293554562,15.963654423061913,15.625586164047212,False,True
Sensor_125,535,15.89,15.794620293554562,15.963654423061913,15.625586164047212,False,True
Sensor_125,536,15.99,15.794620293554562,15.963654423061913,15.625586164047212,True,True
Sensor_125,537,15.89,15.794620293554562,15.963654423061913,15.625586164047212,False,True
Sensor_125,538,15.93,15.794620293554562,15.963654423061913,15.625586164047212,False,True
Sensor_125,539,15.91,15.794620293554562,15.963654423061913,15.625586164047212,False,True
Sensor_125,540,15.9,15.794620293554562,15.963654423061913,15.625586164047212,False,True
Sensor_125,541,15.9,15.794620293554562,15.963654423061913,15.625586164047212,False,True
Sensor_125,542,15.89,15.794620293554562,15.963654423061913,15.625586164047212,False,True
Sensor_125,543,15.91,15.794620293554562,15.963654423061913,15.625586164047212,False,True
Sensor_125,544,15.95,15.794620293554562,15.963654423061913,15.625586164047212,False,True
Sensor_125,545,15.96,15.794620293554562,15.963654423061913,15.625586164047212,False,True
Sensor_125,546,15.95,15.794620293554562,15.963654423061913,15.625586164047212,False,True
Sensor_125,547,15.96,15.794620293554562,15.963654423061913,15.625586164047212,False,True
Sensor_125,548,15.96,15.794620293554562,15.963654423061913,15.625586164047212,False,True
Sensor_125,549,15.96,15.794620293554562,15.963654423061913,15.625586164047212,False,True
Sensor_125,550,15.91,15.794620293554562,15.963654423061913,15.625586164047212,False,True
Sensor_125,551,15.95,15.794620293554562,15.963654423061913,15.625586164047212,False,True
Sensor_125,552,15.96,15.794620293554562,15.963654423061913,15.625586164047212,False,True
Sensor_125,553,15.96,15.794620293554562,15.963654423061913,15.625586164047212,False,True
Sensor_125,554,15.95,15.794620293554562,15.963654423061913,15.625586164047212,False,True
Sensor_125,555,15.99,15.794620293554562,15.963654423061913,15.625586164047212,True,True
Sensor_125,556,15.96,15.794620293554562,15.963654423061913,15.625586164047212,False,True
Sensor_125,557,15.99,15.794620293554562,15.963654423061913,15.625586164047212,True,True
Sensor_125,558,15.97,15.794620293554562,15.963654423061913,15.625586164047212,True,True
Sensor_125,559,15.96,15.794620293554562,15.963654423061913,15.625586164047212,False,True
Sensor_125,560,15.97,15.794620293554562,15.963654423061913,15.625586164047212,True,True
Sensor_125,561,15.95,15.794620293554562,15.963654423061913,15.625586164047212,False,True
Sensor_125,562,15.95,15.794620293554562,15.963654423061913,15.625586164047212,False,True
Sensor_125,563,15.99,15.794620293554562,15.963654423061913,15.625586164047212,True,True
Sensor_125,564,15.95,15.794620293554562,15.963654423061913,15.625586164047212,False,True
Sensor_125,565,15.96,15.794620293554562,15.963654423061913,15.625586164047212,False,True
Sensor_125,567,15.97,15.794620293554562,15.963654423061913,15.625586164047212,True,False
Sensor_125,575,15.97,15.794620293554562,15.963654423061913,15.625586164047212,True,False
Sensor_125,576,15.99,15.794620293554562,15.963654423061913,15.625586164047212,True,False
Sensor_125,579,15.97,15.794620293554562,15.963654423061913,15.625586164047212,True,False
Sensor_125,582,15.97,15.794620293554562,15.963654423061913,15.625586164047212,True,False
Sensor_125,584,15.98,15.794620293554562,15.963654423061913,15.625586164047212,True,False
Sensor_125,585,15.98,15.794620293554562,15.963654423061913,15.625586164047212,True,False
Sensor_125,590,15.98,15.794620293554562,15.963654423061913,15.625586164047212,True,True
Sensor_125,591,15.89,15.794620293554562,15.963654423061913,15.625586164047212,False,True
Sensor_125,592,15.83,15.794620293554562,15.963654423061913,15.625586164047212,False,True
Sensor_125,595,15.97,15.794620293554562,15.963654423061913,15.625586164047212,True,False
Sensor_125,596,15.97,15.794620293554562,15.963654423061913,15.625586164047212,True,False
Sensor_125,597,15.98,15.794620293554562,15.963654423061913,15.625586164047212,True,False
Sensor_125,598,15.97,15.794620293554562,15.963654423061913,15.625586164047212,True,False
Sensor_125,601,15.97,15.794620293554562,15.963654423061913,15.625586164047212,True,False
Sensor_125,602,15.99,15.794620293554562,15.963654423061913,15.625586164047212,True,True
Sensor_125,603,15.94,15.794620293554562,15.963654423061913,15.625586164047212,False,True
Sensor_125,604,15.94,15.794620293554562,15.963654423061913,15.625586164047212,False,True
Sensor_125,605,15.99,15.794620293554562,15.963654423061913,15.625586164047212,True,True
Sensor_125,606,15.94,15.794620293554562,15.963654423061913,15.625586164047212,False,True
Sensor_125,607,15.94,15.794620293554562,15.963654423061913,15.625586164047212,False,True
Sensor_125,608,15.94,15.794620293554562,15.963654423061913,15.625586164047212,False,True
Sensor_125,609,15.99,15.794620293554562,15.963654423061913,15.625586164047212,True,True
Sensor_125,610,15.94,15.794620293554562,15.963654423061913,15.625586164047212,False,True
Sensor_125,611,15.98,15.794620293554562,15.963654423061913,15.625586164047212,True,True
Sensor_125,612,16.01,15.794620293554562,15.963654423061913,15.625586164047212,True,True
Sensor_125,613,16.01,15.794620293554562,15.963654423061913,15.625586164047212,True,True
Sensor_125,614,16.04,15.794620293554562,15.963654423061913,15.625586164047212,True,True
Sensor_125,616,16.04,15.794620293554562,15.963654423061913,15.625586164047212,True,False
Sensor_125,617,16.01,15.794620293554562,15.963654423061913,15.625586164047212,True,False
Sensor_125,618,16.04,15.794620293554562,15.963654423061913,15.625586164047212,True,False
Sensor_125,619,16.04,15.794620293554562,15.963654423061913,15.625586164047212,True,False
Sensor_125,620,16.04,15.794620293554562,15.963654423061913,15.625586164047212,True,False
Sensor_125,621,16.04,15.794620293554562,15.963654423061913,15.625586164047212,True,False
Sensor_125,622,15.97,15.794620293554562,15.963654423061913,15.625586164047212,True,False
Sensor_125,624,15.97,15.794620293554562,15.963654423061913,15.625586164047212,True,False
Sensor_125,625,16.02,15.794620293554562,15.963654423061913,15.625586164047212,True,False
Sensor_125,626,15.97,15.794620293554562,15.963654423061913,15.625586164047212,True,False
Sensor_125,627,16.02,15.794620293554562,15.963654423061913,15.625586164047212,True,False
Sensor_125,628,15.98,15.794620293554562,15.963654423061913,15.625586164047212,True,False
Sensor_125,629,15.97,15.794620293554562,15.963654423061913,15.625586164047212,True,False
Sensor_125,630,16.02,15.794620293554562,15.963654423061913,15.625586164047212,True,False
Sensor_125,632,16.02,15.794620293554562,15.963654423061913,15.625586164047212,True,False
Sensor_125,633,16.02,15.794620293554562,15.963654423061913,15.625586164047212,True,False
Sensor_125,634,15.99,15.794620293554562,15.963654423061913,15.625586164047212,True,False
Sensor_125,635,16.02,15.794620293554562,15.963654423061913,15.625586164047212,True,False
Sensor_125,636,16.02,15.794620293554562,15.963654423061913,15.625586164047212,True,False
Sensor_125,637,15.97,15.794620293554562,15.963654423061913,15.625586164047212,True,False
Sensor_125,638,15.98,15.794620293554562,15.963654423061913,15.625586164047212,True,False
Sensor_125,639,15.97,15.794620293554562,15.963654423061913,15.625586164047212,True,False
Sensor_125,640,15.97,15.794620293554562,15.963654423061913,15.625586164047212,True,True
Sensor_125,641,15.95,15.794620293554562,15.963654423061913,15.625586164047212,False,True
Sensor_125,642,15.97,15.794620293554562,15.963654423061913,15.625586164047212,True,True
Sensor_125,643,15.98,15.794620293554562,15.963654423061913,15.625586164047212,True,True
Sensor_125,644,15.95,15.794620293554562,15.963654423061913,15.625586164047212,False,True
Sensor_125,645,15.98,15.794620293554562,15.963654423061913,15.625586164047212,True,True
Sensor_125,646,15.97,15.794620293554562,15.963654423061913,15.625586164047212,True,True
Sensor_125,647,15.93,15.794620293554562,15.963654423061913,15.625586164047212,False,True
Sensor_125,648,15.95,15.794620293554562,15.963654423061913,15.625586164047212,False,True
Sensor_125,649,15.95,15.794620293554562,15.963654423061913,15.625586164047212,False,True
Sensor_125,650,15.97,15.794620293554562,15.963654423061913,15.625586164047212,True,True
Sensor_125,651,15.97,15.794620293554562,15.963654423061913,15.625586164047212,True,True
Sensor_125,652,15.95,15.794620293554562,15.963654423061913,15.625586164047212,False,True
Sensor_125,653,15.95,15.794620293554562,15.963654423061913,15.625586164047212,False,True
Sensor_125,654,15.97,15.794620293554562,15.963654423061913,15.625586164047212,True,True
Sensor_125,655,16.0,15.794620293554562,15.963654423061913,15.625586164047212,True,True
Sensor_125,656,15.97,15.794620293554562,15.963654423061913,15.625586164047212,True,True
Sensor_125,657,15.95,15.794620293554562,15.963654423061913,15.625586164047212,False,True
Sensor_125,658,15.93,15.794620293554562,15.963654423061913,15.625586164047212,False,True
Sensor_125,659,15.99,15.794620293554562,15.963654423061913,15.625586164047212,True,True
Sensor_125,660,15.93,15.794620293554562,15.963654423061913,15.625586164047212,False,True
Sensor_125,661,15.93,15.794620293554562,15.963654423061913,15.625586164047212,False,True
Sensor_125,662,15.95,15.794620293554562,15.963654423061913,15.625586164047212,False,True
Sensor_125,663,15.99,15.794620293554562,15.963654423061913,15.625586164047212,True,True
Sensor_125,664,15.8,15.794620293554562,15.963654423061913,15.625586164047212,False,True
Sensor_125,665,15.93,15.794620293554562,15.963654423061913,15.625586164047212,False,True
Sensor_125,666,16.0,15.794620293554562,15.963654423061913,15.625586164047212,True,True
Sensor_125,667,15.93,15.794620293554562,15.963654423061913,15.625586164047212,False,True
Sensor_125,668,15.95,15.794620293554562,15.963654423061913,15.625586164047212,False,True
Sensor_125,669,15.95,15.794620293554562,15.963654423061913,15.625586164047212,False,True
Sensor_125,670,15.95,15.794620293554562,15.963654423061913,15.625586164047212,False,True
Sensor_125,671,15.98,15.794620293554562,15.963654423061913,15.625586164047212,True,True
Sensor_125,672,15.97,15.794620293554562,15.963654423061913,15.625586164047212,True,True
Sensor_125,673,15.8,15.794620293554562,15.963654423061913,15.625586164047212,False,True
Sensor_125,674,15.95,15.794620293554562,15.963654423061913,15.625586164047212,False,True
Sensor_125,675,15.8,15.794620293554562,15.963654423061913,15.625586164047212,False,True
Sensor_125,676,15.93,15.794620293554562,15.963654423061913,15.625586164047212,False,True
Sensor_125,677,15.87,15.794620293554562,15.963654423061913,15.625586164047212,False,True
Sensor_125,678,15.95,15.794620293554562,15.963654423061913,15.625586164047212,False,True
Sensor_125,679,15.8,15.794620293554562,15.963654423061913,15.625586164047212,False,True
Sensor_125,680,15.8,15.794620293554562,15.963654423061913,15.625586164047212,False,True
Sensor_125,681,15.8,15.794620293554562,15.963654423061913,15.625586164047212,False,True
Sensor_125,682,15.8,15.794620293554562,15.963654423061913,15.625586164047212,False,True
Sensor_125,683,15.8,15.794620293554562,15.963654423061913,15.625586164047212,False,True
Sensor_125,684,15.98,15.794620293554562,15.963654423061913,15.625586164047212,True,True
Sensor_125,685,15.8,15.794620293554562,15.963654423061913,15.625586164047212,False,True
Sensor_125,686,15.95,15.794620293554562,15.963654423061913,15.625586164047212,False,True
Sensor_125,687,15.95,15.794620293554562,15.963654423061913,15.625586164047212,False,True
Sensor_125,688,15.8,15.794620293554562,15.963654423061913,15.625586164047212,False,True
Sensor_125,689,15.87,15.794620293554562,15.963654423061913,15.625586164047212,False,True
Sensor_125,690,15.95,15.794620293554562,15.963654423061913,15.625586164047212,False,True
Sensor_125,691,15.87,15.794620293554562,15.963654423061913,15.625586164047212,False,True
Sensor_125,692,15.88,15.794620293554562,15.963654423061913,15.625586164047212,False,True
Sensor_125,693,15.87,15.794620293554562,15.963654423061913,15.625586164047212,False,True
Sensor_125,694,15.93,15.794620293554562,15.963654423061913,15.625586164047212,False,True
Sensor_125,695,15.88,15.794620293554562,15.963654423061913,15.625586164047212,False,True
Sensor_125,696,15.95,15.794620293554562,15.963654423061913,15.625586164047212,False,True
Sensor_125,697,15.87,15.794620293554562,15.963654423061913,15.625586164047212,False,True
Sensor_125,698,15.95,15.794620293554562,15.963654423061913,15.625586164047212,False,True
Sensor_125,699,15.88,15.794620293554562,15.963654423061913,15.625586164047212,False,True
Sensor_125,700,15.9,15.794620293554562,15.963654423061913,15.625586164047212,False,True
Sensor_125,701,15.88,15.794620293554562,15.963654423061913,15.625586164047212,False,True
Sensor_125,702,15.88,15.794620293554562,15.963654423061913,15.625586164047212,False,True
Sensor_125,703,15.9,15.794620293554562,15.963654423061913,15.625586164047212,False,True
Sensor_125,704,15.88,15.794620293554562,15.963654423061913,15.625586164047212,False,True
Sensor_125,705,15.9,15.794620293554562,15.963654423061913,15.625586164047212,False,True
Sensor_125,706,15.95,15.794620293554562,15.963654423061913,15.625586164047212,False,True
Sensor_125,707,15.87,15.794620293554562,15.963654423061913,15.625586164047212,False,True
Sensor_125,708,15.93,15.794620293554562,15.963654423061913,15.625586164047212,False,True
Sensor_125,709,15.9,15.794620293554562,15.963654423061913,15.625586164047212,False,True
Sensor_125,710,15.88,15.794620293554562,15.963654423061913,15.625586164047212,False,True
Sensor_125,711,15.89,15.794620293554562,15.963654423061913,15.625586164047212,False,True
Sensor_125,712,15.9,15.794620293554562,15.963654423061913,15.625586164047212,False,True
Sensor_125,713,15.86,15.794620293554562,15.963654423061913,15.625586164047212,False,True
Sensor_125,729,15.65,15.794620293554562,15.963654423061913,15.625586164047212,False,True
Sensor_125,730,15.65,15.794620293554562,15.963654423061913,15.625586164047212,False,True
Sensor_125,731,15.62,15.794620293554562,15.963654423061913,15.625586164047212,True,True
Sensor_125,732,15.62,15.794620293554562,15.963654423061913,15.625586164047212,True,True
Sensor_125,733,15.62,15.794620293554562,15.963654423061913,15.625586164047212,True,True
Sensor_125,734,15.62,15.794620293554562,15.963654423061913,15.625586164047212,True,True
Sensor_125,739,15.61,15.794620293554562,15.963654423061913,15.625586164047212,True,False
Sensor_125,743,15.61,15.794620293554562,15.963654423061913,15.625586164047212,True,False
Sensor_125,747,15.61,15.794620293554562,15.963654423061913,15.625586164047212,True,True
Sensor_125,748,15.61,15.794620293554562,15.963654423061913,15.625586164047212,True,True
Sensor_125,749,15.78,15.794620293554562,15.963654423061913,15.625586164047212,False,True
Sensor_125,750,15.63,15.794620293554562,15.963654423061913,15.625586164047212,False,True
Sensor_125,751,15.63,15.794620293554562,15.963654423061913,15.625586164047212,False,True
Sensor_125,752,15.63,15.794620293554562,15.963654423061913,15.625586164047212,False,True
Sensor_125,753,15.63,15.794620293554562,15.963654423061913,15.625586164047212,False,True
Sensor_125,754,15.63,15.794620293554562,15.963654423061913,15.625586164047212,False,True
Sensor_125,755,15.63,15.794620293554562,15.963654423061913,15.625586164047212,False,True
Sensor_125,756,15.61,15.794620293554562,15.963654423061913,15.625586164047212,True,True
Sensor_125,757,15.61,15.794620293554562,15.963654423061913,15.625586164047212,True,True
Sensor_125,758,15.63,15.794620293554562,15.963654423061913,15.625586164047212,False,True
Sensor_125,759,15.61,15.794620293554562,15.963654423061913,15.625586164047212,True,True
Sensor_125,760,15.73,15.794620293554562,15.963654423061913,15.625586164047212,False,True
Sensor_125,761,15.73,15.794620293554562,15.963654423061913,15.625586164047212,False,True
Sensor_125,762,15.73,15.794620293554562,15.963654423061913,15.625586164047212,False,True
Sensor_125,763,15.73,15.794620293554562,15.963654423061913,15.625586164047212,False,True
Sensor_125,764,15.73,15.794620293554562,15.963654423061913,15.625586164047212,False,True
Sensor_125,765,15.63,15.794620293554562,15.963654423061913,15.625586164047212,False,True
Sensor_125,766,15.51,15.794620293554562,15.963654423061913,15.625586164047212,True,True
Sensor_125,767,15.51,15.794620293554562,15.963654423061913,15.625586164047212,True,True
Sensor_125,768,15.73,15.794620293554562,15.963654423061913,15.625586164047212,False,True
Sensor_125,769,15.61,15.794620293554562,15.963654423061913,15.625586164047212,True,True
Sensor_125,770,15.73,15.794620293554562,15.963654423061913,15.625586164047212,False,True
Sensor_125,771,15.63,15.794620293554562,15.963654423061913,15.625586164047212,False,True
Sensor_125,772,15.78,15.794620293554562,15.963654423061913,15.625586164047212,False,True
Sensor_125,773,15.78,15.794620293554562,15.963654423061913,15.625586164047212,False,True
Sensor_125,774,15.78,15.794620293554562,15.963654423061913,15.625586164047212,False,True
Sensor_125,775,15.74,15.794620293554562,15.963654423061913,15.625586164047212,False,True
Sensor_125,776,15.78,15.794620293554562,15.963654423061913,15.625586164047212,False,True
Sensor_125,777,15.78,15.794620293554562,15.963654423061913,15.625586164047212,False,True
Sensor_125,778,15.78,15.794620293554562,15.963654423061913,15.625586164047212,False,True
Sensor_125,779,15.74,15.794620293554562,15.963654423061913,15.625586164047212,False,True
Sensor_125,780,15.66,15.794620293554562,15.963654423061913,15.625586164047212,False,True
Sensor_125,781,15.74,15.794620293554562,15.963654423061913,15.625586164047212,False,True
Sensor_125,782,15.78,15.794620293554562,15.963654423061913,15.625586164047212,False,True
Sensor_125,783,15.74,15.794620293554562,15.963654423061913,15.625586164047212,False,True
Sensor_125,784,15.74,15.794620293554562,15.963654423061913,15.625586164047212,False,True
Sensor_125,785,15.78,15.794620293554562,15.963654423061913,15.625586164047212,False,True
Sensor_125,786,15.66,15.794620293554562,15.963654423061913,15.625586164047212,False,True
Sensor_125,787,15.66,15.794620293554562,15.963654423061913,15.625586164047212,False,True
Sensor_125,788,15.75,15.794620293554562,15.963654423061913,15.625586164047212,False,True
Sensor_125,789,15.75,15.794620293554562,15.963654423061913,15.625586164047212,False,True
Sensor_125,790,15.78,15.794620293554562,15.963654423061913,15.625586164047212,False,True
Sensor_125,791,15.66,15.794620293554562,15.963654423061913,15.625586164047212,False,True
Sensor_125,792,15.75,15.794620293554562,15.963654423061913,15.625586164047212,False,True
Sensor_125,793,15.66,15.794620293554562,15.963654423061913,15.625586164047212,False,True
Sensor_125,794,15.74,15.794620293554562,15.963654423061913,15.625586164047212,False,True
Sensor_125,795,15.78,15.794620293554562,15.963654423061913,15.625586164047212,False,True
Sensor_125,796,15.75,15.794620293554562,15.963654423061913,15.625586164047212,False,True
Sensor_125,797,15.74,15.794620293554562,15.963654423061913,15.625586164047212,False,True
Sensor_125,798,15.54,15.794620293554562,15.963654423061913,15.625586164047212,True,True
Sensor_125,799,15.73,15.794620293554562,15.963654423061913,15.625586164047212,False,True
Sensor_125,800,15.54,15.794620293554562,15.963654423061913,15.625586164047212,True,True
Sensor_125,801,15.73,15.794620293554562,15.963654423061913,15.625586164047212,False,True
Sensor_125,802,15.54,15.794620293554562,15.963654423061913,15.625586164047212,True,True
Sensor_125,803,15.67,15.794620293554562,15.963654423061913,15.625586164047212,False,True
Sensor_125,804,15.67,15.794620293554562,15.963654423061913,15.625586164047212,False,True
Sensor_125,805,15.54,15.794620293554562,15.963654423061913,15.625586164047212,True,True
Sensor_125,806,15.54,15.794620293554562,15.963654423061913,15.625586164047212,True,True
Sensor_125,807,15.67,15.794620293554562,15.963654423061913,15.625586164047212,False,True
Sensor_125,808,15.73,15.794620293554562,15.963654423061913,15.625586164047212,False,True
Sensor_125,809,15.67,15.794620293554562,15.963654423061913,15.625586164047212,False,True
Sensor_125,810,15.67,15.794620293554562,15.963654423061913,15.625586164047212,False,True
Sensor_125,811,15.73,15.794620293554562,15.963654423061913,15.625586164047212,False,True
Sensor_125,812,15.73,15.794620293554562,15.963654423061913,15.625586164047212,False,True
Sensor_125,813,15.79,15.794620293554562,15.963654423061913,15.625586164047212,False,True
Sensor_125,814,15.79,15.794620293554562,15.963654423061913,15.625586164047212,False,True
Sensor_125,815,15.73,15.794620293554562,15.963654423061913,15.625586164047212,False,True
Sensor_125,816,15.73,15.794620293554562,15.963654423061913,15.625586164047212,False,True
Sensor_125,817,15.67,15.794620293554562,15.963654423061913,15.625586164047212,False,True
Sensor_125,818,15.67,15.794620293554562,15.963654423061913,15.625586164047212,False,True
Sensor_125,819,15.79,15.794620293554562,15.963654423061913,15.625586164047212,False,True
Sensor_125,820,15.54,15.794620293554562,15.963654423061913,15.625586164047212,True,True
Sensor_125,831,15.54,15.794620293554562,15.963654423061913,15.625586164047212,True,False
Sensor_125,855,15.65,15.794620293554562,15.963654423061913,15.625586164047212,False,True
Sensor_125,856,15.73,15.794620293554562,15.963654423061913,15.625586164047212,False,True
Sensor_125,857,15.75,15.794620293554562,15.963654423061913,15.625586164047212,False,True
Sensor_125,858,15.71,15.794620293554562,15.963654423061913,15.625586164047212,False,True
Sensor_125,859,15.71,15.794620293554562,15.963654423061913,15.625586164047212,False,True
Sensor_125,860,15.71,15.794620293554562,15.963654423061913,15.625586164047212,False,True
Sensor_125,861,15.71,15.794620293554562,15.963654423061913,15.625586164047212,False,True
Sensor_125,862,15.71,15.794620293554562,15.963654423061913,15.625586164047212,False,True
Sensor_125,876,15.89,15.794620293554562,15.963654423061913,15.625586164047212,False,True
Sensor_125,877,15.84,15.794620293554562,15.963654423061913,15.625586164047212,False,True
Sensor_125,878,15.89,15.794620293554562,15.963654423061913,15.625586164047212,False,True
Sensor_125,879,15.89,15.794620293554562,15.963654423061913,15.625586164047212,False,True
Sensor_125,880,15.84,15.794620293554562,15.963654423061913,15.625586164047212,False,True
Sensor_125,881,15.89,15.794620293554562,15.963654423061913,15.625586164047212,False,True
Sensor_125,882,15.89,15.794620293554562,15.963654423061913,15.625586164047212,False,True
Sensor_125,883,15.86,15.794620293554562,15.963654423061913,15.625586164047212,False,True
Sensor_125,884,15.84,15.794620293554562,15.963654423061913,15.625586164047212,False,True
Sensor_125,918,15.8,15.794620293554562,15.963654423061913,15.625586164047212,False,True
Sensor_125,919,15.8,15.794620293554562,15.963654423061913,15.625586164047212,False,True
Sensor_125,994,15.7,15.794620293554562,15.963654423061913,15.625586164047212,False,True
Sensor_125,1004,15.65,15.794620293554562,15.963654423061913,15.625586164047212,False,True
Sensor_125,1005,15.76,15.794620293554562,15.963654423061913,15.625586164047212,False,True
Sensor_125,1006,15.65,15.794620293554562,15.963654423061913,15.625586164047212,False,True
Sensor_125,1016,15.72,15.794620293554562,15.963654423061913,15.625586164047212,False,True
Sensor_125,1017,15.72,15.794620293554562,15.963654423061913,15.625586164047212,False,True
Sensor_125,1018,15.72,15.794620293554562,15.963654423061913,15.625586164047212,False,True
Sensor_125,1019,15.65,15.794620293554562,15.963654423061913,15.625586164047212,False,True
Sensor_125,1020,15.79,15.794620293554562,15.963654423061913,15.625586164047212,False,True
Sensor_125,1021,15.79,15.794620293554562,15.963654423061913,15.625586164047212,False,True
Sensor_125,1022,15.76,15.794620293554562,15.963654423061913,15.625586164047212,False,True
Sensor_125,1023,15.76,15.794620293554562,15.963654423061913,15.625586164047212,False,True
Sensor_125,1024,15.79,15.794620293554562,15.963654423061913,15.625586164047212,False,True
Sensor_125,1025,15.7,15.794620293554562,15.963654423061913,15.625586164047212,False,True
Sensor_125,1043,15.58,15.794620293554562,15.963654423061913,15.625586164047212,True,True
Sensor_125,1044,15.57,15.794620293554562,15.963654423061913,15.625586164047212,True,True
Sensor_125,1045,15.58,15.794620293554562,15.963654423061913,15.625586164047212,True,True
Sensor_125,1046,15.7,15.794620293554562,15.963654423061913,15.625586164047212,False,True
Sensor_125,1047,15.75,15.794620293554562,15.963654423061913,15.625586164047212,False,True
Sensor_125,1048,15.65,15.794620293554562,15.963654423061913,15.625586164047212,False,True
Sensor_125,1049,15.7,15.794620293554562,15.963654423061913,15.625586164047212,False,True
Sensor_125,1050,15.66,15.794620293554562,15.963654423061913,15.625586164047212,False,True
Sensor_125,1051,15.75,15.794620293554562,15.963654423061913,15.625586164047212,False,True
Sensor_125,1054,15.57,15.794620293554562,15.963654423061913,15.625586164047212,True,False
Sensor_125,1055,15.58,15.794620293554562,15.963654423061913,15.625586164047212,True,False
Sensor_125,1060,15.57,15.794620293554562,15.963654423061913,15.625586164047212,True,False
Sensor_125,1078,15.73,15.794620293554562,15.963654423061913,15.625586164047212,False,True
Sensor_125,1079,15.71,15.794620293554562,15.963654423061913,15.625586164047212,False,True
Sensor_125,1080,15.71,15.794620293554562,15.963654423061913,15.625586164047212,False,True
Sensor_125,1081,15.71,15.794620293554562,15.963654423061913,15.625586164047212,False,True
Sensor_125,1082,15.78,15.794620293554562,15.963654423061913,15.625586164047212,False,True
Sensor_125,1083,15.73,15.794620293554562,15.963654423061913,15.625586164047212,False,True
Sensor_125,1084,15.71,15.794620293554562,15.963654423061913,15.625586164047212,False,True
Sensor_125,1085,15.75,15.794620293554562,15.963654423061913,15.625586164047212,False,True
Sensor_125,1086,15.73,15.794620293554562,15.963654423061913,15.625586164047212,False,True
Sensor_125,1087,15.73,15.794620293554562,15.963654423061913,15.625586164047212,False,True
Sensor_125,1088,15.71,15.794620293554562,15.963654423061913,15.625586164047212,False,True
Sensor_125,1089,15.71,15.794620293554562,15.963654423061913,15.625586164047212,False,True
Sensor_125,1090,15.71,15.794620293554562,15.963654423061913,15.625586164047212,False,True
Sensor_125,1091,15.77,15.794620293554562,15.963654423061913,15.625586164047212,False,True
Sensor_125,1092,15.77,15.794620293554562,15.963654423061913,15.625586164047212,False,True
Sensor_125,1093,15.77,15.794620293554562,15.963654423061913,15.625586164047212,False,True
Sensor_125,1094,15.77,15.794620293554562,15.963654423061913,15.625586164047212,False,True
Sensor_125,1095,15.77,15.794620293554562,15.963654423061913,15.625586164047212,False,True
Sensor_125,1096,15.7,15.794620293554562,15.963654423061913,15.625586164047212,False,True
Sensor_125,1097,15.73,15.794620293554562,15.963654423061913,15.625586164047212,False,True
Sensor_125,1098,15.69,15.794620293554562,15.963654423061913,15.625586164047212,False,True
Sensor_125,1099,15.73,15.794620293554562,15.963654423061913,15.625586164047212,False,True
Sensor_125,1100,15.77,15.794620293554562,15.963654423061913,15.625586164047212,False,True
Sensor_125,1101,15.76,15.794620293554562,15.963654423061913,15.625586164047212,False,True
Sensor_125,1102,15.71,15.794620293554562,15.963654423061913,15.625586164047212,False,True
Sensor_125,1103,15.71,15.794620293554562,15.963654423061913,15.625586164047212,False,True
Sensor_125,1104,15.73,15.794620293554562,15.963654423061913,15.625586164047212,False,True
Sensor_125,1105,15.6,15.794620293554562,15.963654423061913,15.625586164047212,True,True
Sensor_125,1106,15.69,15.794620293554562,15.963654423061913,15.625586164047212,False,True
Sensor_125,1107,15.78,15.794620293554562,15.963654423061913,15.625586164047212,False,True
Sensor_125,1108,15.76,15.794620293554562,15.963654423061913,15.625586164047212,False,True
Sensor_125,1109,15.73,15.794620293554562,15.963654423061913,15.625586164047212,False,True
Sensor_125,1110,15.75,15.794620293554562,15.963654423061913,15.625586164047212,False,True
Sensor_125,1111,15.73,15.794620293554562,15.963654423061913,15.625586164047212,False,True
Sensor_125,1112,15.7,15.794620293554562,15.963654423061913,15.625586164047212,False,True
Sensor_125,1113,15.78,15.794620293554562,15.963654423061913,15.625586164047212,False,True
Sensor_125,1114,15.75,15.794620293554562,15.963654423061913,15.625586164047212,False,True
Sensor_125,1115,15.7,15.794620293554562,15.963654423061913,15.625586164047212,False,True
Sensor_125,1116,15.69,15.794620293554562,15.963654423061913,15.625586164047212,False,True
Sensor_125,1117,15.73,15.794620293554562,15.963654423061913,15.625586164047212,False,True
Sensor_125,1118,15.71,15.794620293554562,15.963654423061913,15.625586164047212,False,True
Sensor_125,1119,15.68,15.794620293554562,15.963654423061913,15.625586164047212,False,True
Sensor_125,1120,15.69,15.794620293554562,15.963654423061913,15.625586164047212,False,True
Sensor_125,1123,15.57,15.794620293554562,15.963654423061913,15.625586164047212,True,False
Sensor_125,1130,15.69,15.794620293554562,15.963654423061913,15.625586164047212,False,True
Sensor_125,1142,15.78,15.794620293554562,15.963654423061913,15.625586164047212,False,True
Sensor_125,1143,15.75,15.794620293554562,15.963654423061913,15.625586164047212,False,True
Sensor_125,1144,15.71,15.794620293554562,15.963654423061913,15.625586164047212,False,True
Sensor_125,1147,15.6,15.794620293554562,15.963654423061913,15.625586164047212,True,False
Sensor_125,1154,15.73,15.794620293554562,15.963654423061913,15.625586164047212,False,True
Sensor_125,1155,15.77,15.794620293554562,15.963654423061913,15.625586164047212,False,True
Sensor_125,1156,15.77,15.794620293554562,15.963654423061913,15.625586164047212,False,True
Sensor_125,1157,15.73,15.794620293554562,15.963654423061913,15.625586164047212,False,True
Sensor_125,1158,15.73,15.794620293554562,15.963654423061913,15.625586164047212,False,True
Sensor_125,1159,15.78,15.794620293554562,15.963654423061913,15.625586164047212,False,True
Sensor_125,1160,15.75,15.794620293554562,15.963654423061913,15.625586164047212,False,True
Sensor_125,1161,15.78,15.794620293554562,15.963654423061913,15.625586164047212,False,True
Sensor_125,1162,15.68,15.794620293554562,15.963654423061913,15.625586164047212,False,True
Sensor_125,1163,15.73,15.794620293554562,15.963654423061913,15.625586164047212,False,True
Sensor_125,1164,15.7,15.794620293554562,15.963654423061913,15.625586164047212,False,True
Sensor_125,1165,15.77,15.794620293554562,15.963654423061913,15.625586164047212,False,True
Sensor_125,1166,15.66,15.794620293554562,15.963654423061913,15.625586164047212,False,True
Sensor_125,1167,15.7,15.794620293554562,15.963654423061913,15.625586164047212,False,True
Sensor_125,1168,15.66,15.794620293554562,15.963654423061913,15.625586164047212,False,True
Sensor_125,1169,15.73,15.794620293554562,15.963654423061913,15.625586164047212,False,True
Sensor_125,1170,15.7,15.794620293554562,15.963654423061913,15.625586164047212,False,True
Sensor_125,1171,15.78,15.794620293554562,15.963654423061913,15.625586164047212,False,True
Sensor_125,1172,15.66,15.794620293554562,15.963654423061913,15.625586164047212,False,True
Sensor_125,1173,15.62,15.794620293554562,15.963654423061913,15.625586164047212,True,True
Sensor_125,1174,15.58,15.794620293554562,15.963654423061913,15.625586164047212,True,True
Sensor_125,1175,15.52,15.794620293554562,15.963654423061913,15.625586164047212,True,True
Sensor_125,1176,15.52,15.794620293554562,15.963654423061913,15.625586164047212,True,True
Sensor_125,1177,15.52,15.794620293554562,15.963654423061913,15.625586164047212,True,True
Sensor_125,1178,15.68,15.794620293554562,15.963654423061913,15.625586164047212,False,True
Sensor_125,1179,15.52,15.794620293554562,15.963654423061913,15.625586164047212,True,True
Sensor_125,1180,15.64,15.794620293554562,15.963654423061913,15.625586164047212,False,True
Sensor_125,1181,15.7,15.794620293554562,15.963654423061913,15.625586164047212,False,True
Sensor_125,1182,15.71,15.794620293554562,15.963654423061913,15.625586164047212,False,True
Sensor_125,1183,15.66,15.794620293554562,15.963654423061913,15.625586164047212,False,True
Sensor_125,1184,15.43,15.794620293554562,15.963654423061913,15.625586164047212,True,True
Sensor_125,1185,15.71,15.794620293554562,15.963654423061913,15.625586164047212,False,True
Sensor_125,1186,15.52,15.794620293554562,15.963654423061913,15.625586164047212,True,True
Sensor_125,1187,15.66,15.794620293554562,15.963654423061913,15.625586164047212,False,True
Sensor_125,1188,15.69,15.794620293554562,15.963654423061913,15.625586164047212,False,True
Sensor_125,1189,15.71,15.794620293554562,15.963654423061913,15.625586164047212,False,True
Sensor_125,1192,15.58,15.794620293554562,15.963654423061913,15.625586164047212,True,False
Sensor_125,1195,15.43,15.794620293554562,15.963654423061913,15.625586164047212,True,False
Sensor_125,1199,15.78,15.794620293554562,15.963654423061913,15.625586164047212,False,True
Sensor_125,1200,15.73,15.794620293554562,15.963654423061913,15.625586164047212,False,True
Sensor_125,1201,15.66,15.794620293554562,15.963654423061913,15.625586164047212,False,True
Sensor_125,1202,15.71,15.794620293554562,15.963654423061913,15.625586164047212,False,True
Sensor_125,1203,15.73,15.794620293554562,15.963654423061913,15.625586164047212,False,True
Sensor_125,1204,15.78,15.794620293554562,15.963654423061913,15.625586164047212,False,True
Sensor_125,1205,15.69,15.794620293554562,15.963654423061913,15.625586164047212,False,True
Sensor_125,1206,15.75,15.794620293554562,15.963654423061913,15.625586164047212,False,True
Sensor_125,1207,15.78,15.794620293554562,15.963654423061913,15.625586164047212,False,True
Sensor_125,1208,15.69,15.794620293554562,15.963654423061913,15.625586164047212,False,True
Sensor_125,1209,15.66,15.794620293554562,15.963654423061913,15.625586164047212,False,True
Sensor_125,1210,15.64,15.794620293554562,15.963654423061913,15.625586164047212,False,True
Sensor_125,1211,15.69,15.794620293554562,15.963654423061913,15.625586164047212,False,True
Sensor_125,1217,16.02,15.794620293554562,15.963654423061913,15.625586164047212,True,False
Sensor_125,1220,16.02,15.794620293554562,15.963654423061913,15.625586164047212,True,False
Sensor_125,1221,16.07,15.794620293554562,15.963654423061913,15.625586164047212,True,False
Sensor_125,1222,16.07,15.794620293554562,15.963654423061913,15.625586164047212,True,False
Sensor_125,1223,16.07,15.794620293554562,15.963654423061913,15.625586164047212,True,False
Sensor_125,1227,16.07,15.794620293554562,15.963654423061913,15.625586164047212,True,False
Sensor_125,1228,15.98,15.794620293554562,15.963654423061913,15.625586164047212,True,False
Sensor_125,1229,15.98,15.794620293554562,15.963654423061913,15.625586164047212,True,False
Sensor_125,1230,15.98,15.794620293554562,15.963654423061913,15.625586164047212,True,False
Sensor_125,1232,16.07,15.794620293554562,15.963654423061913,15.625586164047212,True,False
Sensor_125,1233,15.98,15.794620293554562,15.963654423061913,15.625586164047212,True,False
Sensor_125,1234,16.07,15.794620293554562,15.963654423061913,15.625586164047212,True,False
Sensor_125,1236,15.98,15.794620293554562,15.963654423061913,15.625586164047212,True,False
Sensor_125,1237,15.98,15.794620293554562,15.963654423061913,15.625586164047212,True,False
Sensor_125,1239,15.98,15.794620293554562,15.963654423061913,15.625586164047212,True,False
Sensor_125,1240,15.98,15.794620293554562,15.963654423061913,15.625586164047212,True,False
Sensor_125,1242,16.07,15.794620293554562,15.963654423061913,15.625586164047212,True,False
Sensor_125,1246,16.01,15.794620293554562,15.963654423061913,15.625586164047212,True,False
Sensor_125,1253,16.01,15.794620293554562,15.963654423061913,15.625586164047212,True,False
Sensor_125,1254,16.01,15.794620293554562,15.963654423061913,15.625586164047212,True,False
Sensor_125,1255,16.01,15.794620293554562,15.963654423061913,15.625586164047212,True,False
Sensor_125,1257,16.01,15.794620293554562,15.963654423061913,15.625586164047212,True,False
Sensor_125,1258,16.01,15.794620293554562,15.963654423061913,15.625586164047212,True,False
Sensor_125,1259,16.08,15.794620293554562,15.963654423061913,15.625586164047212,True,False
Sensor_125,1260,16.08,15.794620293554562,15.963654423061913,15.625586164047212,True,False
Sensor_125,1262,16.01,15.794620293554562,15.963654423061913,15.625586164047212,True,False
Sensor_125,1267,16.01,15.794620293554562,15.963654423061913,15.625586164047212,True,False
Sensor_125,1268,16.01,15.794620293554562,15.963654423061913,15.625586164047212,True,False
Sensor_125,1269,15.62,15.794620293554562,15.963654423061913,15.625586164047212,True,False
Sensor_125,1270,16.07,15.794620293554562,15.963654423061913,15.625586164047212,True,False
Sensor_125,1271,16.07,15.794620293554562,15.963654423061913,15.625586164047212,True,False
Sensor_125,1272,16.09,15.794620293554562,15.963654423061913,15.625586164047212,True,False
Sensor_125,1273,15.61,15.794620293554562,15.963654423061913,15.625586164047212,True,False
Sensor_125,1274,15.61,15.794620293554562,15.963654423061913,15.625586164047212,True,False
Sensor_125,1275,15.61,15.794620293554562,15.963654423061913,15.625586164047212,True,False
Sensor_125,1276,15.61,15.794620293554562,15.963654423061913,15.625586164047212,True,False
Sensor_125,1277,15.61,15.794620293554562,15.963654423061913,15.625586164047212,True,False
Sensor_125,1279,16.09,15.794620293554562,15.963654423061913,15.625586164047212,True,False
Sensor_125,1280,16.09,15.794620293554562,15.963654423061913,15.625586164047212,True,False
Sensor_125,1282,16.09,15.794620293554562,15.963654423061913,15.625586164047212,True,False
Sensor_125,1283,15.62,15.794620293554562,15.963654423061913,15.625586164047212,True,False
Sensor_125,1285,15.62,15.794620293554562,15.963654423061913,15.625586164047212,True,False
Sensor_125,1287,15.61,15.794620293554562,15.963654423061913,15.625586164047212,True,False
Sensor_125,1292,15.62,15.794620293554562,15.963654423061913,15.625586164047212,True,False
Sensor_125,1293,15.62,15.794620293554562,15.963654423061913,15.625586164047212,True,False
Sensor_125,1294,16.09,15.794620293554562,15.963654423061913,15.625586164047212,True,False
Sensor_125,1295,15.61,15.794620293554562,15.963654423061913,15.625586164047212,True,False
Sensor_125,1297,15.62,15.794620293554562,15.963654423061913,15.625586164047212,True,False
Sensor_125,1298,15.61,15.794620293554562,15.963654423061913,15.625586164047212,True,False
Sensor_125,1299,16.07,15.794620293554562,15.963654423061913,15.625586164047212,True,False
Sensor_125,1300,16.09,15.794620293554562,15.963654423061913,15.625586164047212,True,False
Sensor_125,1302,16.09,15.794620293554562,15.963654423061913,15.625586164047212,True,False
Sensor_125,1303,16.07,15.794620293554562,15.963654423061913,15.625586164047212,True,False
Sensor_125,1304,15.61,15.794620293554562,15.963654423061913,15.625586164047212,True,False
Sensor_125,1305,16.07,15.794620293554562,15.963654423061913,15.625586164047212,True,False
Sensor_125,1317,15.61,15.794620293554562,15.963654423061913,15.625586164047212,True,False
Sensor_125,1320,15.61,15.794620293554562,15.963654423061913,15.625586164047212,True,False
Sensor_125,1321,15.61,15.794620293554562,15.963654423061913,15.625586164047212,True,False
Sensor_125,1324,16.08,15.794620293554562,15.963654423061913,15.625586164047212,True,False
Sensor_125,1327,15.61,15.794620293554562,15.963654423061913,15.625586164047212,True,False
Sensor_125,1343,16.09,15.794620293554562,15.963654423061913,15.625586164047212,True,False
Sensor_125,1363,16.07,15.794620293554562,15.963654423061913,15.625586164047212,True,False
Sensor_125,1383,15.73,15.794620293554562,15.963654423061913,15.625586164047212,False,True
Sensor_125,1384,15.74,15.794620293554562,15.963654423061913,15.625586164047212,False,True
Sensor_125,1385,15.73,15.794620293554562,15.963654423061913,15.625586164047212,False,True
Sensor_125,1386,15.74,15.794620293554562,15.963654423061913,15.625586164047212,False,True
Sensor_125,1387,15.76,15.794620293554562,15.963654423061913,15.625586164047212,False,True
Sensor_125,1388,15.76,15.794620293554562,15.963654423061913,15.625586164047212,False,True
Sensor_125,1389,15.66,15.794620293554562,15.963654423061913,15.625586164047212,False,True
Sensor_125,1390,15.76,15.794620293554562,15.963654423061913,15.625586164047212,False,True
Sensor_125,1391,15.66,15.794620293554562,15.963654423061913,15.625586164047212,False,True
Sensor_125,1392,15.66,15.794620293554562,15.963654423061913,15.625586164047212,False,True
Sensor_125,1393,15.76,15.794620293554562,15.963654423061913,15.625586164047212,False,True
Sensor_125,1394,15.76,15.794620293554562,15.963654423061913,15.625586164047212,False,True
Sensor_125,1395,15.66,15.794620293554562,15.963654423061913,15.625586164047212,False,True
Sensor_125,1396,15.73,15.794620293554562,15.963654423061913,15.625586164047212,False,True
Sensor_125,1397,15.76,15.794620293554562,15.963654423061913,15.625586164047212,False,True
Sensor_125,1398,15.66,15.794620293554562,15.963654423061913,15.625586164047212,False,True
Sensor_125,1399,15.66,15.794620293554562,15.963654423061913,15.625586164047212,False,True
Sensor_125,1400,16.07,15.794620293554562,15.963654423061913,15.625586164047212,True,False
Sensor_125,1409,15.75,15.794620293554562,15.963654423061913,15.625586164047212,False,True
Sensor_125,1410,15.73,15.794620293554562,15.963654423061913,15.625586164047212,False,True
Sensor_125,1411,15.69,15.794620293554562,15.963654423061913,15.625586164047212,False,True
Sensor_125,1412,15.73,15.794620293554562,15.963654423061913,15.625586164047212,False,True
Sensor_125,1413,15.73,15.794620293554562,15.963654423061913,15.625586164047212,False,True
Sensor_125,1414,15.77,15.794620293554562,15.963654423061913,15.625586164047212,False,True
Sensor_125,1415,15.73,15.794620293554562,15.963654423061913,15.625586164047212,False,True
Sensor_125,1416,15.77,15.794620293554562,15.963654423061913,15.625586164047212,False,True
Sensor_125,1417,15.73,15.794620293554562,15.963654423061913,15.625586164047212,False,True
Sensor_125,1418,15.77,15.794620293554562,15.963654423061913,15.625586164047212,False,True
Sensor_125,1419,15.73,15.794620293554562,15.963654423061913,15.625586164047212,False,True
Sensor_125,1420,15.71,15.794620293554562,15.963654423061913,15.625586164047212,False,True
Sensor_125,1421,15.73,15.794620293554562,15.963654423061913,15.625586164047212,False,True
Sensor_125,1422,15.73,15.794620293554562,15.963654423061913,15.625586164047212,False,True
Sensor_125,1423,15.71,15.794620293554562,15.963654423061913,15.625586164047212,False,True
Sensor_125,1424,15.71,15.794620293554562,15.963654423061913,15.625586164047212,False,True
Sensor_125,1425,15.71,15.794620293554562,15.963654423061913,15.625586164047212,False,True
Sensor_125,1426,15.71,15.794620293554562,15.963654423061913,15.625586164047212,False,True
Sensor_125,1427,15.73,15.794620293554562,15.963654423061913,15.625586164047212,False,True
Sensor_125,1428,15.73,15.794620293554562,15.963654423061913,15.625586164047212,False,True
Sensor_125,1429,15.73,15.794620293554562,15.963654423061913,15.625586164047212,False,True
Sensor_125,1430,15.73,15.794620293554562,15.963654423061913,15.625586164047212,False,True
Sensor_125,1431,15.71,15.794620293554562,15.963654423061913,15.625586164047212,False,True
Sensor_125,1432,15.68,15.794620293554562,15.963654423061913,15.625586164047212,False,True
Sensor_125,1433,15.67,15.794620293554562,15.963654423061913,15.625586164047212,False,True
Sensor_125,1434,15.57,15.794620293554562,15.963654423061913,15.625586164047212,True,True
Sensor_125,1435,15.77,15.794620293554562,15.963654423061913,15.625586164047212,False,True
Sensor_125,1436,15.73,15.794620293554562,15.963654423061913,15.625586164047212,False,True
Sensor_125,1437,15.73,15.794620293554562,15.963654423061913,15.625586164047212,False,True
Sensor_125,1438,15.73,15.794620293554562,15.963654423061913,15.625586164047212,False,True
Sensor_125,1439,15.73,15.794620293554562,15.963654423061913,15.625586164047212,False,True
Sensor_125,1440,15.71,15.794620293554562,15.963654423061913,15.625586164047212,False,True
Sensor_125,1441,15.73,15.794620293554562,15.963654423061913,15.625586164047212,False,True
Sensor_125,1442,15.73,15.794620293554562,15.963654423061913,15.625586164047212,False,True
Sensor_125,1443,15.77,15.794620293554562,15.963654423061913,15.625586164047212,False,True
Sensor_125,1444,15.71,15.794620293554562,15.963654423061913,15.625586164047212,False,True
Sensor_125,1445,15.79,15.794620293554562,15.963654423061913,15.625586164047212,False,True
Sensor_125,1446,15.79,15.794620293554562,15.963654423061913,15.625586164047212,False,True
Sensor_125,1447,15.79,15.794620293554562,15.963654423061913,15.625586164047212,False,True
Sensor_125,1448,15.79,15.794620293554562,15.963654423061913,15.625586164047212,False,True
Sensor_125,1449,15.79,15.794620293554562,15.963654423061913,15.625586164047212,False,True
Sensor_125,1450,15.79,15.794620293554562,15.963654423061913,15.625586164047212,False,True
Sensor_125,1451,15.73,15.794620293554562,15.963654423061913,15.625586164047212,False,True
Sensor_125,1462,15.57,15.794620293554562,15.963654423061913,15.625586164047212,True,False
Sensor_125,1463,15.57,15.794620293554562,15.963654423061913,15.625586164047212,True,False
Sensor_125,1464,15.61,15.794620293554562,15.963654423061913,15.625586164047212,True,False
Sensor_125,1465,15.61,15.794620293554562,15.963654423061913,15.625586164047212,True,False
Sensor_125,1466,15.57,15.794620293554562,15.963654423061913,15.625586164047212,True,False
Sensor_125,1468,15.61,15.794620293554562,15.963654423061913,15.625586164047212,True,False
Sensor_125,1469,15.69,15.794620293554562,15.963654423061913,15.625586164047212,False,True
Sensor_125,1470,15.75,15.794620293554562,15.963654423061913,15.625586164047212,False,True
Sensor_125,1471,15.63,15.794620293554562,15.963654423061913,15.625586164047212,False,True
Sensor_125,1472,15.63,15.794620293554562,15.963654423061913,15.625586164047212,False,True
Sensor_125,1473,15.57,15.794620293554562,15.963654423061913,15.625586164047212,True,True
Sensor_125,1474,15.57,15.794620293554562,15.963654423061913,15.625586164047212,True,True
Sensor_125,1475,15.58,15.794620293554562,15.963654423061913,15.625586164047212,True,True
Sensor_125,1476,15.57,15.794620293554562,15.963654423061913,15.625586164047212,True,True
Sensor_125,1477,15.54,15.794620293554562,15.963654423061913,15.625586164047212,True,True
Sensor_125,1478,15.47,15.794620293554562,15.963654423061913,15.625586164047212,True,True
Sensor_125,1479,15.47,15.794620293554562,15.963654423061913,15.625586164047212,True,True
Sensor_125,1480,15.54,15.794620293554562,15.963654423061913,15.625586164047212,True,True
Sensor_125,1481,15.51,15.794620293554562,15.963654423061913,15.625586164047212,True,True
Sensor_125,1482,15.51,15.794620293554562,15.963654423061913,15.625586164047212,True,True
Sensor_125,1483,15.58,15.794620293554562,15.963654423061913,15.625586164047212,True,True
Sensor_125,1484,15.51,15.794620293554562,15.963654423061913,15.625586164047212,True,True
Sensor_125,1485,15.56,15.794620293554562,15.963654423061913,15.625586164047212,True,True
Sensor_125,1486,15.56,15.794620293554562,15.963654423061913,15.625586164047212,True,True
Sensor_125,1487,15.56,15.794620293554562,15.963654423061913,15.625586164047212,True,True
Sensor_125,1488,15.56,15.794620293554562,15.963654423061913,15.625586164047212,True,True
Sensor_125,1489,15.56,15.794620293554562,15.963654423061913,15.625586164047212,True,True
Sensor_125,1490,15.56,15.794620293554562,15.963654423061913,15.625586164047212,True,True
Sensor_125,1491,15.56,15.794620293554562,15.963654423061913,15.625586164047212,True,True
Sensor_125,1492,15.56,15.794620293554562,15.963654423061913,15.625586164047212,True,True
Sensor_125,1493,15.47,15.794620293554562,15.963654423061913,15.625586164047212,True,True
Sensor_125,1494,15.56,15.794620293554562,15.963654423061913,15.625586164047212,True,True
Sensor_125,1495,15.73,15.794620293554562,15.963654423061913,15.625586164047212,False,True
Sensor_125,1496,15.56,15.794620293554562,15.963654423061913,15.625586164047212,True,True
Sensor_125,1497,15.56,15.794620293554562,15.963654423061913,15.625586164047212,True,True
Sensor_125,1498,15.47,15.794620293554562,15.963654423061913,15.625586164047212,True,True
Sensor_125,1502,15.54,15.794620293554562,15.963654423061913,15.625586164047212,True,False
Sensor_125,1515,15.77,15.794620293554562,15.963654423061913,15.625586164047212,False,True
Sensor_125,1516,15.77,15.794620293554562,15.963654423061913,15.625586164047212,False,True
Sensor_125,1517,15.77,15.794620293554562,15.963654423061913,15.625586164047212,False,True
Sensor_125,1518,15.77,15.794620293554562,15.963654423061913,15.625586164047212,False,True
Sensor_125,1519,15.73,15.794620293554562,15.963654423061913,15.625586164047212,False,True
Sensor_125,1520,15.77,15.794620293554562,15.963654423061913,15.625586164047212,False,True
Sensor_125,1531,15.77,15.794620293554562,15.963654423061913,15.625586164047212,False,True
Sensor_125,1532,15.76,15.794620293554562,15.963654423061913,15.625586164047212,False,True
Sensor_125,1533,15.72,15.794620293554562,15.963654423061913,15.625586164047212,False,True
Sensor_125,1534,15.72,15.794620293554562,15.963654423061913,15.625586164047212,False,True
Sensor_125,1535,15.72,15.794620293554562,15.963654423061913,15.625586164047212,False,True
Sensor_125,1536,15.72,15.794620293554562,15.963654423061913,15.625586164047212,False,True
Sensor_125,1537,15.76,15.794620293554562,15.963654423061913,15.625586164047212,False,True
Sensor_125,1538,15.72,15.794620293554562,15.963654423061913,15.625586164047212,False,True
Sensor_125,1539,15.72,15.794620293554562,15.963654423061913,15.625586164047212,False,True
Sensor_125,1540,15.72,15.794620293554562,15.963654423061913,15.625586164047212,False,True
Sensor_125,1541,15.72,15.794620293554562,15.963654423061913,15.625586164047212,False,True
Sensor_029,6,60.8,69.49909336311424,77.0985818281016,61.899604898126874,True,False
Sensor_029,8,62.8,69.49909336311424,77.0985818281016,61.899604898126874,False,True
Sensor_029,9,67.0333,69.49909336311424,77.0985818281016,61.899604898126874,False,True
Sensor_029,10,68.7111,69.49909336311424,77.0985818281016,61.899604898126874,False,True
Sensor_029,11,64.7667,69.49909336311424,77.0985818281016,61.899604898126874,False,True
Sensor_029,12,63.3778,69.49909336311424,77.0985818281016,61.899604898126874,False,True
Sensor_029,13,67.9889,69.49909336311424,77.0985818281016,61.899604898126874,False,True
Sensor_029,14,62.5,69.49909336311424,77.0985818281016,61.899604898126874,False,True
Sensor_029,15,61.2333,69.49909336311424,77.0985818281016,61.899604898126874,True,True
Sensor_029,16,63.3556,69.49909336311424,77.0985818281016,61.899604898126874,False,True
Sensor_029,17,60.2444,69.49909336311424,77.0985818281016,61.899604898126874,True,True
Sensor_029,18,66.2,69.49909336311424,77.0985818281016,61.899604898126874,False,True
Sensor_029,19,65.0778,69.49909336311424,77.0985818281016,61.899604898126874,False,True
Sensor_029,20,67.2,69.49909336311424,77.0985818281016,61.899604898126874,False,True
Sensor_029,21,65.1667,69.49909336311424,77.0985818281016,61.899604898126874,False,True
Sensor_029,22,66.3556,69.49909336311424,77.0985818281016,61.899604898126874,False,True
Sensor_029,23,62.5,69.49909336311424,77.0985818281016,61.899604898126874,False,True
Sensor_029,24,64.6778,69.49909336311424,77.0985818281016,61.899604898126874,False,True
Sensor_029,25,67.0333,69.49909336311424,77.0985818281016,61.899604898126874,False,True
Sensor_029,26,68.0333,69.49909336311424,77.0985818281016,61.899604898126874,False,True
Sensor_029,27,62.8889,69.49909336311424,77.0985818281016,61.899604898126874,False,True
Sensor_029,28,66.1667,69.49909336311424,77.0985818281016,61.899604898126874,False,True
Sensor_029,29,65.6333,69.49909336311424,77.0985818281016,61.899604898126874,False,True
Sensor_029,30,68.6444,69.49909336311424,77.0985818281016,61.899604898126874,False,True
Sensor_029,31,65.3667,69.49909336311424,77.0985818281016,61.899604898126874,False,True
Sensor_029,32,62.6667,69.49909336311424,77.0985818281016,61.899604898126874,False,True
Sensor_029,33,65.4556,69.49909336311424,77.0985818281016,61.899604898126874,False,True
Sensor_029,34,66.8889,69.49909336311424,77.0985818281016,61.899604898126874,False,True
Sensor_029,35,66.4778,69.49909336311424,77.0985818281016,61.899604898126874,False,True
Sensor_029,36,65.2667,69.49909336311424,77.0985818281016,61.899604898126874,False,True
Sensor_029,37,65.2222,69.49909336311424,77.0985818281016,61.899604898126874,False,True
Sensor_029,38,68.3222,69.49909336311424,77.0985818281016,61.899604898126874,False,True
Sensor_029,44,60.8444,69.49909336311424,77.0985818281016,61.899604898126874,True,False
Sensor_029,47,61.8667,69.49909336311424,77.0985818281016,61.899604898126874,True,False
Sensor_029,48,69.0667,69.49909336311424,77.0985818281016,61.899604898126874,False,True
Sensor_029,65,67.8444,69.49909336311424,77.0985818281016,61.899604898126874,False,True
Sensor_029,66,65.1667,69.49909336311424,77.0985818281016,61.899604898126874,False,True
Sensor_029,67,61.6222,69.49909336311424,77.0985818281016,61.899604898126874,True,True
Sensor_029,68,65.6333,69.49909336311424,77.0985818281016,61.899604898126874,False,True
Sensor_029,69,68.3444,69.49909336311424,77.0985818281016,61.899604898126874,False,True
Sensor_029,70,68.3,69.49909336311424,77.0985818281016,61.899604898126874,False,True
Sensor_029,78,60.9222,69.49909336311424,77.0985818281016,61.899604898126874,True,False
Sensor_029,80,64.0,69.49909336311424,77.0985818281016,61.899604898126874,False,True
Sensor_029,81,68.5444,69.49909336311424,77.0985818281016,61.899604898126874,False,True
Sensor_029,82,62.8333,69.49909336311424,77.0985818281016,61.899604898126874,False,True
Sensor_029,83,67.5222,69.49909336311424,77.0985818281016,61.899604898126874,False,True
Sensor_029,84,62.6556,69.49909336311424,77.0985818281016,61.899604898126874,False,True
Sensor_029,85,64.1667,69.49909336311424,77.0985818281016,61.899604898126874,False,True
Sensor_029,86,66.6889,69.49909336311424,77.0985818281016,61.899604898126874,False,True
Sensor_029,87,68.9222,69.49909336311424,77.0985818281016,61.899604898126874,False,True
Sensor_029,88,68.2222,69.49909336311424,77.0985818281016,61.899604898126874,False,True
Sensor_029,89,66.0889,69.49909336311424,77.0985818281016,61.899604898126874,False,True
Sensor_029,90,61.2556,69.49909336311424,77.0985818281016,61.899604898126874,True,True
Sensor_029,91,67.0222,69.49909336311424,77.0985818281016,61.899604898126874,False,True
Sensor_029,92,60.9111,69.49909336311424,77.0985818281016,61.899604898126874,True,True
Sensor_029,93,65.2,69.49909336311424,77.0985818281016,61.899604898126874,False,True
Sensor_029,94,64.8,69.49909336311424,77.0985818281016,61.899604898126874,False,True
Sensor_029,95,65.3,69.49909336311424,77.0985818281016,61.899604898126874,False,True
Sensor_029,96,62.7556,69.49909336311424,77.0985818281016,61.899604898126874,False,True
Sensor_029,97,67.1556,69.49909336311424,77.0985818281016,61.899604898126874,False,True
Sensor_029,98,61.7444,69.49909336311424,77.0985818281016,61.899604898126874,True,True
Sensor_029,99,60.5,69.49909336311424,77.0985818281016,61.899604898126874,True,True
Sensor_029,100,67.8111,69.49909336311424,77.0985818281016,61.899604898126874,False,True
Sensor_029,101,64.0,69.49909336311424,77.0985818281016,61.899604898126874,False,True
Sensor_029,102,66.2556,69.49909336311424,77.0985818281016,61.899604898126874,False,True
Sensor_029,103,61.7667,69.49909336311424,77.0985818281016,61.899604898126874,True,True
Sensor_029,104,65.7333,69.49909336311424,77.0985818281016,61.899604898126874,False,True
Sensor_029,105,66.9778,69.49909336311424,77.0985818281016,61.899604898126874,False,True
Sensor_029,106,61.6444,69.49909336311424,77.0985818281016,61.899604898126874,True,True
Sensor_029,107,65.4333,69.49909336311424,77.0985818281016,61.899604898126874,False,True
Sensor_029,108,62.9667,69.49909336311424,77.0985818281016,61.899604898126874,False,True
Sensor_029,109,63.6444,69.49909336311424,77.0985818281016,61.899604898126874,False,True
Sensor_029,110,68.3333,69.49909336311424,77.0985818281016,61.899604898126874,False,True
Sensor_029,111,67.4,69.49909336311424,77.0985818281016,61.899604898126874,False,True
Sensor_029,112,63.3556,69.49909336311424,77.0985818281016,61.899604898126874,False,True
Sensor_029,115,60.2667,69.49909336311424,77.0985818281016,61.899604898126874,True,False
Sensor_029,122,67.5778,69.49909336311424,77.0985818281016,61.899604898126874,False,True
Sensor_029,123,63.1444,69.49909336311424,77.0985818281016,61.899604898126874,False,True
Sensor_029,124,65.4778,69.49909336311424,77.0985818281016,61.899604898126874,False,True
Sensor_029,125,61.8778,69.49909336311424,77.0985818281016,61.899604898126874,True,True
Sensor_029,126,61.8333,69.49909336311424,77.0985818281016,61.899604898126874,True,True
Sensor_029,127,68.4333,69.49909336311424,77.0985818281016,61.899604898126874,False,True
Sensor_029,128,66.9333,69.49909336311424,77.0985818281016,61.899604898126874,False,True
Sensor_029,129,61.6778,69.49909336311424,77.0985818281016,61.899604898126874,True,True
Sensor_029,130,69.3333,69.49909336311424,77.0985818281016,61.899604898126874,False,True
Sensor_029,131,67.6333,69.49909336311424,77.0985818281016,61.899604898126874,False,True
Sensor_029,132,63.2778,69.49909336311424,77.0985818281016,61.899604898126874,False,True
Sensor_029,133,66.0556,69.49909336311424,77.0985818281016,61.899604898126874,False,True
Sensor_029,134,63.9,69.49909336311424,77.0985818281016,61.899604898126874,False,True
Sensor_029,135,63.3778,69.49909336311424,77.0985818281016,61.899604898126874,False,True
Sensor_029,136,67.6556,69.49909336311424,77.0985818281016,61.899604898126874,False,True
Sensor_029,137,63.5778,69.49909336311424,77.0985818281016,61.899604898126874,False,True
Sensor_029,138,67.3111,69.49909336311424,77.0985818281016,61.899604898126874,False,True
Sensor_029,139,63.8444,69.49909336311424,77.0985818281016,61.899604898126874,False,True
Sensor_029,140,65.9556,69.49909336311424,77.0985818281016,61.899604898126874,False,True
Sensor_029,141,65.8333,69.49909336311424,77.0985818281016,61.899604898126874,False,True
Sensor_029,142,62.9667,69.49909336311424,77.0985818281016,61.899604898126874,False,True
Sensor_029,143,64.0778,69.49909336311424,77.0985818281016,61.899604898126874,False,True
Sensor_029,144,63.4889,69.49909336311424,77.0985818281016,61.899604898126874,False,True
Sensor_029,145,62.9889,69.49909336311424,77.0985818281016,61.899604898126874,False,True
Sensor_029,146,68.0444,69.49909336311424,77.0985818281016,61.899604898126874,False,True
Sensor_029,147,63.0,69.49909336311424,77.0985818281016,61.899604898126874,False,True
Sensor_029,148,66.2222,69.49909336311424,77.0985818281016,61.899604898126874,False,True
Sensor_029,149,65.3222,69.49909336311424,77.0985818281016,61.899604898126874,False,True
Sensor_029,150,65.0444,69.49909336311424,77.0985818281016,61.899604898126874,False,True
Sensor_029,151,64.0,69.49909336311424,77.0985818281016,61.899604898126874,False,True
Sensor_029,152,66.7111,69.49909336311424,77.0985818281016,61.899604898126874,False,True
Sensor_029,153,67.9778,69.49909336311424,77.0985818281016,61.899604898126874,False,True
Sensor_029,154,65.8,69.49909336311424,77.0985818281016,61.899604898126874,False,True
Sensor_029,156,61.2222,69.49909336311424,77.0985818281016,61.899604898126874,True,False
Sensor_029,170,61.3222,69.49909336311424,77.0985818281016,61.899604898126874,True,False
Sensor_029,177,63.3111,69.49909336311424,77.0985818281016,61.899604898126874,False,True
Sensor_029,178,68.1556,69.49909336311424,77.0985818281016,61.899604898126874,False,True
Sensor_029,179,68.0444,69.49909336311424,77.0985818281016,61.899604898126874,False,True
Sensor_029,180,62.7889,69.49909336311424,77.0985818281016,61.899604898126874,False,True
Sensor_029,186,61.3333,69.49909336311424,77.0985818281016,61.899604898126874,True,False
Sensor_029,190,66.7,69.49909336311424,77.0985818281016,61.899604898126874,False,True
Sensor_029,191,67.7222,69.49909336311424,77.0985818281016,61.899604898126874,False,True
Sensor_029,192,63.7556,69.49909336311424,77.0985818281016,61.899604898126874,False,True
Sensor_029,193,67.4,69.49909336311424,77.0985818281016,61.899604898126874,False,True
Sensor_029,194,64.7333,69.49909336311424,77.0985818281016,61.899604898126874,False,True
Sensor_029,195,66.5444,69.49909336311424,77.0985818281016,61.899604898126874,False,True
Sensor_029,196,64.7889,69.49909336311424,77.0985818281016,61.899604898126874,False,True
Sensor_029,197,64.9,69.49909336311424,77.0985818281016,61.899604898126874,False,True
Sensor_029,198,65.4444,69.49909336311424,77.0985818281016,61.899604898126874,False,True
Sensor_029,199,62.8778,69.49909336311424,77.0985818281016,61.899604898126874,False,True
Sensor_029,200,67.7333,69.49909336311424,77.0985818281016,61.899604898126874,False,True
Sensor_029,201,63.9889,69.49909336311424,77.0985818281016,61.899604898126874,False,True
Sensor_029,202,62.6778,69.49909336311424,77.0985818281016,61.899604898126874,False,True
Sensor_029,223,61.7222,69.49909336311424,77.0985818281016,61.899604898126874,True,False
Sensor_029,231,61.5778,69.49909336311424,77.0985818281016,61.899604898126874,True,False
Sensor_029,235,62.9889,69.49909336311424,77.0985818281016,61.899604898126874,False,True
Sensor_029,236,67.2222,69.49909336311424,77.0985818281016,61.899604898126874,False,True
Sensor_029,237,65.8222,69.49909336311424,77.0985818281016,61.899604898126874,False,True
Sensor_029,238,66.8556,69.49909336311424,77.0985818281016,61.899604898126874,False,True
Sensor_029,239,63.4889,69.49909336311424,77.0985818281016,61.899604898126874,False,True
Sensor_029,240,67.7111,69.49909336311424,77.0985818281016,61.899604898126874,False,True
Sensor_029,241,65.6778,69.49909336311424,77.0985818281016,61.899604898126874,False,True
Sensor_029,242,68.8222,69.49909336311424,77.0985818281016,61.899604898126874,False,True
Sensor_029,243,69.4333,69.49909336311424,77.0985818281016,61.899604898126874,False,True
Sensor_029,244,67.9,69.49909336311424,77.0985818281016,61.899604898126874,False,True
Sensor_029,250,61.0667,69.49909336311424,77.0985818281016,61.899604898126874,True,False
Sensor_029,274,67.4222,69.49909336311424,77.0985818281016,61.899604898126874,False,True
Sensor_029,275,68.0444,69.49909336311424,77.0985818281016,61.899604898126874,False,True
Sensor_029,285,63.9111,69.49909336311424,77.0985818281016,61.899604898126874,False,True
Sensor_029,286,63.3444,69.49909336311424,77.0985818281016,61.899604898126874,False,True
Sensor_029,287,65.2556,69.49909336311424,77.0985818281016,61.899604898126874,False,True
Sensor_029,297,59.9889,69.49909336311424,77.0985818281016,61.899604898126874,True,False
Sensor_029,356,60.1111,69.49909336311424,77.0985818281016,61.899604898126874,True,False
Sensor_029,357,59.8889,69.49909336311424,77.0985818281016,61.899604898126874,True,False
Sensor_029,371,65.4889,69.49909336311424,77.0985818281016,61.899604898126874,False,True
Sensor_029,372,67.4111,69.49909336311424,77.0985818281016,61.899604898126874,False,True
Sensor_029,403,67.1889,69.49909336311424,77.0985818281016,61.899604898126874,False,True
Sensor_029,404,67.7667,69.49909336311424,77.0985818281016,61.899604898126874,False,True
Sensor_029,405,60.0667,69.49909336311424,77.0985818281016,61.899604898126874,True,True
Sensor_029,406,67.4889,69.49909336311424,77.0985818281016,61.899604898126874,False,True
Sensor_029,407,67.0889,69.49909336311424,77.0985818281016,61.899604898126874,False,True
Sensor_029,408,67.8889,69.49909336311424,77.0985818281016,61.899604898126874,False,True
Sensor_029,409,68.9444,69.49909336311424,77.0985818281016,61.899604898126874,False,True
Sensor_029,410,65.5778,69.49909336311424,77.0985818281016,61.899604898126874,False,True
Sensor_029,411,68.6111,69.49909336311424,77.0985818281016,61.899604898126874,False,True
Sensor_029,412,67.3667,69.49909336311424,77.0985818281016,61.899604898126874,False,True
Sensor_029,413,67.2444,69.49909336311424,77.0985818281016,61.899604898126874,False,True
Sensor_029,414,68.3889,69.49909336311424,77.0985818281016,61.899604898126874,False,True
Sensor_029,415,68.1778,69.49909336311424,77.0985818281016,61.899604898126874,False,True
Sensor_029,416,59.4,69.49909336311424,77.0985818281016,61.899604898126874,True,True
Sensor_029,417,66.3,69.49909336311424,77.0985818281016,61.899604898126874,False,True
Sensor_029,418,67.2778,69.49909336311424,77.0985818281016,61.899604898126874,False,True
Sensor_029,436,59.9778,69.49909336311424,77.0985818281016,61.899604898126874,True,False
Sensor_029,464,69.1889,69.49909336311424,77.0985818281016,61.899604898126874,False,True
Sensor_029,465,66.9333,69.49909336311424,77.0985818281016,61.899604898126874,False,True
Sensor_029,491,69.0222,69.49909336311424,77.0985818281016,61.899604898126874,False,True
Sensor_029,492,68.1222,69.49909336311424,77.0985818281016,61.899604898126874,False,True
Sensor_029,493,68.4667,69.49909336311424,77.0985818281016,61.899604898126874,False,True
Sensor_029,556,65.2,69.49909336311424,77.0985818281016,61.899604898126874,False,True
Sensor_029,557,68.6,69.49909336311424,77.0985818281016,61.899604898126874,False,True
Sensor_029,558,66.0,69.49909336311424,77.0985818281016,61.899604898126874,False,True
Sensor_029,559,68.8,69.49909336311424,77.0985818281016,61.899604898126874,False,True
Sensor_029,560,68.6333,69.49909336311424,77.0985818281016,61.899604898126874,False,True
Sensor_029,642,66.2778,69.49909336311424,77.0985818281016,61.899604898126874,False,True
Sensor_029,643,66.7556,69.49909336311424,77.0985818281016,61.899604898126874,False,True
Sensor_029,644,64.1,69.49909336311424,77.0985818281016,61.899604898126874,False,True
Sensor_029,645,68.4111,69.49909336311424,77.0985818281016,61.899604898126874,False,True
Sensor_029,646,68.5444,69.49909336311424,77.0985818281016,61.899604898126874,False,True
Sensor_029,656,68.0333,69.49909336311424,77.0985818281016,61.899604898126874,False,True
Sensor_029,657,68.1333,69.49909336311424,77.0985818281016,61.899604898126874,False,True
Sensor_029,700,59.9667,69.49909336311424,77.0985818281016,61.899604898126874,True,False
Sensor_029,778,72.6778,69.49909336311424,77.0985818281016,61.899604898126874,False,True
Sensor_029,779,72.7444,69.49909336311424,77.0985818281016,61.899604898126874,False,True
Sensor_029,780,75.2444,69.49909336311424,77.0985818281016,61.899604898126874,False,True
Sensor_029,781,72.6222,69.49909336311424,77.0985818281016,61.899604898126874,False,True
Sensor_029,782,76.3556,69.49909336311424,77.0985818281016,61.899604898126874,False,True
Sensor_029,783,75.2667,69.49909336311424,77.0985818281016,61.899604898126874,False,True
Sensor_029,784,72.0778,69.49909336311424,77.0985818281016,61.899604898126874,False,True
Sensor_029,785,72.3,69.49909336311424,77.0985818281016,61.899604898126874,False,True
Sensor_029,786,73.6889,69.49909336311424,77.0985818281016,61.899604898126874,False,True
Sensor_029,814,71.8556,69.49909336311424,77.0985818281016,61.899604898126874,False,True
Sensor_029,815,73.7222,69.49909336311424,77.0985818281016,61.899604898126874,False,True
Sensor_029,816,74.0111,69.49909336311424,77.0985818281016,61.899604898126874,False,True
Sensor_029,817,75.6222,69.49909336311424,77.0985818281016,61.899604898126874,False,True
Sensor_029,818,73.0556,69.49909336311424,77.0985818281016,61.899604898126874,False,True
Sensor_029,819,71.4667,69.49909336311424,77.0985818281016,61.899604898126874,False,True
Sensor_029,820,74.4778,69.49909336311424,77.0985818281016,61.899604898126874,False,True
Sensor_029,821,73.5667,69.49909336311424,77.0985818281016,61.899604898126874,False,True
Sensor_029,822,70.4778,69.49909336311424,77.0985818281016,61.899604898126874,False,True
Sensor_029,823,74.8556,69.49909336311424,77.0985818281016,61.899604898126874,False,True
Sensor_029,824,74.5778,69.49909336311424,77.0985818281016,61.899604898126874,False,True
Sensor_029,825,70.1556,69.49909336311424,77.0985818281016,61.899604898126874,False,True
Sensor_029,851,74.8667,69.49909336311424,77.0985818281016,61.899604898126874,False,True
Sensor_029,852,72.6333,69.49909336311424,77.0985818281016,61.899604898126874,False,True
Sensor_029,902,73.3778,69.49909336311424,77.0985818281016,61.899604898126874,False,True
Sensor_029,903,70.3111,69.49909336311424,77.0985818281016,61.899604898126874,False,True
Sensor_029,1008,61.2111,69.49909336311424,77.0985818281016,61.899604898126874,True,False
Sensor_029,1063,73.9778,69.49909336311424,77.0985818281016,61.899604898126874,False,True
Sensor_029,1064,74.0556,69.49909336311424,77.0985818281016,61.899604898126874,False,True
Sensor_029,1198,77.3444,69.49909336311424,77.0985818281016,61.899604898126874,True,False
Sensor_029,1329,70.0778,69.49909336311424,77.0985818281016,61.899604898126874,False,True
Sensor_029,1330,70.3556,69.49909336311424,77.0985818281016,61.899604898126874,False,True
Sensor_029,1340,74.6,69.49909336311424,77.0985818281016,61.899604898126874,False,True
Sensor_029,1372,77.9,69.49909336311424,77.0985818281016,61.899604898126874,True,False
Sensor_029,1395,77.2222,69.49909336311424,77.0985818281016,61.899604898126874,True,False
Sensor_029,1399,77.1222,69.49909336311424,77.0985818281016,61.899604898126874,True,False
Sensor_029,1413,77.1222,69.49909336311424,77.0985818281016,61.899604898126874,True,True
Sensor_029,1414,77.0556,69.49909336311424,77.0985818281016,61.899604898126874,False,True
Sensor_029,1415,72.2333,69.49909336311424,77.0985818281016,61.899604898126874,False,True
Sensor_029,1416,73.8556,69.49909336311424,77.0985818281016,61.899604898126874,False,True
Sensor_029,1480,72.7444,69.49909336311424,77.0985818281016,61.899604898126874,False,True
Sensor_029,1490,73.6333,69.49909336311424,77.0985818281016,61.899604898126874,False,True
Sensor_029,1491,72.0778,69.49909336311424,77.0985818281016,61.899604898126874,False,True
Sensor_029,1492,72.5667,69.49909336311424,77.0985818281016,61.899604898126874,False,True
Sensor_029,1502,74.5889,69.49909336311424,77.0985818281016,61.899604898126874,False,True
Sensor_029,1503,74.1444,69.49909336311424,77.0985818281016,61.899604898126874,False,True
Sensor_029,1504,73.5667,69.49909336311424,77.0985818281016,61.899604898126874,False,True
Sensor_029,1505,75.0333,69.49909336311424,77.0985818281016,61.899604898126874,False,True
Sensor_029,1506,73.0,69.49909336311424,77.0985818281016,61.899604898126874,False,True
Sensor_029,1507,72.3,69.49909336311424,77.0985818281016,61.899604898126874,False,True
Sensor_029,1508,73.4556,69.49909336311424,77.0985818281016,61.899604898126874,False,True
Sensor_029,1509,72.0,69.49909336311424,77.0985818281016,61.899604898126874,False,True
Sensor_029,1510,70.5111,69.49909336311424,77.0985818281016,61.899604898126874,False,True
Sensor_029,1511,71.9333,69.49909336311424,77.0985818281016,61.899604898126874,False,True
Sensor_029,1512,72.7556,69.49909336311424,77.0985818281016,61.899604898126874,False,True
Sensor_029,1513,71.1444,69.49909336311424,77.0985818281016,61.899604898126874,False,True
Sensor_029,1514,70.8778,69.49909336311424,77.0985818281016,61.899604898126874,False,True
Sensor_029,1515,74.5778,69.49909336311424,77.0985818281016,61.899604898126874,False,True
Sensor_029,1516,73.6556,69.49909336311424,77.0985818281016,61.899604898126874,False,True
Sensor_029,1517,72.2333,69.49909336311424,77.0985818281016,61.899604898126874,False,True
Sensor_029,1527,74.3667,69.49909336311424,77.0985818281016,61.899604898126874,False,True
Sensor_029,1528,72.4889,69.49909336311424,77.0985818281016,61.899604898126874,False,True
Sensor_029,1529,75.5778,69.49909336311424,77.0985818281016,61.899604898126874,False,True
Sensor_029,1530,72.2778,69.49909336311424,77.0985818281016,61.899604898126874,False,True
Sensor_029,1531,72.2667,69.49909336311424,77.0985818281016,61.899604898126874,False,True
Sensor_029,1541,73.2556,69.49909336311424,77.0985818281016,61.899604898126874,False,True
Sensor_029,1542,69.8111,69.49909336311424,77.0985818281016,61.899604898126874,False,True
Sensor_029,1543,70.2444,69.49909336311424,77.0985818281016,61.899604898126874,False,True
Sensor_029,1544,70.8333,69.49909336311424,77.0985818281016,61.899604898126874,False,True
Sensor_029,1545,72.8556,69.49909336311424,77.0985818281016,61.899604898126874,False,True
Sensor_029,1546,71.0444,69.49909336311424,77.0985818281016,61.899604898126874,False,True
Sensor_029,1547,72.6,69.49909336311424,77.0985818281016,61.899604898126874,False,True
Sensor_029,1548,72.3444,69.49909336311424,77.0985818281016,61.899604898126874,False,True
Sensor_029,1549,73.2333,69.49909336311424,77.0985818281016,61.899604898126874,False,True
Sensor_029,1550,72.3333,69.49909336311424,77.0985818281016,61.899604898126874,False,True
Sensor_029,1551,73.1444,69.49909336311424,77.0985818281016,61.899604898126874,False,True
Sensor_029,1552,69.5,69.49909336311424,77.0985818281016,61.899604898126874,False,True
Sensor_029,1553,69.5889,69.49909336311424,77.0985818281016,61.899604898126874,False,True
Sensor_029,1554,72.4889,69.49909336311424,77.0985818281016,61.899604898126874,False,True
Sensor_029,1555,73.2222,69.49909336311424,77.0985818281016,61.899604898126874,False,True
Sensor_029,1556,71.9111,69.49909336311424,77.0985818281016,61.899604898126874,False,True
Sensor_029,1557,71.4222,69.49909336311424,77.0985818281016,61.899604898126874,False,True
Sensor_029,1558,72.3778,69.49909336311424,77.0985818281016,61.899604898126874,False,True
Sensor_029,1559,73.0222,69.49909336311424,77.0985818281016,61.899604898126874,False,True
